ISO-10303-21;
HEADER;
FILE_DESCRIPTION(('FreeCAD Model'),'2;1');
FILE_NAME(
'E:/3Dmodels/08_2020/TE Connectivity 1461492-2/final/TE Connectivity 
1461492-2_.step','2020-08-04T23:27:57',('Author'),(''),
  'Open CASCADE STEP processor 7.2','FreeCAD','Unknown');
FILE_SCHEMA(('AUTOMOTIVE_DESIGN { 1 0 10303 214 1 1 1 1 }'));
ENDSEC;
DATA;
#1 = APPLICATION_PROTOCOL_DEFINITION('international standard',
  'automotive_design',2000,#2);
#2 = APPLICATION_CONTEXT(
  'core data for automotive mechanical design processes');
#3 = SHAPE_DEFINITION_REPRESENTATION(#4,#10);
#4 = PRODUCT_DEFINITION_SHAPE('','',#5);
#5 = PRODUCT_DEFINITION('design','',#6,#9);
#6 = PRODUCT_DEFINITION_FORMATION('','',#7);
#7 = PRODUCT('Solid012','Solid012','',(#8));
#8 = PRODUCT_CONTEXT('',#2,'mechanical');
#9 = PRODUCT_DEFINITION_CONTEXT('part definition',#2,'design');
#10 = ADVANCED_BREP_SHAPE_REPRESENTATION('',(#11,#15),#153);
#11 = AXIS2_PLACEMENT_3D('',#12,#13,#14);
#12 = CARTESIAN_POINT('',(0.E+000,0.E+000,0.E+000));
#13 = DIRECTION('',(0.E+000,0.E+000,1.));
#14 = DIRECTION('',(1.,0.E+000,-0.E+000));
#15 = MANIFOLD_SOLID_BREP('',#16);
#16 = CLOSED_SHELL('',(#17,#53,#81,#103,#125,#141));
#17 = ADVANCED_FACE('',(#18),#48,.T.);
#18 = FACE_BOUND('',#19,.T.);
#19 = EDGE_LOOP('',(#20,#29,#36,#43));
#20 = ORIENTED_EDGE('',*,*,#21,.T.);
#21 = EDGE_CURVE('',#22,#24,#26,.T.);
#22 = VERTEX_POINT('',#23);
#23 = CARTESIAN_POINT('',(4.7,3.3,-9.785122397427E-003));
#24 = VERTEX_POINT('',#25);
#25 = CARTESIAN_POINT('',(5.,3.3,-9.785122397427E-003));
#26 = B_SPLINE_CURVE_WITH_KNOTS('',1,(#27,#28),.UNSPECIFIED.,.F.,.F.,(2,
    2),(0.E+000,0.3),.PIECEWISE_BEZIER_KNOTS.);
#27 = CARTESIAN_POINT('',(4.7,3.3,-9.785122397427E-003));
#28 = CARTESIAN_POINT('',(5.,3.3,-9.785122397427E-003));
#29 = ORIENTED_EDGE('',*,*,#30,.T.);
#30 = EDGE_CURVE('',#24,#31,#33,.T.);
#31 = VERTEX_POINT('',#32);
#32 = CARTESIAN_POINT('',(5.,3.3,4.225080277603));
#33 = B_SPLINE_CURVE_WITH_KNOTS('',1,(#34,#35),.UNSPECIFIED.,.F.,.F.,(2,
    2),(0.E+000,4.1),.PIECEWISE_BEZIER_KNOTS.);
#34 = CARTESIAN_POINT('',(5.,3.3,-9.785122397427E-003));
#35 = CARTESIAN_POINT('',(5.,3.3,4.225080277603));
#36 = ORIENTED_EDGE('',*,*,#37,.F.);
#37 = EDGE_CURVE('',#38,#31,#40,.T.);
#38 = VERTEX_POINT('',#39);
#39 = CARTESIAN_POINT('',(4.7,3.3,4.225080277603));
#40 = B_SPLINE_CURVE_WITH_KNOTS('',1,(#41,#42),.UNSPECIFIED.,.F.,.F.,(2,
    2),(0.E+000,0.3),.PIECEWISE_BEZIER_KNOTS.);
#41 = CARTESIAN_POINT('',(4.7,3.3,4.225080277603));
#42 = CARTESIAN_POINT('',(5.,3.3,4.225080277603));
#43 = ORIENTED_EDGE('',*,*,#44,.F.);
#44 = EDGE_CURVE('',#22,#38,#45,.T.);
#45 = B_SPLINE_CURVE_WITH_KNOTS('',1,(#46,#47),.UNSPECIFIED.,.F.,.F.,(2,
    2),(0.E+000,4.1),.PIECEWISE_BEZIER_KNOTS.);
#46 = CARTESIAN_POINT('',(4.7,3.3,-9.785122397427E-003));
#47 = CARTESIAN_POINT('',(4.7,3.3,4.225080277603));
#48 = B_SPLINE_SURFACE_WITH_KNOTS('',1,1,(
    (#49,#50)
    ,(#51,#52
    )),.UNSPECIFIED.,.F.,.F.,.F.,(2,2),(2,2),(0.E+000,0.3),(0.E+000,4.1)
  ,.PIECEWISE_BEZIER_KNOTS.);
#49 = CARTESIAN_POINT('',(4.7,3.3,-9.785122397427E-003));
#50 = CARTESIAN_POINT('',(4.7,3.3,4.225080277603));
#51 = CARTESIAN_POINT('',(5.,3.3,-9.785122397427E-003));
#52 = CARTESIAN_POINT('',(5.,3.3,4.225080277603));
#53 = ADVANCED_FACE('',(#54),#76,.F.);
#54 = FACE_BOUND('',#55,.F.);
#55 = EDGE_LOOP('',(#56,#63,#64,#71));
#56 = ORIENTED_EDGE('',*,*,#57,.T.);
#57 = EDGE_CURVE('',#58,#22,#60,.T.);
#58 = VERTEX_POINT('',#59);
#59 = CARTESIAN_POINT('',(4.7,4.3,-9.785122397427E-003));
#60 = B_SPLINE_CURVE_WITH_KNOTS('',1,(#61,#62),.UNSPECIFIED.,.F.,.F.,(2,
    2),(0.E+000,1.),.PIECEWISE_BEZIER_KNOTS.);
#61 = CARTESIAN_POINT('',(4.7,4.3,-9.785122397427E-003));
#62 = CARTESIAN_POINT('',(4.7,3.3,-9.785122397427E-003));
#63 = ORIENTED_EDGE('',*,*,#21,.T.);
#64 = ORIENTED_EDGE('',*,*,#65,.T.);
#65 = EDGE_CURVE('',#24,#66,#68,.T.);
#66 = VERTEX_POINT('',#67);
#67 = CARTESIAN_POINT('',(5.,4.3,-9.785122397427E-003));
#68 = B_SPLINE_CURVE_WITH_KNOTS('',1,(#69,#70),.UNSPECIFIED.,.F.,.F.,(2,
    2),(0.E+000,1.),.PIECEWISE_BEZIER_KNOTS.);
#69 = CARTESIAN_POINT('',(5.,3.3,-9.785122397427E-003));
#70 = CARTESIAN_POINT('',(5.,4.3,-9.785122397427E-003));
#71 = ORIENTED_EDGE('',*,*,#72,.T.);
#72 = EDGE_CURVE('',#66,#58,#73,.T.);
#73 = B_SPLINE_CURVE_WITH_KNOTS('',1,(#74,#75),.UNSPECIFIED.,.F.,.F.,(2,
    2),(0.E+000,0.3),.PIECEWISE_BEZIER_KNOTS.);
#74 = CARTESIAN_POINT('',(5.,4.3,-9.785122397427E-003));
#75 = CARTESIAN_POINT('',(4.7,4.3,-9.785122397427E-003));
#76 = PLANE('',#77);
#77 = AXIS2_PLACEMENT_3D('',#78,#79,#80);
#78 = CARTESIAN_POINT('',(-2.696994046005E-003,0.225738902478,
    -9.785122397427E-003));
#79 = DIRECTION('',(0.E+000,0.E+000,1.));
#80 = DIRECTION('',(-1.078259151718E-003,0.999999418678,0.E+000));
#81 = ADVANCED_FACE('',(#82),#98,.T.);
#82 = FACE_BOUND('',#83,.T.);
#83 = EDGE_LOOP('',(#84,#85,#86,#93));
#84 = ORIENTED_EDGE('',*,*,#57,.T.);
#85 = ORIENTED_EDGE('',*,*,#44,.T.);
#86 = ORIENTED_EDGE('',*,*,#87,.F.);
#87 = EDGE_CURVE('',#88,#38,#90,.T.);
#88 = VERTEX_POINT('',#89);
#89 = CARTESIAN_POINT('',(4.7,4.3,4.225080277603));
#90 = B_SPLINE_CURVE_WITH_KNOTS('',1,(#91,#92),.UNSPECIFIED.,.F.,.F.,(2,
    2),(0.E+000,1.),.PIECEWISE_BEZIER_KNOTS.);
#91 = CARTESIAN_POINT('',(4.7,4.3,4.225080277603));
#92 = CARTESIAN_POINT('',(4.7,3.3,4.225080277603));
#93 = ORIENTED_EDGE('',*,*,#94,.F.);
#94 = EDGE_CURVE('',#58,#88,#95,.T.);
#95 = B_SPLINE_CURVE_WITH_KNOTS('',1,(#96,#97),.UNSPECIFIED.,.F.,.F.,(2,
    2),(0.E+000,4.1),.PIECEWISE_BEZIER_KNOTS.);
#96 = CARTESIAN_POINT('',(4.7,4.3,-9.785122397427E-003));
#97 = CARTESIAN_POINT('',(4.7,4.3,4.225080277603));
#98 = B_SPLINE_SURFACE_WITH_KNOTS('',1,1,(
    (#99,#100)
    ,(#101,#102
    )),.UNSPECIFIED.,.F.,.F.,.F.,(2,2),(2,2),(0.E+000,1.),(0.E+000,4.1),
  .PIECEWISE_BEZIER_KNOTS.);
#99 = CARTESIAN_POINT('',(4.7,4.3,-9.785122397427E-003));
#100 = CARTESIAN_POINT('',(4.7,4.3,4.225080277603));
#101 = CARTESIAN_POINT('',(4.7,3.3,-9.785122397427E-003));
#102 = CARTESIAN_POINT('',(4.7,3.3,4.225080277603));
#103 = ADVANCED_FACE('',(#104),#120,.T.);
#104 = FACE_BOUND('',#105,.T.);
#105 = EDGE_LOOP('',(#106,#107,#114,#119));
#106 = ORIENTED_EDGE('',*,*,#65,.T.);
#107 = ORIENTED_EDGE('',*,*,#108,.T.);
#108 = EDGE_CURVE('',#66,#109,#111,.T.);
#109 = VERTEX_POINT('',#110);
#110 = CARTESIAN_POINT('',(5.,4.3,4.225080277603));
#111 = B_SPLINE_CURVE_WITH_KNOTS('',1,(#112,#113),.UNSPECIFIED.,.F.,.F.,
  (2,2),(0.E+000,4.1),.PIECEWISE_BEZIER_KNOTS.);
#112 = CARTESIAN_POINT('',(5.,4.3,-9.785122397427E-003));
#113 = CARTESIAN_POINT('',(5.,4.3,4.225080277603));
#114 = ORIENTED_EDGE('',*,*,#115,.F.);
#115 = EDGE_CURVE('',#31,#109,#116,.T.);
#116 = B_SPLINE_CURVE_WITH_KNOTS('',1,(#117,#118),.UNSPECIFIED.,.F.,.F.,
  (2,2),(0.E+000,1.),.PIECEWISE_BEZIER_KNOTS.);
#117 = CARTESIAN_POINT('',(5.,3.3,4.225080277603));
#118 = CARTESIAN_POINT('',(5.,4.3,4.225080277603));
#119 = ORIENTED_EDGE('',*,*,#30,.F.);
#120 = B_SPLINE_SURFACE_WITH_KNOTS('',1,1,(
    (#121,#122)
    ,(#123,#124
    )),.UNSPECIFIED.,.F.,.F.,.F.,(2,2),(2,2),(0.E+000,1.),(0.E+000,4.1),
  .PIECEWISE_BEZIER_KNOTS.);
#121 = CARTESIAN_POINT('',(5.,3.3,-9.785122397427E-003));
#122 = CARTESIAN_POINT('',(5.,3.3,4.225080277603));
#123 = CARTESIAN_POINT('',(5.,4.3,-9.785122397427E-003));
#124 = CARTESIAN_POINT('',(5.,4.3,4.225080277603));
#125 = ADVANCED_FACE('',(#126),#136,.T.);
#126 = FACE_BOUND('',#127,.F.);
#127 = EDGE_LOOP('',(#128,#129,#130,#135));
#128 = ORIENTED_EDGE('',*,*,#37,.F.);
#129 = ORIENTED_EDGE('',*,*,#87,.F.);
#130 = ORIENTED_EDGE('',*,*,#131,.F.);
#131 = EDGE_CURVE('',#109,#88,#132,.T.);
#132 = B_SPLINE_CURVE_WITH_KNOTS('',1,(#133,#134),.UNSPECIFIED.,.F.,.F.,
  (2,2),(0.E+000,0.3),.PIECEWISE_BEZIER_KNOTS.);
#133 = CARTESIAN_POINT('',(5.,4.3,4.225080277603));
#134 = CARTESIAN_POINT('',(4.7,4.3,4.225080277603));
#135 = ORIENTED_EDGE('',*,*,#115,.F.);
#136 = B_SPLINE_SURFACE_WITH_KNOTS('',1,1,(
    (#137,#138)
    ,(#139,#140
    )),.UNSPECIFIED.,.F.,.F.,.F.,(2,2),(2,2),(4.7,5.),(3.075,4.075),
  .PIECEWISE_BEZIER_KNOTS.);
#137 = CARTESIAN_POINT('',(4.7,3.3,4.225080277603));
#138 = CARTESIAN_POINT('',(4.7,4.3,4.225080277603));
#139 = CARTESIAN_POINT('',(5.,3.3,4.225080277603));
#140 = CARTESIAN_POINT('',(5.,4.3,4.225080277603));
#141 = ADVANCED_FACE('',(#142),#148,.T.);
#142 = FACE_BOUND('',#143,.T.);
#143 = EDGE_LOOP('',(#144,#145,#146,#147));
#144 = ORIENTED_EDGE('',*,*,#72,.T.);
#145 = ORIENTED_EDGE('',*,*,#94,.T.);
#146 = ORIENTED_EDGE('',*,*,#131,.F.);
#147 = ORIENTED_EDGE('',*,*,#108,.F.);
#148 = B_SPLINE_SURFACE_WITH_KNOTS('',1,1,(
    (#149,#150)
    ,(#151,#152
    )),.UNSPECIFIED.,.F.,.F.,.F.,(2,2),(2,2),(0.E+000,0.3),(0.E+000,4.1)
  ,.PIECEWISE_BEZIER_KNOTS.);
#149 = CARTESIAN_POINT('',(5.,4.3,-9.785122397427E-003));
#150 = CARTESIAN_POINT('',(5.,4.3,4.225080277603));
#151 = CARTESIAN_POINT('',(4.7,4.3,-9.785122397427E-003));
#152 = CARTESIAN_POINT('',(4.7,4.3,4.225080277603));
#153 = ( GEOMETRIC_REPRESENTATION_CONTEXT(3) 
GLOBAL_UNCERTAINTY_ASSIGNED_CONTEXT((#157)) GLOBAL_UNIT_ASSIGNED_CONTEXT
((#154,#155,#156)) REPRESENTATION_CONTEXT('Context #1',
  '3D Context with UNIT and UNCERTAINTY') );
#154 = ( LENGTH_UNIT() NAMED_UNIT(*) SI_UNIT(.MILLI.,.METRE.) );
#155 = ( NAMED_UNIT(*) PLANE_ANGLE_UNIT() SI_UNIT($,.RADIAN.) );
#156 = ( NAMED_UNIT(*) SI_UNIT($,.STERADIAN.) SOLID_ANGLE_UNIT() );
#157 = UNCERTAINTY_MEASURE_WITH_UNIT(LENGTH_MEASURE(2.E-006),#154,
  'distance_accuracy_value','confusion accuracy');
#158 = PRODUCT_RELATED_PRODUCT_CATEGORY('part',$,(#7));
#159 = SHAPE_DEFINITION_REPRESENTATION(#160,#166);
#160 = PRODUCT_DEFINITION_SHAPE('','',#161);
#161 = PRODUCT_DEFINITION('design','',#162,#165);
#162 = PRODUCT_DEFINITION_FORMATION('','',#163);
#163 = PRODUCT('logo','logo','',(#164));
#164 = PRODUCT_CONTEXT('',#2,'mechanical');
#165 = PRODUCT_DEFINITION_CONTEXT('part definition',#2,'design');
#166 = SHAPE_REPRESENTATION('',(#11,#167,#605,#1131,#1873,#2361,#3095,
    #3837,#4065,#4203,#4341,#4479,#4767,#5073,#5303,#5533,#5913,#6475,
    #7013),#7605);
#167 = MANIFOLD_SOLID_BREP('',#168);
#168 = CLOSED_SHELL('',(#169,#205,#233,#261,#289,#317,#345,#373,#401,
    #429,#457,#485,#513,#541,#561,#583));
#169 = ADVANCED_FACE('',(#170),#200,.F.);
#170 = FACE_BOUND('',#171,.F.);
#171 = EDGE_LOOP('',(#172,#181,#188,#195));
#172 = ORIENTED_EDGE('',*,*,#173,.T.);
#173 = EDGE_CURVE('',#174,#176,#178,.T.);
#174 = VERTEX_POINT('',#175);
#175 = CARTESIAN_POINT('',(-2.900203786847,5.099999367,-13.31852788267)
  );
#176 = VERTEX_POINT('',#177);
#177 = CARTESIAN_POINT('',(-2.900203786847,5.102999367,-13.31852788267)
  );
#178 = B_SPLINE_CURVE_WITH_KNOTS('',1,(#179,#180),.UNSPECIFIED.,.F.,.F.,
  (2,2),(0.E+000,3.E-003),.PIECEWISE_BEZIER_KNOTS.);
#179 = CARTESIAN_POINT('',(-2.900203786847,5.099999367,-13.31852788267)
  );
#180 = CARTESIAN_POINT('',(-2.900203786847,5.102999367,-13.31852788267)
  );
#181 = ORIENTED_EDGE('',*,*,#182,.T.);
#182 = EDGE_CURVE('',#176,#183,#185,.T.);
#183 = VERTEX_POINT('',#184);
#184 = CARTESIAN_POINT('',(-3.284136581202,5.102999367,-11.88505080614)
  );
#185 = B_SPLINE_CURVE_WITH_KNOTS('',1,(#186,#187),.UNSPECIFIED.,.F.,.F.,
  (2,2),(0.E+000,28.989480958617),.PIECEWISE_BEZIER_KNOTS.);
#186 = CARTESIAN_POINT('',(-2.900203786847,5.102999367,-13.31852788267)
  );
#187 = CARTESIAN_POINT('',(-3.284136581202,5.102999367,-11.88505080614)
  );
#188 = ORIENTED_EDGE('',*,*,#189,.F.);
#189 = EDGE_CURVE('',#190,#183,#192,.T.);
#190 = VERTEX_POINT('',#191);
#191 = CARTESIAN_POINT('',(-3.284136581202,5.099999367,-11.88505080614)
  );
#192 = B_SPLINE_CURVE_WITH_KNOTS('',1,(#193,#194),.UNSPECIFIED.,.F.,.F.,
  (2,2),(0.E+000,3.E-003),.PIECEWISE_BEZIER_KNOTS.);
#193 = CARTESIAN_POINT('',(-3.284136581202,5.099999367,-11.88505080614)
  );
#194 = CARTESIAN_POINT('',(-3.284136581202,5.102999367,-11.88505080614)
  );
#195 = ORIENTED_EDGE('',*,*,#196,.F.);
#196 = EDGE_CURVE('',#174,#190,#197,.T.);
#197 = B_SPLINE_CURVE_WITH_KNOTS('',1,(#198,#199),.UNSPECIFIED.,.F.,.F.,
  (2,2),(0.E+000,28.989480958617),.PIECEWISE_BEZIER_KNOTS.);
#198 = CARTESIAN_POINT('',(-2.900203786847,5.099999367,-13.31852788267)
  );
#199 = CARTESIAN_POINT('',(-3.284136581202,5.099999367,-11.88505080614)
  );
#200 = B_SPLINE_SURFACE_WITH_KNOTS('',1,1,(
    (#201,#202)
    ,(#203,#204
    )),.UNSPECIFIED.,.F.,.F.,.F.,(2,2),(2,2),(0.E+000,28.989480958617),(
    -3.E-003,0.E+000),.PIECEWISE_BEZIER_KNOTS.);
#201 = CARTESIAN_POINT('',(-2.900203786847,5.102999367,-13.31852788267)
  );
#202 = CARTESIAN_POINT('',(-2.900203786847,5.099999367,-13.31852788267)
  );
#203 = CARTESIAN_POINT('',(-3.284136581202,5.102999367,-11.88505080614)
  );
#204 = CARTESIAN_POINT('',(-3.284136581202,5.099999367,-11.88505080614)
  );
#205 = ADVANCED_FACE('',(#206),#228,.F.);
#206 = FACE_BOUND('',#207,.F.);
#207 = EDGE_LOOP('',(#208,#209,#216,#223));
#208 = ORIENTED_EDGE('',*,*,#189,.T.);
#209 = ORIENTED_EDGE('',*,*,#210,.T.);
#210 = EDGE_CURVE('',#183,#211,#213,.T.);
#211 = VERTEX_POINT('',#212);
#212 = CARTESIAN_POINT('',(-2.132338198138,5.102999367,-11.88505080614)
  );
#213 = B_SPLINE_CURVE_WITH_KNOTS('',1,(#214,#215),.UNSPECIFIED.,.F.,.F.,
  (2,2),(0.E+000,22.5),.PIECEWISE_BEZIER_KNOTS.);
#214 = CARTESIAN_POINT('',(-3.284136581202,5.102999367,-11.88505080614)
  );
#215 = CARTESIAN_POINT('',(-2.132338198138,5.102999367,-11.88505080614)
  );
#216 = ORIENTED_EDGE('',*,*,#217,.F.);
#217 = EDGE_CURVE('',#218,#211,#220,.T.);
#218 = VERTEX_POINT('',#219);
#219 = CARTESIAN_POINT('',(-2.132338198138,5.099999367,-11.88505080614)
  );
#220 = B_SPLINE_CURVE_WITH_KNOTS('',1,(#221,#222),.UNSPECIFIED.,.F.,.F.,
  (2,2),(0.E+000,3.E-003),.PIECEWISE_BEZIER_KNOTS.);
#221 = CARTESIAN_POINT('',(-2.132338198138,5.099999367,-11.88505080614)
  );
#222 = CARTESIAN_POINT('',(-2.132338198138,5.102999367,-11.88505080614)
  );
#223 = ORIENTED_EDGE('',*,*,#224,.F.);
#224 = EDGE_CURVE('',#190,#218,#225,.T.);
#225 = B_SPLINE_CURVE_WITH_KNOTS('',1,(#226,#227),.UNSPECIFIED.,.F.,.F.,
  (2,2),(0.E+000,22.5),.PIECEWISE_BEZIER_KNOTS.);
#226 = CARTESIAN_POINT('',(-3.284136581202,5.099999367,-11.88505080614)
  );
#227 = CARTESIAN_POINT('',(-2.132338198138,5.099999367,-11.88505080614)
  );
#228 = B_SPLINE_SURFACE_WITH_KNOTS('',1,1,(
    (#229,#230)
    ,(#231,#232
    )),.UNSPECIFIED.,.F.,.F.,.F.,(2,2),(2,2),(0.E+000,22.5),(-3.E-003,
    0.E+000),.PIECEWISE_BEZIER_KNOTS.);
#229 = CARTESIAN_POINT('',(-3.284136581202,5.102999367,-11.88505080614)
  );
#230 = CARTESIAN_POINT('',(-3.284136581202,5.099999367,-11.88505080614)
  );
#231 = CARTESIAN_POINT('',(-2.132338198138,5.102999367,-11.88505080614)
  );
#232 = CARTESIAN_POINT('',(-2.132338198138,5.099999367,-11.88505080614)
  );
#233 = ADVANCED_FACE('',(#234),#256,.F.);
#234 = FACE_BOUND('',#235,.F.);
#235 = EDGE_LOOP('',(#236,#237,#244,#251));
#236 = ORIENTED_EDGE('',*,*,#217,.T.);
#237 = ORIENTED_EDGE('',*,*,#238,.T.);
#238 = EDGE_CURVE('',#211,#239,#241,.T.);
#239 = VERTEX_POINT('',#240);
#240 = CARTESIAN_POINT('',(-2.048320904974,5.102999367,-12.20224328308)
  );
#241 = B_SPLINE_CURVE_WITH_KNOTS('',1,(#242,#243),.UNSPECIFIED.,.F.,.F.,
  (2,2),(0.E+000,6.409931015619),.PIECEWISE_BEZIER_KNOTS.);
#242 = CARTESIAN_POINT('',(-2.132338198138,5.102999367,-11.88505080614)
  );
#243 = CARTESIAN_POINT('',(-2.048320904974,5.102999367,-12.20224328308)
  );
#244 = ORIENTED_EDGE('',*,*,#245,.F.);
#245 = EDGE_CURVE('',#246,#239,#248,.T.);
#246 = VERTEX_POINT('',#247);
#247 = CARTESIAN_POINT('',(-2.048320904974,5.099999367,-12.20224328308)
  );
#248 = B_SPLINE_CURVE_WITH_KNOTS('',1,(#249,#250),.UNSPECIFIED.,.F.,.F.,
  (2,2),(0.E+000,3.E-003),.PIECEWISE_BEZIER_KNOTS.);
#249 = CARTESIAN_POINT('',(-2.048320904974,5.099999367,-12.20224328308)
  );
#250 = CARTESIAN_POINT('',(-2.048320904974,5.102999367,-12.20224328308)
  );
#251 = ORIENTED_EDGE('',*,*,#252,.F.);
#252 = EDGE_CURVE('',#218,#246,#253,.T.);
#253 = B_SPLINE_CURVE_WITH_KNOTS('',1,(#254,#255),.UNSPECIFIED.,.F.,.F.,
  (2,2),(0.E+000,6.409931015619),.PIECEWISE_BEZIER_KNOTS.);
#254 = CARTESIAN_POINT('',(-2.132338198138,5.099999367,-11.88505080614)
  );
#255 = CARTESIAN_POINT('',(-2.048320904974,5.099999367,-12.20224328308)
  );
#256 = B_SPLINE_SURFACE_WITH_KNOTS('',1,1,(
    (#257,#258)
    ,(#259,#260
    )),.UNSPECIFIED.,.F.,.F.,.F.,(2,2),(2,2),(0.E+000,6.409931015619),(
    -3.E-003,0.E+000),.PIECEWISE_BEZIER_KNOTS.);
#257 = CARTESIAN_POINT('',(-2.132338198138,5.102999367,-11.88505080614)
  );
#258 = CARTESIAN_POINT('',(-2.132338198138,5.099999367,-11.88505080614)
  );
#259 = CARTESIAN_POINT('',(-2.048320904974,5.102999367,-12.20224328308)
  );
#260 = CARTESIAN_POINT('',(-2.048320904974,5.099999367,-12.20224328308)
  );
#261 = ADVANCED_FACE('',(#262),#284,.F.);
#262 = FACE_BOUND('',#263,.F.);
#263 = EDGE_LOOP('',(#264,#265,#272,#279));
#264 = ORIENTED_EDGE('',*,*,#245,.T.);
#265 = ORIENTED_EDGE('',*,*,#266,.T.);
#266 = EDGE_CURVE('',#239,#267,#269,.T.);
#267 = VERTEX_POINT('',#268);
#268 = CARTESIAN_POINT('',(-2.829688130284,5.102999367,-12.20224328308)
  );
#269 = B_SPLINE_CURVE_WITH_KNOTS('',1,(#270,#271),.UNSPECIFIED.,.F.,.F.,
  (2,2),(0.E+000,15.26375),.PIECEWISE_BEZIER_KNOTS.);
#270 = CARTESIAN_POINT('',(-2.048320904974,5.102999367,-12.20224328308)
  );
#271 = CARTESIAN_POINT('',(-2.829688130284,5.102999367,-12.20224328308)
  );
#272 = ORIENTED_EDGE('',*,*,#273,.F.);
#273 = EDGE_CURVE('',#274,#267,#276,.T.);
#274 = VERTEX_POINT('',#275);
#275 = CARTESIAN_POINT('',(-2.829688130284,5.099999367,-12.20224328308)
  );
#276 = B_SPLINE_CURVE_WITH_KNOTS('',1,(#277,#278),.UNSPECIFIED.,.F.,.F.,
  (2,2),(0.E+000,3.E-003),.PIECEWISE_BEZIER_KNOTS.);
#277 = CARTESIAN_POINT('',(-2.829688130284,5.099999367,-12.20224328308)
  );
#278 = CARTESIAN_POINT('',(-2.829688130284,5.102999367,-12.20224328308)
  );
#279 = ORIENTED_EDGE('',*,*,#280,.F.);
#280 = EDGE_CURVE('',#246,#274,#281,.T.);
#281 = B_SPLINE_CURVE_WITH_KNOTS('',1,(#282,#283),.UNSPECIFIED.,.F.,.F.,
  (2,2),(0.E+000,15.26375),.PIECEWISE_BEZIER_KNOTS.);
#282 = CARTESIAN_POINT('',(-2.048320904974,5.099999367,-12.20224328308)
  );
#283 = CARTESIAN_POINT('',(-2.829688130284,5.099999367,-12.20224328308)
  );
#284 = B_SPLINE_SURFACE_WITH_KNOTS('',1,1,(
    (#285,#286)
    ,(#287,#288
    )),.UNSPECIFIED.,.F.,.F.,.F.,(2,2),(2,2),(0.E+000,15.26375),(
    -3.E-003,0.E+000),.PIECEWISE_BEZIER_KNOTS.);
#285 = CARTESIAN_POINT('',(-2.048320904974,5.102999367,-12.20224328308)
  );
#286 = CARTESIAN_POINT('',(-2.048320904974,5.099999367,-12.20224328308)
  );
#287 = CARTESIAN_POINT('',(-2.829688130284,5.102999367,-12.20224328308)
  );
#288 = CARTESIAN_POINT('',(-2.829688130284,5.099999367,-12.20224328308)
  );
#289 = ADVANCED_FACE('',(#290),#312,.F.);
#290 = FACE_BOUND('',#291,.F.);
#291 = EDGE_LOOP('',(#292,#293,#300,#307));
#292 = ORIENTED_EDGE('',*,*,#273,.T.);
#293 = ORIENTED_EDGE('',*,*,#294,.T.);
#294 = EDGE_CURVE('',#267,#295,#297,.T.);
#295 = VERTEX_POINT('',#296);
#296 = CARTESIAN_POINT('',(-2.759236462521,5.102999367,-12.46293365045)
  );
#297 = B_SPLINE_CURVE_WITH_KNOTS('',1,(#298,#299),.UNSPECIFIED.,.F.,.F.,
  (2,2),(0.E+000,5.275189125757),.PIECEWISE_BEZIER_KNOTS.);
#298 = CARTESIAN_POINT('',(-2.829688130284,5.102999367,-12.20224328308)
  );
#299 = CARTESIAN_POINT('',(-2.759236462521,5.102999367,-12.46293365045)
  );
#300 = ORIENTED_EDGE('',*,*,#301,.F.);
#301 = EDGE_CURVE('',#302,#295,#304,.T.);
#302 = VERTEX_POINT('',#303);
#303 = CARTESIAN_POINT('',(-2.759236462521,5.099999367,-12.46293365045)
  );
#304 = B_SPLINE_CURVE_WITH_KNOTS('',1,(#305,#306),.UNSPECIFIED.,.F.,.F.,
  (2,2),(0.E+000,3.E-003),.PIECEWISE_BEZIER_KNOTS.);
#305 = CARTESIAN_POINT('',(-2.759236462521,5.099999367,-12.46293365045)
  );
#306 = CARTESIAN_POINT('',(-2.759236462521,5.102999367,-12.46293365045)
  );
#307 = ORIENTED_EDGE('',*,*,#308,.F.);
#308 = EDGE_CURVE('',#274,#302,#309,.T.);
#309 = B_SPLINE_CURVE_WITH_KNOTS('',1,(#310,#311),.UNSPECIFIED.,.F.,.F.,
  (2,2),(0.E+000,5.275189125757),.PIECEWISE_BEZIER_KNOTS.);
#310 = CARTESIAN_POINT('',(-2.829688130284,5.099999367,-12.20224328308)
  );
#311 = CARTESIAN_POINT('',(-2.759236462521,5.099999367,-12.46293365045)
  );
#312 = B_SPLINE_SURFACE_WITH_KNOTS('',1,1,(
    (#313,#314)
    ,(#315,#316
    )),.UNSPECIFIED.,.F.,.F.,.F.,(2,2),(2,2),(0.E+000,5.275189125757),(
    -3.E-003,0.E+000),.PIECEWISE_BEZIER_KNOTS.);
#313 = CARTESIAN_POINT('',(-2.829688130284,5.102999367,-12.20224328308)
  );
#314 = CARTESIAN_POINT('',(-2.829688130284,5.099999367,-12.20224328308)
  );
#315 = CARTESIAN_POINT('',(-2.759236462521,5.102999367,-12.46293365045)
  );
#316 = CARTESIAN_POINT('',(-2.759236462521,5.099999367,-12.46293365045)
  );
#317 = ADVANCED_FACE('',(#318),#340,.F.);
#318 = FACE_BOUND('',#319,.F.);
#319 = EDGE_LOOP('',(#320,#321,#328,#335));
#320 = ORIENTED_EDGE('',*,*,#301,.T.);
#321 = ORIENTED_EDGE('',*,*,#322,.T.);
#322 = EDGE_CURVE('',#295,#323,#325,.T.);
#323 = VERTEX_POINT('',#324);
#324 = CARTESIAN_POINT('',(-2.061310631182,5.102999367,-12.46293365045)
  );
#325 = B_SPLINE_CURVE_WITH_KNOTS('',1,(#326,#327),.UNSPECIFIED.,.F.,.F.,
  (2,2),(0.E+000,13.63375),.PIECEWISE_BEZIER_KNOTS.);
#326 = CARTESIAN_POINT('',(-2.759236462521,5.102999367,-12.46293365045)
  );
#327 = CARTESIAN_POINT('',(-2.061310631182,5.102999367,-12.46293365045)
  );
#328 = ORIENTED_EDGE('',*,*,#329,.F.);
#329 = EDGE_CURVE('',#330,#323,#332,.T.);
#330 = VERTEX_POINT('',#331);
#331 = CARTESIAN_POINT('',(-2.061310631182,5.099999367,-12.46293365045)
  );
#332 = B_SPLINE_CURVE_WITH_KNOTS('',1,(#333,#334),.UNSPECIFIED.,.F.,.F.,
  (2,2),(0.E+000,3.E-003),.PIECEWISE_BEZIER_KNOTS.);
#333 = CARTESIAN_POINT('',(-2.061310631182,5.099999367,-12.46293365045)
  );
#334 = CARTESIAN_POINT('',(-2.061310631182,5.102999367,-12.46293365045)
  );
#335 = ORIENTED_EDGE('',*,*,#336,.F.);
#336 = EDGE_CURVE('',#302,#330,#337,.T.);
#337 = B_SPLINE_CURVE_WITH_KNOTS('',1,(#338,#339),.UNSPECIFIED.,.F.,.F.,
  (2,2),(0.E+000,13.63375),.PIECEWISE_BEZIER_KNOTS.);
#338 = CARTESIAN_POINT('',(-2.759236462521,5.099999367,-12.46293365045)
  );
#339 = CARTESIAN_POINT('',(-2.061310631182,5.099999367,-12.46293365045)
  );
#340 = B_SPLINE_SURFACE_WITH_KNOTS('',1,1,(
    (#341,#342)
    ,(#343,#344
    )),.UNSPECIFIED.,.F.,.F.,.F.,(2,2),(2,2),(0.E+000,13.63375),(
    -3.E-003,0.E+000),.PIECEWISE_BEZIER_KNOTS.);
#341 = CARTESIAN_POINT('',(-2.759236462521,5.102999367,-12.46293365045)
  );
#342 = CARTESIAN_POINT('',(-2.759236462521,5.099999367,-12.46293365045)
  );
#343 = CARTESIAN_POINT('',(-2.061310631182,5.102999367,-12.46293365045)
  );
#344 = CARTESIAN_POINT('',(-2.061310631182,5.099999367,-12.46293365045)
  );
#345 = ADVANCED_FACE('',(#346),#368,.F.);
#346 = FACE_BOUND('',#347,.F.);
#347 = EDGE_LOOP('',(#348,#349,#356,#363));
#348 = ORIENTED_EDGE('',*,*,#329,.T.);
#349 = ORIENTED_EDGE('',*,*,#350,.T.);
#350 = EDGE_CURVE('',#323,#351,#353,.T.);
#351 = VERTEX_POINT('',#352);
#352 = CARTESIAN_POINT('',(-1.982092497948,5.102999367,-12.75216302219)
  );
#353 = B_SPLINE_CURVE_WITH_KNOTS('',1,(#354,#355),.UNSPECIFIED.,.F.,.F.,
  (2,2),(0.E+000,5.858093226469),.PIECEWISE_BEZIER_KNOTS.);
#354 = CARTESIAN_POINT('',(-2.061310631182,5.102999367,-12.46293365045)
  );
#355 = CARTESIAN_POINT('',(-1.982092497948,5.102999367,-12.75216302219)
  );
#356 = ORIENTED_EDGE('',*,*,#357,.F.);
#357 = EDGE_CURVE('',#358,#351,#360,.T.);
#358 = VERTEX_POINT('',#359);
#359 = CARTESIAN_POINT('',(-1.982092497948,5.099999367,-12.75216302219)
  );
#360 = B_SPLINE_CURVE_WITH_KNOTS('',1,(#361,#362),.UNSPECIFIED.,.F.,.F.,
  (2,2),(0.E+000,3.E-003),.PIECEWISE_BEZIER_KNOTS.);
#361 = CARTESIAN_POINT('',(-1.982092497948,5.099999367,-12.75216302219)
  );
#362 = CARTESIAN_POINT('',(-1.982092497948,5.102999367,-12.75216302219)
  );
#363 = ORIENTED_EDGE('',*,*,#364,.F.);
#364 = EDGE_CURVE('',#330,#358,#365,.T.);
#365 = B_SPLINE_CURVE_WITH_KNOTS('',1,(#366,#367),.UNSPECIFIED.,.F.,.F.,
  (2,2),(0.E+000,5.858093226469),.PIECEWISE_BEZIER_KNOTS.);
#366 = CARTESIAN_POINT('',(-2.061310631182,5.099999367,-12.46293365045)
  );
#367 = CARTESIAN_POINT('',(-1.982092497948,5.099999367,-12.75216302219)
  );
#368 = B_SPLINE_SURFACE_WITH_KNOTS('',1,1,(
    (#369,#370)
    ,(#371,#372
    )),.UNSPECIFIED.,.F.,.F.,.F.,(2,2),(2,2),(0.E+000,5.858093226469),(
    -3.E-003,0.E+000),.PIECEWISE_BEZIER_KNOTS.);
#369 = CARTESIAN_POINT('',(-2.061310631182,5.102999367,-12.46293365045)
  );
#370 = CARTESIAN_POINT('',(-2.061310631182,5.099999367,-12.46293365045)
  );
#371 = CARTESIAN_POINT('',(-1.982092497948,5.102999367,-12.75216302219)
  );
#372 = CARTESIAN_POINT('',(-1.982092497948,5.099999367,-12.75216302219)
  );
#373 = ADVANCED_FACE('',(#374),#396,.F.);
#374 = FACE_BOUND('',#375,.F.);
#375 = EDGE_LOOP('',(#376,#377,#384,#391));
#376 = ORIENTED_EDGE('',*,*,#357,.T.);
#377 = ORIENTED_EDGE('',*,*,#378,.T.);
#378 = EDGE_CURVE('',#351,#379,#381,.T.);
#379 = VERTEX_POINT('',#380);
#380 = CARTESIAN_POINT('',(-2.681490071664,5.102999367,-12.75216302219)
  );
#381 = B_SPLINE_CURVE_WITH_KNOTS('',1,(#382,#383),.UNSPECIFIED.,.F.,.F.,
  (2,2),(0.E+000,13.6625),.PIECEWISE_BEZIER_KNOTS.);
#382 = CARTESIAN_POINT('',(-1.982092497948,5.102999367,-12.75216302219)
  );
#383 = CARTESIAN_POINT('',(-2.681490071664,5.102999367,-12.75216302219)
  );
#384 = ORIENTED_EDGE('',*,*,#385,.F.);
#385 = EDGE_CURVE('',#386,#379,#388,.T.);
#386 = VERTEX_POINT('',#387);
#387 = CARTESIAN_POINT('',(-2.681490071664,5.099999367,-12.75216302219)
  );
#388 = B_SPLINE_CURVE_WITH_KNOTS('',1,(#389,#390),.UNSPECIFIED.,.F.,.F.,
  (2,2),(0.E+000,3.E-003),.PIECEWISE_BEZIER_KNOTS.);
#389 = CARTESIAN_POINT('',(-2.681490071664,5.099999367,-12.75216302219)
  );
#390 = CARTESIAN_POINT('',(-2.681490071664,5.102999367,-12.75216302219)
  );
#391 = ORIENTED_EDGE('',*,*,#392,.F.);
#392 = EDGE_CURVE('',#358,#386,#393,.T.);
#393 = B_SPLINE_CURVE_WITH_KNOTS('',1,(#394,#395),.UNSPECIFIED.,.F.,.F.,
  (2,2),(0.E+000,13.6625),.PIECEWISE_BEZIER_KNOTS.);
#394 = CARTESIAN_POINT('',(-1.982092497948,5.099999367,-12.75216302219)
  );
#395 = CARTESIAN_POINT('',(-2.681490071664,5.099999367,-12.75216302219)
  );
#396 = B_SPLINE_SURFACE_WITH_KNOTS('',1,1,(
    (#397,#398)
    ,(#399,#400
    )),.UNSPECIFIED.,.F.,.F.,.F.,(2,2),(2,2),(0.E+000,13.6625),(-3.E-003
    ,0.E+000),.PIECEWISE_BEZIER_KNOTS.);
#397 = CARTESIAN_POINT('',(-1.982092497948,5.102999367,-12.75216302219)
  );
#398 = CARTESIAN_POINT('',(-1.982092497948,5.099999367,-12.75216302219)
  );
#399 = CARTESIAN_POINT('',(-2.681490071664,5.102999367,-12.75216302219)
  );
#400 = CARTESIAN_POINT('',(-2.681490071664,5.099999367,-12.75216302219)
  );
#401 = ADVANCED_FACE('',(#402),#424,.F.);
#402 = FACE_BOUND('',#403,.F.);
#403 = EDGE_LOOP('',(#404,#405,#412,#419));
#404 = ORIENTED_EDGE('',*,*,#385,.T.);
#405 = ORIENTED_EDGE('',*,*,#406,.T.);
#406 = EDGE_CURVE('',#379,#407,#409,.T.);
#407 = VERTEX_POINT('',#408);
#408 = CARTESIAN_POINT('',(-2.612766101474,5.102999367,-13.00235922651)
  );
#409 = B_SPLINE_CURVE_WITH_KNOTS('',1,(#410,#411),.UNSPECIFIED.,.F.,.F.,
  (2,2),(0.E+000,5.068526659691),.PIECEWISE_BEZIER_KNOTS.);
#410 = CARTESIAN_POINT('',(-2.681490071664,5.102999367,-12.75216302219)
  );
#411 = CARTESIAN_POINT('',(-2.612766101474,5.102999367,-13.00235922651)
  );
#412 = ORIENTED_EDGE('',*,*,#413,.F.);
#413 = EDGE_CURVE('',#414,#407,#416,.T.);
#414 = VERTEX_POINT('',#415);
#415 = CARTESIAN_POINT('',(-2.612766101474,5.099999367,-13.00235922651)
  );
#416 = B_SPLINE_CURVE_WITH_KNOTS('',1,(#417,#418),.UNSPECIFIED.,.F.,.F.,
  (2,2),(0.E+000,3.E-003),.PIECEWISE_BEZIER_KNOTS.);
#417 = CARTESIAN_POINT('',(-2.612766101474,5.099999367,-13.00235922651)
  );
#418 = CARTESIAN_POINT('',(-2.612766101474,5.102999367,-13.00235922651)
  );
#419 = ORIENTED_EDGE('',*,*,#420,.F.);
#420 = EDGE_CURVE('',#386,#414,#421,.T.);
#421 = B_SPLINE_CURVE_WITH_KNOTS('',1,(#422,#423),.UNSPECIFIED.,.F.,.F.,
  (2,2),(0.E+000,5.068526659691),.PIECEWISE_BEZIER_KNOTS.);
#422 = CARTESIAN_POINT('',(-2.681490071664,5.099999367,-12.75216302219)
  );
#423 = CARTESIAN_POINT('',(-2.612766101474,5.099999367,-13.00235922651)
  );
#424 = B_SPLINE_SURFACE_WITH_KNOTS('',1,1,(
    (#425,#426)
    ,(#427,#428
    )),.UNSPECIFIED.,.F.,.F.,.F.,(2,2),(2,2),(0.E+000,5.068526659691),(
    -3.E-003,0.E+000),.PIECEWISE_BEZIER_KNOTS.);
#425 = CARTESIAN_POINT('',(-2.681490071664,5.102999367,-12.75216302219)
  );
#426 = CARTESIAN_POINT('',(-2.681490071664,5.099999367,-12.75216302219)
  );
#427 = CARTESIAN_POINT('',(-2.612766101474,5.102999367,-13.00235922651)
  );
#428 = CARTESIAN_POINT('',(-2.612766101474,5.099999367,-13.00235922651)
  );
#429 = ADVANCED_FACE('',(#430),#452,.F.);
#430 = FACE_BOUND('',#431,.F.);
#431 = EDGE_LOOP('',(#432,#433,#440,#447));
#432 = ORIENTED_EDGE('',*,*,#413,.T.);
#433 = ORIENTED_EDGE('',*,*,#434,.T.);
#434 = EDGE_CURVE('',#407,#435,#437,.T.);
#435 = VERTEX_POINT('',#436);
#436 = CARTESIAN_POINT('',(-1.833894439326,5.102999367,-13.00235922651)
  );
#437 = B_SPLINE_CURVE_WITH_KNOTS('',1,(#438,#439),.UNSPECIFIED.,.F.,.F.,
  (2,2),(0.E+000,15.215),.PIECEWISE_BEZIER_KNOTS.);
#438 = CARTESIAN_POINT('',(-2.612766101474,5.102999367,-13.00235922651)
  );
#439 = CARTESIAN_POINT('',(-1.833894439326,5.102999367,-13.00235922651)
  );
#440 = ORIENTED_EDGE('',*,*,#441,.F.);
#441 = EDGE_CURVE('',#442,#435,#444,.T.);
#442 = VERTEX_POINT('',#443);
#443 = CARTESIAN_POINT('',(-1.833894439326,5.099999367,-13.00235922651)
  );
#444 = B_SPLINE_CURVE_WITH_KNOTS('',1,(#445,#446),.UNSPECIFIED.,.F.,.F.,
  (2,2),(0.E+000,3.E-003),.PIECEWISE_BEZIER_KNOTS.);
#445 = CARTESIAN_POINT('',(-1.833894439326,5.099999367,-13.00235922651)
  );
#446 = CARTESIAN_POINT('',(-1.833894439326,5.102999367,-13.00235922651)
  );
#447 = ORIENTED_EDGE('',*,*,#448,.F.);
#448 = EDGE_CURVE('',#414,#442,#449,.T.);
#449 = B_SPLINE_CURVE_WITH_KNOTS('',1,(#450,#451),.UNSPECIFIED.,.F.,.F.,
  (2,2),(0.E+000,15.215),.PIECEWISE_BEZIER_KNOTS.);
#450 = CARTESIAN_POINT('',(-2.612766101474,5.099999367,-13.00235922651)
  );
#451 = CARTESIAN_POINT('',(-1.833894439326,5.099999367,-13.00235922651)
  );
#452 = B_SPLINE_SURFACE_WITH_KNOTS('',1,1,(
    (#453,#454)
    ,(#455,#456
  )),.UNSPECIFIED.,.F.,.F.,.F.,(2,2),(2,2),(0.E+000,15.215),(-3.E-003,
    0.E+000),.PIECEWISE_BEZIER_KNOTS.);
#453 = CARTESIAN_POINT('',(-2.612766101474,5.102999367,-13.00235922651)
  );
#454 = CARTESIAN_POINT('',(-2.612766101474,5.099999367,-13.00235922651)
  );
#455 = CARTESIAN_POINT('',(-1.833894439326,5.102999367,-13.00235922651)
  );
#456 = CARTESIAN_POINT('',(-1.833894439326,5.099999367,-13.00235922651)
  );
#457 = ADVANCED_FACE('',(#458),#480,.F.);
#458 = FACE_BOUND('',#459,.F.);
#459 = EDGE_LOOP('',(#460,#461,#468,#475));
#460 = ORIENTED_EDGE('',*,*,#441,.T.);
#461 = ORIENTED_EDGE('',*,*,#462,.T.);
#462 = EDGE_CURVE('',#435,#463,#465,.T.);
#463 = VERTEX_POINT('',#464);
#464 = CARTESIAN_POINT('',(-1.747893493391,5.102999367,-13.31807996107)
  );
#465 = B_SPLINE_CURVE_WITH_KNOTS('',1,(#466,#467),.UNSPECIFIED.,.F.,.F.,
  (2,2),(0.E+000,6.392218413822),.PIECEWISE_BEZIER_KNOTS.);
#466 = CARTESIAN_POINT('',(-1.833894439326,5.102999367,-13.00235922651)
  );
#467 = CARTESIAN_POINT('',(-1.747893493391,5.102999367,-13.31807996107)
  );
#468 = ORIENTED_EDGE('',*,*,#469,.F.);
#469 = EDGE_CURVE('',#470,#463,#472,.T.);
#470 = VERTEX_POINT('',#471);
#471 = CARTESIAN_POINT('',(-1.747893493391,5.099999367,-13.31807996107)
  );
#472 = B_SPLINE_CURVE_WITH_KNOTS('',1,(#473,#474),.UNSPECIFIED.,.F.,.F.,
  (2,2),(0.E+000,3.E-003),.PIECEWISE_BEZIER_KNOTS.);
#473 = CARTESIAN_POINT('',(-1.747893493391,5.099999367,-13.31807996107)
  );
#474 = CARTESIAN_POINT('',(-1.747893493391,5.102999367,-13.31807996107)
  );
#475 = ORIENTED_EDGE('',*,*,#476,.F.);
#476 = EDGE_CURVE('',#442,#470,#477,.T.);
#477 = B_SPLINE_CURVE_WITH_KNOTS('',1,(#478,#479),.UNSPECIFIED.,.F.,.F.,
  (2,2),(0.E+000,6.392218413822),.PIECEWISE_BEZIER_KNOTS.);
#478 = CARTESIAN_POINT('',(-1.833894439326,5.099999367,-13.00235922651)
  );
#479 = CARTESIAN_POINT('',(-1.747893493391,5.099999367,-13.31807996107)
  );
#480 = B_SPLINE_SURFACE_WITH_KNOTS('',1,1,(
    (#481,#482)
    ,(#483,#484
    )),.UNSPECIFIED.,.F.,.F.,.F.,(2,2),(2,2),(0.E+000,6.392218413822),(
    -3.E-003,0.E+000),.PIECEWISE_BEZIER_KNOTS.);
#481 = CARTESIAN_POINT('',(-1.833894439326,5.102999367,-13.00235922651)
  );
#482 = CARTESIAN_POINT('',(-1.833894439326,5.099999367,-13.00235922651)
  );
#483 = CARTESIAN_POINT('',(-1.747893493391,5.102999367,-13.31807996107)
  );
#484 = CARTESIAN_POINT('',(-1.747893493391,5.099999367,-13.31807996107)
  );
#485 = ADVANCED_FACE('',(#486),#508,.F.);
#486 = FACE_BOUND('',#487,.F.);
#487 = EDGE_LOOP('',(#488,#489,#496,#503));
#488 = ORIENTED_EDGE('',*,*,#469,.T.);
#489 = ORIENTED_EDGE('',*,*,#490,.T.);
#490 = EDGE_CURVE('',#463,#491,#493,.T.);
#491 = VERTEX_POINT('',#492);
#492 = CARTESIAN_POINT('',(-2.899691876455,5.102999367,-13.31807996107)
  );
#493 = B_SPLINE_CURVE_WITH_KNOTS('',1,(#494,#495),.UNSPECIFIED.,.F.,.F.,
  (2,2),(0.E+000,22.5),.PIECEWISE_BEZIER_KNOTS.);
#494 = CARTESIAN_POINT('',(-1.747893493391,5.102999367,-13.31807996107)
  );
#495 = CARTESIAN_POINT('',(-2.899691876455,5.102999367,-13.31807996107)
  );
#496 = ORIENTED_EDGE('',*,*,#497,.F.);
#497 = EDGE_CURVE('',#498,#491,#500,.T.);
#498 = VERTEX_POINT('',#499);
#499 = CARTESIAN_POINT('',(-2.899691876455,5.099999367,-13.31807996107)
  );
#500 = B_SPLINE_CURVE_WITH_KNOTS('',1,(#501,#502),.UNSPECIFIED.,.F.,.F.,
  (2,2),(0.E+000,3.E-003),.PIECEWISE_BEZIER_KNOTS.);
#501 = CARTESIAN_POINT('',(-2.899691876455,5.099999367,-13.31807996107)
  );
#502 = CARTESIAN_POINT('',(-2.899691876455,5.102999367,-13.31807996107)
  );
#503 = ORIENTED_EDGE('',*,*,#504,.F.);
#504 = EDGE_CURVE('',#470,#498,#505,.T.);
#505 = B_SPLINE_CURVE_WITH_KNOTS('',1,(#506,#507),.UNSPECIFIED.,.F.,.F.,
  (2,2),(0.E+000,22.5),.PIECEWISE_BEZIER_KNOTS.);
#506 = CARTESIAN_POINT('',(-1.747893493391,5.099999367,-13.31807996107)
  );
#507 = CARTESIAN_POINT('',(-2.899691876455,5.099999367,-13.31807996107)
  );
#508 = B_SPLINE_SURFACE_WITH_KNOTS('',1,1,(
    (#509,#510)
    ,(#511,#512
    )),.UNSPECIFIED.,.F.,.F.,.F.,(2,2),(2,2),(0.E+000,22.5),(-3.E-003,
    0.E+000),.PIECEWISE_BEZIER_KNOTS.);
#509 = CARTESIAN_POINT('',(-1.747893493391,5.102999367,-13.31807996107)
  );
#510 = CARTESIAN_POINT('',(-1.747893493391,5.099999367,-13.31807996107)
  );
#511 = CARTESIAN_POINT('',(-2.899691876455,5.102999367,-13.31807996107)
  );
#512 = CARTESIAN_POINT('',(-2.899691876455,5.099999367,-13.31807996107)
  );
#513 = ADVANCED_FACE('',(#514),#536,.F.);
#514 = FACE_BOUND('',#515,.F.);
#515 = EDGE_LOOP('',(#516,#517,#524,#531));
#516 = ORIENTED_EDGE('',*,*,#497,.T.);
#517 = ORIENTED_EDGE('',*,*,#518,.T.);
#518 = EDGE_CURVE('',#491,#519,#521,.T.);
#519 = VERTEX_POINT('',#520);
#520 = CARTESIAN_POINT('',(-2.900203786847,5.102999367,-13.31854068043)
  );
#521 = B_SPLINE_CURVE_WITH_KNOTS('',1,(#522,#523),.UNSPECIFIED.,.F.,.F.,
  (2,2),(0.E+000,1.345362404708E-002),.PIECEWISE_BEZIER_KNOTS.);
#522 = CARTESIAN_POINT('',(-2.899691876455,5.102999367,-13.31807996107)
  );
#523 = CARTESIAN_POINT('',(-2.900203786847,5.102999367,-13.31854068043)
  );
#524 = ORIENTED_EDGE('',*,*,#525,.F.);
#525 = EDGE_CURVE('',#526,#519,#528,.T.);
#526 = VERTEX_POINT('',#527);
#527 = CARTESIAN_POINT('',(-2.900203786847,5.099999367,-13.31854068043)
  );
#528 = B_SPLINE_CURVE_WITH_KNOTS('',1,(#529,#530),.UNSPECIFIED.,.F.,.F.,
  (2,2),(0.E+000,3.E-003),.PIECEWISE_BEZIER_KNOTS.);
#529 = CARTESIAN_POINT('',(-2.900203786847,5.099999367,-13.31854068043)
  );
#530 = CARTESIAN_POINT('',(-2.900203786847,5.102999367,-13.31854068043)
  );
#531 = ORIENTED_EDGE('',*,*,#532,.F.);
#532 = EDGE_CURVE('',#498,#526,#533,.T.);
#533 = B_SPLINE_CURVE_WITH_KNOTS('',1,(#534,#535),.UNSPECIFIED.,.F.,.F.,
  (2,2),(0.E+000,1.345362404708E-002),.PIECEWISE_BEZIER_KNOTS.);
#534 = CARTESIAN_POINT('',(-2.899691876455,5.099999367,-13.31807996107)
  );
#535 = CARTESIAN_POINT('',(-2.900203786847,5.099999367,-13.31854068043)
  );
#536 = B_SPLINE_SURFACE_WITH_KNOTS('',1,1,(
    (#537,#538)
    ,(#539,#540
    )),.UNSPECIFIED.,.F.,.F.,.F.,(2,2),(2,2),(0.E+000,
    1.345362404708E-002),(-3.E-003,0.E+000),.PIECEWISE_BEZIER_KNOTS.);
#537 = CARTESIAN_POINT('',(-2.899691876455,5.102999367,-13.31807996107)
  );
#538 = CARTESIAN_POINT('',(-2.899691876455,5.099999367,-13.31807996107)
  );
#539 = CARTESIAN_POINT('',(-2.900203786847,5.102999367,-13.31854068043)
  );
#540 = CARTESIAN_POINT('',(-2.900203786847,5.099999367,-13.31854068043)
  );
#541 = ADVANCED_FACE('',(#542),#556,.F.);
#542 = FACE_BOUND('',#543,.F.);
#543 = EDGE_LOOP('',(#544,#545,#550,#551));
#544 = ORIENTED_EDGE('',*,*,#525,.T.);
#545 = ORIENTED_EDGE('',*,*,#546,.T.);
#546 = EDGE_CURVE('',#519,#176,#547,.T.);
#547 = B_SPLINE_CURVE_WITH_KNOTS('',1,(#548,#549),.UNSPECIFIED.,.F.,.F.,
  (2,2),(0.E+000,2.499999999941E-004),.PIECEWISE_BEZIER_KNOTS.);
#548 = CARTESIAN_POINT('',(-2.900203786847,5.102999367,-13.31854068043)
  );
#549 = CARTESIAN_POINT('',(-2.900203786847,5.102999367,-13.31852788267)
  );
#550 = ORIENTED_EDGE('',*,*,#173,.F.);
#551 = ORIENTED_EDGE('',*,*,#552,.F.);
#552 = EDGE_CURVE('',#526,#174,#553,.T.);
#553 = B_SPLINE_CURVE_WITH_KNOTS('',1,(#554,#555),.UNSPECIFIED.,.F.,.F.,
  (2,2),(0.E+000,2.499999999941E-004),.PIECEWISE_BEZIER_KNOTS.);
#554 = CARTESIAN_POINT('',(-2.900203786847,5.099999367,-13.31854068043)
  );
#555 = CARTESIAN_POINT('',(-2.900203786847,5.099999367,-13.31852788267)
  );
#556 = B_SPLINE_SURFACE_WITH_KNOTS('',1,1,(
    (#557,#558)
    ,(#559,#560
    )),.UNSPECIFIED.,.F.,.F.,.F.,(2,2),(2,2),(0.E+000,
    2.499999999941E-004),(-3.E-003,0.E+000),.PIECEWISE_BEZIER_KNOTS.);
#557 = CARTESIAN_POINT('',(-2.900203786847,5.102999367,-13.31854068043)
  );
#558 = CARTESIAN_POINT('',(-2.900203786847,5.099999367,-13.31854068043)
  );
#559 = CARTESIAN_POINT('',(-2.900203786847,5.102999367,-13.31852788267)
  );
#560 = CARTESIAN_POINT('',(-2.900203786847,5.099999367,-13.31852788267)
  );
#561 = ADVANCED_FACE('',(#562),#578,.F.);
#562 = FACE_BOUND('',#563,.F.);
#563 = EDGE_LOOP('',(#564,#565,#566,#567,#568,#569,#570,#571,#572,#573,
    #574,#575,#576,#577));
#564 = ORIENTED_EDGE('',*,*,#196,.T.);
#565 = ORIENTED_EDGE('',*,*,#224,.T.);
#566 = ORIENTED_EDGE('',*,*,#252,.T.);
#567 = ORIENTED_EDGE('',*,*,#280,.T.);
#568 = ORIENTED_EDGE('',*,*,#308,.T.);
#569 = ORIENTED_EDGE('',*,*,#336,.T.);
#570 = ORIENTED_EDGE('',*,*,#364,.T.);
#571 = ORIENTED_EDGE('',*,*,#392,.T.);
#572 = ORIENTED_EDGE('',*,*,#420,.T.);
#573 = ORIENTED_EDGE('',*,*,#448,.T.);
#574 = ORIENTED_EDGE('',*,*,#476,.T.);
#575 = ORIENTED_EDGE('',*,*,#504,.T.);
#576 = ORIENTED_EDGE('',*,*,#532,.T.);
#577 = ORIENTED_EDGE('',*,*,#552,.T.);
#578 = B_SPLINE_SURFACE_WITH_KNOTS('',1,1,(
    (#579,#580)
    ,(#581,#582
    )),.UNSPECIFIED.,.F.,.F.,.F.,(2,2),(2,2),(31.870609509282,
    92.832636803385),(-15.2787983668,41.605720453921),
  .PIECEWISE_BEZIER_KNOTS.);
#579 = CARTESIAN_POINT('',(-3.284136581202,5.099999367,-11.88505080614)
  );
#580 = CARTESIAN_POINT('',(-3.284136581202,5.099999367,-13.31854068043)
  );
#581 = CARTESIAN_POINT('',(-1.747893493391,5.099999367,-11.88505080614)
  );
#582 = CARTESIAN_POINT('',(-1.747893493391,5.099999367,-13.31854068043)
  );
#583 = ADVANCED_FACE('',(#584),#600,.T.);
#584 = FACE_BOUND('',#585,.T.);
#585 = EDGE_LOOP('',(#586,#587,#588,#589,#590,#591,#592,#593,#594,#595,
    #596,#597,#598,#599));
#586 = ORIENTED_EDGE('',*,*,#182,.T.);
#587 = ORIENTED_EDGE('',*,*,#210,.T.);
#588 = ORIENTED_EDGE('',*,*,#238,.T.);
#589 = ORIENTED_EDGE('',*,*,#266,.T.);
#590 = ORIENTED_EDGE('',*,*,#294,.T.);
#591 = ORIENTED_EDGE('',*,*,#322,.T.);
#592 = ORIENTED_EDGE('',*,*,#350,.T.);
#593 = ORIENTED_EDGE('',*,*,#378,.T.);
#594 = ORIENTED_EDGE('',*,*,#406,.T.);
#595 = ORIENTED_EDGE('',*,*,#434,.T.);
#596 = ORIENTED_EDGE('',*,*,#462,.T.);
#597 = ORIENTED_EDGE('',*,*,#490,.T.);
#598 = ORIENTED_EDGE('',*,*,#518,.T.);
#599 = ORIENTED_EDGE('',*,*,#546,.T.);
#600 = B_SPLINE_SURFACE_WITH_KNOTS('',1,1,(
    (#601,#602)
    ,(#603,#604
    )),.UNSPECIFIED.,.F.,.F.,.F.,(2,2),(2,2),(31.870609509282,
    92.832636803385),(-15.2787983668,41.605720453921),
  .PIECEWISE_BEZIER_KNOTS.);
#601 = CARTESIAN_POINT('',(-3.284136581202,5.102999367,-11.88505080614)
  );
#602 = CARTESIAN_POINT('',(-3.284136581202,5.102999367,-13.31854068043)
  );
#603 = CARTESIAN_POINT('',(-1.747893493391,5.102999367,-11.88505080614)
  );
#604 = CARTESIAN_POINT('',(-1.747893493391,5.102999367,-13.31854068043)
  );
#605 = MANIFOLD_SOLID_BREP('',#606);
#606 = CLOSED_SHELL('',(#607,#651,#679,#715,#751,#787,#823,#859,#887,
    #923,#959,#995,#1031,#1067,#1087,#1109));
#607 = ADVANCED_FACE('',(#608),#642,.F.);
#608 = FACE_BOUND('',#609,.F.);
#609 = EDGE_LOOP('',(#610,#619,#628,#635));
#610 = ORIENTED_EDGE('',*,*,#611,.T.);
#611 = EDGE_CURVE('',#612,#614,#616,.T.);
#612 = VERTEX_POINT('',#613);
#613 = CARTESIAN_POINT('',(-4.565384304763,5.099999367,-11.3508723116));
#614 = VERTEX_POINT('',#615);
#615 = CARTESIAN_POINT('',(-4.565384304763,5.102999367,-11.3508723116));
#616 = B_SPLINE_CURVE_WITH_KNOTS('',1,(#617,#618),.UNSPECIFIED.,.F.,.F.,
  (2,2),(0.E+000,3.E-003),.PIECEWISE_BEZIER_KNOTS.);
#617 = CARTESIAN_POINT('',(-4.565384304763,5.099999367,-11.3508723116));
#618 = CARTESIAN_POINT('',(-4.565384304763,5.102999367,-11.3508723116));
#619 = ORIENTED_EDGE('',*,*,#620,.T.);
#620 = EDGE_CURVE('',#614,#621,#623,.T.);
#621 = VERTEX_POINT('',#622);
#622 = CARTESIAN_POINT('',(-4.48194291079,5.102999367,-11.38638609508));
#623 = B_SPLINE_CURVE_WITH_KNOTS('',3,(#624,#625,#626,#627),
  .UNSPECIFIED.,.F.,.F.,(4,4),(0.E+000,1.),.PIECEWISE_BEZIER_KNOTS.);
#624 = CARTESIAN_POINT('',(-4.565384304763,5.102999367,-11.3508723116));
#625 = CARTESIAN_POINT('',(-4.533901815626,5.102999367,-11.3508723116));
#626 = CARTESIAN_POINT('',(-4.503891068867,5.102999367,-11.36367007141)
  );
#627 = CARTESIAN_POINT('',(-4.48194291079,5.102999367,-11.38638609508));
#628 = ORIENTED_EDGE('',*,*,#629,.F.);
#629 = EDGE_CURVE('',#630,#621,#632,.T.);
#630 = VERTEX_POINT('',#631);
#631 = CARTESIAN_POINT('',(-4.48194291079,5.099999367,-11.38638609508));
#632 = B_SPLINE_CURVE_WITH_KNOTS('',1,(#633,#634),.UNSPECIFIED.,.F.,.F.,
  (2,2),(0.E+000,3.E-003),.PIECEWISE_BEZIER_KNOTS.);
#633 = CARTESIAN_POINT('',(-4.48194291079,5.099999367,-11.38638609508));
#634 = CARTESIAN_POINT('',(-4.48194291079,5.102999367,-11.38638609508));
#635 = ORIENTED_EDGE('',*,*,#636,.F.);
#636 = EDGE_CURVE('',#612,#630,#637,.T.);
#637 = B_SPLINE_CURVE_WITH_KNOTS('',3,(#638,#639,#640,#641),
  .UNSPECIFIED.,.F.,.F.,(4,4),(0.E+000,1.),.PIECEWISE_BEZIER_KNOTS.);
#638 = CARTESIAN_POINT('',(-4.565384304763,5.099999367,-11.3508723116));
#639 = CARTESIAN_POINT('',(-4.533901815626,5.099999367,-11.3508723116));
#640 = CARTESIAN_POINT('',(-4.503891068867,5.099999367,-11.36367007141)
  );
#641 = CARTESIAN_POINT('',(-4.48194291079,5.099999367,-11.38638609508));
#642 = B_SPLINE_SURFACE_WITH_KNOTS('',3,1,(
    (#643,#644)
    ,(#645,#646)
    ,(#647,#648)
    ,(#649,#650
    )),.UNSPECIFIED.,.F.,.F.,.F.,(4,4),(2,2),(0.E+000,1.),(-3.E-003,
    0.E+000),.PIECEWISE_BEZIER_KNOTS.);
#643 = CARTESIAN_POINT('',(-4.565384304763,5.102999367,-11.3508723116));
#644 = CARTESIAN_POINT('',(-4.565384304763,5.099999367,-11.3508723116));
#645 = CARTESIAN_POINT('',(-4.533901815626,5.102999367,-11.3508723116));
#646 = CARTESIAN_POINT('',(-4.533901815626,5.099999367,-11.3508723116));
#647 = CARTESIAN_POINT('',(-4.503891068867,5.102999367,-11.36367007141)
  );
#648 = CARTESIAN_POINT('',(-4.503891068867,5.099999367,-11.36367007141)
  );
#649 = CARTESIAN_POINT('',(-4.48194291079,5.102999367,-11.38638609508));
#650 = CARTESIAN_POINT('',(-4.48194291079,5.099999367,-11.38638609508));
#651 = ADVANCED_FACE('',(#652),#674,.F.);
#652 = FACE_BOUND('',#653,.F.);
#653 = EDGE_LOOP('',(#654,#655,#662,#669));
#654 = ORIENTED_EDGE('',*,*,#629,.T.);
#655 = ORIENTED_EDGE('',*,*,#656,.T.);
#656 = EDGE_CURVE('',#621,#657,#659,.T.);
#657 = VERTEX_POINT('',#658);
#658 = CARTESIAN_POINT('',(-4.513681355123,5.102999367,-11.42663504968)
  );
#659 = B_SPLINE_CURVE_WITH_KNOTS('',1,(#660,#661),.UNSPECIFIED.,.F.,.F.,
  (2,2),(0.E+000,1.001293694427),.PIECEWISE_BEZIER_KNOTS.);
#660 = CARTESIAN_POINT('',(-4.48194291079,5.102999367,-11.38638609508));
#661 = CARTESIAN_POINT('',(-4.513681355123,5.102999367,-11.42663504968)
  );
#662 = ORIENTED_EDGE('',*,*,#663,.F.);
#663 = EDGE_CURVE('',#664,#657,#666,.T.);
#664 = VERTEX_POINT('',#665);
#665 = CARTESIAN_POINT('',(-4.513681355123,5.099999367,-11.42663504968)
  );
#666 = B_SPLINE_CURVE_WITH_KNOTS('',1,(#667,#668),.UNSPECIFIED.,.F.,.F.,
  (2,2),(0.E+000,3.E-003),.PIECEWISE_BEZIER_KNOTS.);
#667 = CARTESIAN_POINT('',(-4.513681355123,5.099999367,-11.42663504968)
  );
#668 = CARTESIAN_POINT('',(-4.513681355123,5.102999367,-11.42663504968)
  );
#669 = ORIENTED_EDGE('',*,*,#670,.F.);
#670 = EDGE_CURVE('',#630,#664,#671,.T.);
#671 = B_SPLINE_CURVE_WITH_KNOTS('',1,(#672,#673),.UNSPECIFIED.,.F.,.F.,
  (2,2),(0.E+000,1.001293694427),.PIECEWISE_BEZIER_KNOTS.);
#672 = CARTESIAN_POINT('',(-4.48194291079,5.099999367,-11.38638609508));
#673 = CARTESIAN_POINT('',(-4.513681355123,5.099999367,-11.42663504968)
  );
#674 = B_SPLINE_SURFACE_WITH_KNOTS('',1,1,(
    (#675,#676)
    ,(#677,#678
    )),.UNSPECIFIED.,.F.,.F.,.F.,(2,2),(2,2),(0.E+000,1.001293694427),(
    -3.E-003,0.E+000),.PIECEWISE_BEZIER_KNOTS.);
#675 = CARTESIAN_POINT('',(-4.48194291079,5.102999367,-11.38638609508));
#676 = CARTESIAN_POINT('',(-4.48194291079,5.099999367,-11.38638609508));
#677 = CARTESIAN_POINT('',(-4.513681355123,5.102999367,-11.42663504968)
  );
#678 = CARTESIAN_POINT('',(-4.513681355123,5.099999367,-11.42663504968)
  );
#679 = ADVANCED_FACE('',(#680),#706,.F.);
#680 = FACE_BOUND('',#681,.F.);
#681 = EDGE_LOOP('',(#682,#683,#692,#699));
#682 = ORIENTED_EDGE('',*,*,#663,.T.);
#683 = ORIENTED_EDGE('',*,*,#684,.T.);
#684 = EDGE_CURVE('',#657,#685,#687,.T.);
#685 = VERTEX_POINT('',#686);
#686 = CARTESIAN_POINT('',(-4.561672954417,5.102999367,-11.4051348132));
#687 = B_SPLINE_CURVE_WITH_KNOTS('',3,(#688,#689,#690,#691),
  .UNSPECIFIED.,.F.,.F.,(4,4),(0.E+000,1.),.PIECEWISE_BEZIER_KNOTS.);
#688 = CARTESIAN_POINT('',(-4.513681355123,5.102999367,-11.42663504968)
  );
#689 = CARTESIAN_POINT('',(-4.526415126136,5.102999367,-11.41390127867)
  );
#690 = CARTESIAN_POINT('',(-4.543628113083,5.102999367,-11.40615863398)
  );
#691 = CARTESIAN_POINT('',(-4.561672954417,5.102999367,-11.4051348132));
#692 = ORIENTED_EDGE('',*,*,#693,.F.);
#693 = EDGE_CURVE('',#694,#685,#696,.T.);
#694 = VERTEX_POINT('',#695);
#695 = CARTESIAN_POINT('',(-4.561672954417,5.099999367,-11.4051348132));
#696 = B_SPLINE_CURVE_WITH_KNOTS('',1,(#697,#698),.UNSPECIFIED.,.F.,.F.,
  (2,2),(0.E+000,3.E-003),.PIECEWISE_BEZIER_KNOTS.);
#697 = CARTESIAN_POINT('',(-4.561672954417,5.099999367,-11.4051348132));
#698 = CARTESIAN_POINT('',(-4.561672954417,5.102999367,-11.4051348132));
#699 = ORIENTED_EDGE('',*,*,#700,.F.);
#700 = EDGE_CURVE('',#664,#694,#701,.T.);
#701 = B_SPLINE_CURVE_WITH_KNOTS('',3,(#702,#703,#704,#705),
  .UNSPECIFIED.,.F.,.F.,(4,4),(0.E+000,1.),.PIECEWISE_BEZIER_KNOTS.);
#702 = CARTESIAN_POINT('',(-4.513681355123,5.099999367,-11.42663504968)
  );
#703 = CARTESIAN_POINT('',(-4.526415126136,5.099999367,-11.41390127867)
  );
#704 = CARTESIAN_POINT('',(-4.543628113083,5.099999367,-11.40615863398)
  );
#705 = CARTESIAN_POINT('',(-4.561672954417,5.099999367,-11.4051348132));
#706 = B_SPLINE_SURFACE_WITH_KNOTS('',3,1,(
    (#707,#708)
    ,(#709,#710)
    ,(#711,#712)
    ,(#713,#714
    )),.UNSPECIFIED.,.F.,.F.,.F.,(4,4),(2,2),(0.E+000,1.),(-3.E-003,
    0.E+000),.PIECEWISE_BEZIER_KNOTS.);
#707 = CARTESIAN_POINT('',(-4.513681355123,5.102999367,-11.42663504968)
  );
#708 = CARTESIAN_POINT('',(-4.513681355123,5.099999367,-11.42663504968)
  );
#709 = CARTESIAN_POINT('',(-4.526415126136,5.102999367,-11.41390127867)
  );
#710 = CARTESIAN_POINT('',(-4.526415126136,5.099999367,-11.41390127867)
  );
#711 = CARTESIAN_POINT('',(-4.543628113083,5.102999367,-11.40615863398)
  );
#712 = CARTESIAN_POINT('',(-4.543628113083,5.099999367,-11.40615863398)
  );
#713 = CARTESIAN_POINT('',(-4.561672954417,5.102999367,-11.4051348132));
#714 = CARTESIAN_POINT('',(-4.561672954417,5.099999367,-11.4051348132));
#715 = ADVANCED_FACE('',(#716),#742,.F.);
#716 = FACE_BOUND('',#717,.F.);
#717 = EDGE_LOOP('',(#718,#719,#728,#735));
#718 = ORIENTED_EDGE('',*,*,#693,.T.);
#719 = ORIENTED_EDGE('',*,*,#720,.T.);
#720 = EDGE_CURVE('',#685,#721,#723,.T.);
#721 = VERTEX_POINT('',#722);
#722 = CARTESIAN_POINT('',(-4.593923309143,5.102999367,-11.41940431539)
  );
#723 = B_SPLINE_CURVE_WITH_KNOTS('',3,(#724,#725,#726,#727),
  .UNSPECIFIED.,.F.,.F.,(4,4),(0.E+000,1.),.PIECEWISE_BEZIER_KNOTS.);
#724 = CARTESIAN_POINT('',(-4.561672954417,5.102999367,-11.4051348132));
#725 = CARTESIAN_POINT('',(-4.573894815038,5.102999367,-11.4051348132));
#726 = CARTESIAN_POINT('',(-4.585668754064,5.102999367,-11.41012593953)
  );
#727 = CARTESIAN_POINT('',(-4.593923309143,5.102999367,-11.41940431539)
  );
#728 = ORIENTED_EDGE('',*,*,#729,.F.);
#729 = EDGE_CURVE('',#730,#721,#732,.T.);
#730 = VERTEX_POINT('',#731);
#731 = CARTESIAN_POINT('',(-4.593923309143,5.099999367,-11.41940431539)
  );
#732 = B_SPLINE_CURVE_WITH_KNOTS('',1,(#733,#734),.UNSPECIFIED.,.F.,.F.,
  (2,2),(0.E+000,3.E-003),.PIECEWISE_BEZIER_KNOTS.);
#733 = CARTESIAN_POINT('',(-4.593923309143,5.099999367,-11.41940431539)
  );
#734 = CARTESIAN_POINT('',(-4.593923309143,5.102999367,-11.41940431539)
  );
#735 = ORIENTED_EDGE('',*,*,#736,.F.);
#736 = EDGE_CURVE('',#694,#730,#737,.T.);
#737 = B_SPLINE_CURVE_WITH_KNOTS('',3,(#738,#739,#740,#741),
  .UNSPECIFIED.,.F.,.F.,(4,4),(0.E+000,1.),.PIECEWISE_BEZIER_KNOTS.);
#738 = CARTESIAN_POINT('',(-4.561672954417,5.099999367,-11.4051348132));
#739 = CARTESIAN_POINT('',(-4.573894815038,5.099999367,-11.4051348132));
#740 = CARTESIAN_POINT('',(-4.585668754064,5.099999367,-11.41012593953)
  );
#741 = CARTESIAN_POINT('',(-4.593923309143,5.099999367,-11.41940431539)
  );
#742 = B_SPLINE_SURFACE_WITH_KNOTS('',3,1,(
    (#743,#744)
    ,(#745,#746)
    ,(#747,#748)
    ,(#749,#750
    )),.UNSPECIFIED.,.F.,.F.,.F.,(4,4),(2,2),(0.E+000,1.),(-3.E-003,
    0.E+000),.PIECEWISE_BEZIER_KNOTS.);
#743 = CARTESIAN_POINT('',(-4.561672954417,5.102999367,-11.4051348132));
#744 = CARTESIAN_POINT('',(-4.561672954417,5.099999367,-11.4051348132));
#745 = CARTESIAN_POINT('',(-4.573894815038,5.102999367,-11.4051348132));
#746 = CARTESIAN_POINT('',(-4.573894815038,5.099999367,-11.4051348132));
#747 = CARTESIAN_POINT('',(-4.585668754064,5.102999367,-11.41012593953)
  );
#748 = CARTESIAN_POINT('',(-4.585668754064,5.099999367,-11.41012593953)
  );
#749 = CARTESIAN_POINT('',(-4.593923309143,5.102999367,-11.41940431539)
  );
#750 = CARTESIAN_POINT('',(-4.593923309143,5.099999367,-11.41940431539)
  );
#751 = ADVANCED_FACE('',(#752),#778,.F.);
#752 = FACE_BOUND('',#753,.F.);
#753 = EDGE_LOOP('',(#754,#755,#764,#771));
#754 = ORIENTED_EDGE('',*,*,#729,.T.);
#755 = ORIENTED_EDGE('',*,*,#756,.T.);
#756 = EDGE_CURVE('',#721,#757,#759,.T.);
#757 = VERTEX_POINT('',#758);
#758 = CARTESIAN_POINT('',(-4.604417472189,5.102999367,-11.45312641249)
  );
#759 = B_SPLINE_CURVE_WITH_KNOTS('',3,(#760,#761,#762,#763),
  .UNSPECIFIED.,.F.,.F.,(4,4),(0.E+000,1.),.PIECEWISE_BEZIER_KNOTS.);
#760 = CARTESIAN_POINT('',(-4.593923309143,5.102999367,-11.41940431539)
  );
#761 = CARTESIAN_POINT('',(-4.602177864222,5.102999367,-11.42861870245)
  );
#762 = CARTESIAN_POINT('',(-4.605889214567,5.102999367,-11.44090455187)
  );
#763 = CARTESIAN_POINT('',(-4.604417472189,5.102999367,-11.45312641249)
  );
#764 = ORIENTED_EDGE('',*,*,#765,.F.);
#765 = EDGE_CURVE('',#766,#757,#768,.T.);
#766 = VERTEX_POINT('',#767);
#767 = CARTESIAN_POINT('',(-4.604417472189,5.099999367,-11.45312641249)
  );
#768 = B_SPLINE_CURVE_WITH_KNOTS('',1,(#769,#770),.UNSPECIFIED.,.F.,.F.,
  (2,2),(0.E+000,3.E-003),.PIECEWISE_BEZIER_KNOTS.);
#769 = CARTESIAN_POINT('',(-4.604417472189,5.099999367,-11.45312641249)
  );
#770 = CARTESIAN_POINT('',(-4.604417472189,5.102999367,-11.45312641249)
  );
#771 = ORIENTED_EDGE('',*,*,#772,.F.);
#772 = EDGE_CURVE('',#730,#766,#773,.T.);
#773 = B_SPLINE_CURVE_WITH_KNOTS('',3,(#774,#775,#776,#777),
  .UNSPECIFIED.,.F.,.F.,(4,4),(0.E+000,1.),.PIECEWISE_BEZIER_KNOTS.);
#774 = CARTESIAN_POINT('',(-4.593923309143,5.099999367,-11.41940431539)
  );
#775 = CARTESIAN_POINT('',(-4.602177864222,5.099999367,-11.42861870245)
  );
#776 = CARTESIAN_POINT('',(-4.605889214567,5.099999367,-11.44090455187)
  );
#777 = CARTESIAN_POINT('',(-4.604417472189,5.099999367,-11.45312641249)
  );
#778 = B_SPLINE_SURFACE_WITH_KNOTS('',3,1,(
    (#779,#780)
    ,(#781,#782)
    ,(#783,#784)
    ,(#785,#786
    )),.UNSPECIFIED.,.F.,.F.,.F.,(4,4),(2,2),(0.E+000,1.),(-3.E-003,
    0.E+000),.PIECEWISE_BEZIER_KNOTS.);
#779 = CARTESIAN_POINT('',(-4.593923309143,5.102999367,-11.41940431539)
  );
#780 = CARTESIAN_POINT('',(-4.593923309143,5.099999367,-11.41940431539)
  );
#781 = CARTESIAN_POINT('',(-4.602177864222,5.102999367,-11.42861870245)
  );
#782 = CARTESIAN_POINT('',(-4.602177864222,5.099999367,-11.42861870245)
  );
#783 = CARTESIAN_POINT('',(-4.605889214567,5.102999367,-11.44090455187)
  );
#784 = CARTESIAN_POINT('',(-4.605889214567,5.099999367,-11.44090455187)
  );
#785 = CARTESIAN_POINT('',(-4.604417472189,5.102999367,-11.45312641249)
  );
#786 = CARTESIAN_POINT('',(-4.604417472189,5.099999367,-11.45312641249)
  );
#787 = ADVANCED_FACE('',(#788),#814,.F.);
#788 = FACE_BOUND('',#789,.F.);
#789 = EDGE_LOOP('',(#790,#791,#800,#807));
#790 = ORIENTED_EDGE('',*,*,#765,.T.);
#791 = ORIENTED_EDGE('',*,*,#792,.T.);
#792 = EDGE_CURVE('',#757,#793,#795,.T.);
#793 = VERTEX_POINT('',#794);
#794 = CARTESIAN_POINT('',(-4.541388505116,5.102999367,-11.52933707217)
  );
#795 = B_SPLINE_CURVE_WITH_KNOTS('',3,(#796,#797,#798,#799),
  .UNSPECIFIED.,.F.,.F.,(4,4),(0.E+000,1.),.PIECEWISE_BEZIER_KNOTS.);
#796 = CARTESIAN_POINT('',(-4.604417472189,5.102999367,-11.45312641249)
  );
#797 = CARTESIAN_POINT('',(-4.606398565408,5.102999367,-11.49113575914)
  );
#798 = CARTESIAN_POINT('',(-4.57914189656,5.102999367,-11.52408999065));
#799 = CARTESIAN_POINT('',(-4.541388505116,5.102999367,-11.52933707217)
  );
#800 = ORIENTED_EDGE('',*,*,#801,.F.);
#801 = EDGE_CURVE('',#802,#793,#804,.T.);
#802 = VERTEX_POINT('',#803);
#803 = CARTESIAN_POINT('',(-4.541388505116,5.099999367,-11.52933707217)
  );
#804 = B_SPLINE_CURVE_WITH_KNOTS('',1,(#805,#806),.UNSPECIFIED.,.F.,.F.,
  (2,2),(0.E+000,3.E-003),.PIECEWISE_BEZIER_KNOTS.);
#805 = CARTESIAN_POINT('',(-4.541388505116,5.099999367,-11.52933707217)
  );
#806 = CARTESIAN_POINT('',(-4.541388505116,5.102999367,-11.52933707217)
  );
#807 = ORIENTED_EDGE('',*,*,#808,.F.);
#808 = EDGE_CURVE('',#766,#802,#809,.T.);
#809 = B_SPLINE_CURVE_WITH_KNOTS('',3,(#810,#811,#812,#813),
  .UNSPECIFIED.,.F.,.F.,(4,4),(0.E+000,1.),.PIECEWISE_BEZIER_KNOTS.);
#810 = CARTESIAN_POINT('',(-4.604417472189,5.099999367,-11.45312641249)
  );
#811 = CARTESIAN_POINT('',(-4.606398565408,5.099999367,-11.49113575914)
  );
#812 = CARTESIAN_POINT('',(-4.57914189656,5.099999367,-11.52408999065));
#813 = CARTESIAN_POINT('',(-4.541388505116,5.099999367,-11.52933707217)
  );
#814 = B_SPLINE_SURFACE_WITH_KNOTS('',3,1,(
    (#815,#816)
    ,(#817,#818)
    ,(#819,#820)
    ,(#821,#822
    )),.UNSPECIFIED.,.F.,.F.,.F.,(4,4),(2,2),(0.E+000,1.),(-3.E-003,
    0.E+000),.PIECEWISE_BEZIER_KNOTS.);
#815 = CARTESIAN_POINT('',(-4.604417472189,5.102999367,-11.45312641249)
  );
#816 = CARTESIAN_POINT('',(-4.604417472189,5.099999367,-11.45312641249)
  );
#817 = CARTESIAN_POINT('',(-4.606398565408,5.102999367,-11.49113575914)
  );
#818 = CARTESIAN_POINT('',(-4.606398565408,5.099999367,-11.49113575914)
  );
#819 = CARTESIAN_POINT('',(-4.57914189656,5.102999367,-11.52408999065));
#820 = CARTESIAN_POINT('',(-4.57914189656,5.099999367,-11.52408999065));
#821 = CARTESIAN_POINT('',(-4.541388505116,5.102999367,-11.52933707217)
  );
#822 = CARTESIAN_POINT('',(-4.541388505116,5.099999367,-11.52933707217)
  );
#823 = ADVANCED_FACE('',(#824),#850,.F.);
#824 = FACE_BOUND('',#825,.F.);
#825 = EDGE_LOOP('',(#826,#827,#836,#843));
#826 = ORIENTED_EDGE('',*,*,#801,.T.);
#827 = ORIENTED_EDGE('',*,*,#828,.T.);
#828 = EDGE_CURVE('',#793,#829,#831,.T.);
#829 = VERTEX_POINT('',#830);
#830 = CARTESIAN_POINT('',(-4.493396905821,5.102999367,-11.5006061014));
#831 = B_SPLINE_CURVE_WITH_KNOTS('',3,(#832,#833,#834,#835),
  .UNSPECIFIED.,.F.,.F.,(4,4),(0.E+000,1.),.PIECEWISE_BEZIER_KNOTS.);
#832 = CARTESIAN_POINT('',(-4.541388505116,5.102999367,-11.52933707217)
  );
#833 = CARTESIAN_POINT('',(-4.521168044613,5.102999367,-11.53010493776)
  );
#834 = CARTESIAN_POINT('',(-4.502419326489,5.102999367,-11.51884290913)
  );
#835 = CARTESIAN_POINT('',(-4.493396905821,5.102999367,-11.5006061014));
#836 = ORIENTED_EDGE('',*,*,#837,.F.);
#837 = EDGE_CURVE('',#838,#829,#840,.T.);
#838 = VERTEX_POINT('',#839);
#839 = CARTESIAN_POINT('',(-4.493396905821,5.099999367,-11.5006061014));
#840 = B_SPLINE_CURVE_WITH_KNOTS('',1,(#841,#842),.UNSPECIFIED.,.F.,.F.,
  (2,2),(0.E+000,3.E-003),.PIECEWISE_BEZIER_KNOTS.);
#841 = CARTESIAN_POINT('',(-4.493396905821,5.099999367,-11.5006061014));
#842 = CARTESIAN_POINT('',(-4.493396905821,5.102999367,-11.5006061014));
#843 = ORIENTED_EDGE('',*,*,#844,.F.);
#844 = EDGE_CURVE('',#802,#838,#845,.T.);
#845 = B_SPLINE_CURVE_WITH_KNOTS('',3,(#846,#847,#848,#849),
  .UNSPECIFIED.,.F.,.F.,(4,4),(0.E+000,1.),.PIECEWISE_BEZIER_KNOTS.);
#846 = CARTESIAN_POINT('',(-4.541388505116,5.099999367,-11.52933707217)
  );
#847 = CARTESIAN_POINT('',(-4.521168044613,5.099999367,-11.53010493776)
  );
#848 = CARTESIAN_POINT('',(-4.502419326489,5.099999367,-11.51884290913)
  );
#849 = CARTESIAN_POINT('',(-4.493396905821,5.099999367,-11.5006061014));
#850 = B_SPLINE_SURFACE_WITH_KNOTS('',3,1,(
    (#851,#852)
    ,(#853,#854)
    ,(#855,#856)
    ,(#857,#858
    )),.UNSPECIFIED.,.F.,.F.,.F.,(4,4),(2,2),(0.E+000,1.),(-3.E-003,
    0.E+000),.PIECEWISE_BEZIER_KNOTS.);
#851 = CARTESIAN_POINT('',(-4.541388505116,5.102999367,-11.52933707217)
  );
#852 = CARTESIAN_POINT('',(-4.541388505116,5.099999367,-11.52933707217)
  );
#853 = CARTESIAN_POINT('',(-4.521168044613,5.102999367,-11.53010493776)
  );
#854 = CARTESIAN_POINT('',(-4.521168044613,5.099999367,-11.53010493776)
  );
#855 = CARTESIAN_POINT('',(-4.502419326489,5.102999367,-11.51884290913)
  );
#856 = CARTESIAN_POINT('',(-4.502419326489,5.099999367,-11.51884290913)
  );
#857 = CARTESIAN_POINT('',(-4.493396905821,5.102999367,-11.5006061014));
#858 = CARTESIAN_POINT('',(-4.493396905821,5.099999367,-11.5006061014));
#859 = ADVANCED_FACE('',(#860),#882,.F.);
#860 = FACE_BOUND('',#861,.F.);
#861 = EDGE_LOOP('',(#862,#863,#870,#877));
#862 = ORIENTED_EDGE('',*,*,#837,.T.);
#863 = ORIENTED_EDGE('',*,*,#864,.T.);
#864 = EDGE_CURVE('',#829,#865,#867,.T.);
#865 = VERTEX_POINT('',#866);
#866 = CARTESIAN_POINT('',(-4.445405306527,5.102999367,-11.5341362321));
#867 = B_SPLINE_CURVE_WITH_KNOTS('',1,(#868,#869),.UNSPECIFIED.,.F.,.F.,
  (2,2),(0.E+000,1.143648219515),.PIECEWISE_BEZIER_KNOTS.);
#868 = CARTESIAN_POINT('',(-4.493396905821,5.102999367,-11.5006061014));
#869 = CARTESIAN_POINT('',(-4.445405306527,5.102999367,-11.5341362321));
#870 = ORIENTED_EDGE('',*,*,#871,.F.);
#871 = EDGE_CURVE('',#872,#865,#874,.T.);
#872 = VERTEX_POINT('',#873);
#873 = CARTESIAN_POINT('',(-4.445405306527,5.099999367,-11.5341362321));
#874 = B_SPLINE_CURVE_WITH_KNOTS('',1,(#875,#876),.UNSPECIFIED.,.F.,.F.,
  (2,2),(0.E+000,3.E-003),.PIECEWISE_BEZIER_KNOTS.);
#875 = CARTESIAN_POINT('',(-4.445405306527,5.099999367,-11.5341362321));
#876 = CARTESIAN_POINT('',(-4.445405306527,5.102999367,-11.5341362321));
#877 = ORIENTED_EDGE('',*,*,#878,.F.);
#878 = EDGE_CURVE('',#838,#872,#879,.T.);
#879 = B_SPLINE_CURVE_WITH_KNOTS('',1,(#880,#881),.UNSPECIFIED.,.F.,.F.,
  (2,2),(0.E+000,1.143648219515),.PIECEWISE_BEZIER_KNOTS.);
#880 = CARTESIAN_POINT('',(-4.493396905821,5.099999367,-11.5006061014));
#881 = CARTESIAN_POINT('',(-4.445405306527,5.099999367,-11.5341362321));
#882 = B_SPLINE_SURFACE_WITH_KNOTS('',1,1,(
    (#883,#884)
    ,(#885,#886
    )),.UNSPECIFIED.,.F.,.F.,.F.,(2,2),(2,2),(0.E+000,1.143648219515),(
    -3.E-003,0.E+000),.PIECEWISE_BEZIER_KNOTS.);
#883 = CARTESIAN_POINT('',(-4.493396905821,5.102999367,-11.5006061014));
#884 = CARTESIAN_POINT('',(-4.493396905821,5.099999367,-11.5006061014));
#885 = CARTESIAN_POINT('',(-4.445405306527,5.102999367,-11.5341362321));
#886 = CARTESIAN_POINT('',(-4.445405306527,5.099999367,-11.5341362321));
#887 = ADVANCED_FACE('',(#888),#914,.F.);
#888 = FACE_BOUND('',#889,.F.);
#889 = EDGE_LOOP('',(#890,#891,#900,#907));
#890 = ORIENTED_EDGE('',*,*,#871,.T.);
#891 = ORIENTED_EDGE('',*,*,#892,.T.);
#892 = EDGE_CURVE('',#865,#893,#895,.T.);
#893 = VERTEX_POINT('',#894);
#894 = CARTESIAN_POINT('',(-4.535181591607,5.102999367,-11.5821278314));
#895 = B_SPLINE_CURVE_WITH_KNOTS('',3,(#896,#897,#898,#899),
  .UNSPECIFIED.,.F.,.F.,(4,4),(0.E+000,1.),.PIECEWISE_BEZIER_KNOTS.);
#896 = CARTESIAN_POINT('',(-4.445405306527,5.102999367,-11.5341362321));
#897 = CARTESIAN_POINT('',(-4.463898069455,5.102999367,-11.56613063163)
  );
#898 = CARTESIAN_POINT('',(-4.498643987344,5.102999367,-11.58462339456)
  );
#899 = CARTESIAN_POINT('',(-4.535181591607,5.102999367,-11.5821278314));
#900 = ORIENTED_EDGE('',*,*,#901,.F.);
#901 = EDGE_CURVE('',#902,#893,#904,.T.);
#902 = VERTEX_POINT('',#903);
#903 = CARTESIAN_POINT('',(-4.535181591607,5.099999367,-11.5821278314));
#904 = B_SPLINE_CURVE_WITH_KNOTS('',1,(#905,#906),.UNSPECIFIED.,.F.,.F.,
  (2,2),(0.E+000,3.E-003),.PIECEWISE_BEZIER_KNOTS.);
#905 = CARTESIAN_POINT('',(-4.535181591607,5.099999367,-11.5821278314));
#906 = CARTESIAN_POINT('',(-4.535181591607,5.102999367,-11.5821278314));
#907 = ORIENTED_EDGE('',*,*,#908,.F.);
#908 = EDGE_CURVE('',#872,#902,#909,.T.);
#909 = B_SPLINE_CURVE_WITH_KNOTS('',3,(#910,#911,#912,#913),
  .UNSPECIFIED.,.F.,.F.,(4,4),(0.E+000,1.),.PIECEWISE_BEZIER_KNOTS.);
#910 = CARTESIAN_POINT('',(-4.445405306527,5.099999367,-11.5341362321));
#911 = CARTESIAN_POINT('',(-4.463898069455,5.099999367,-11.56613063163)
  );
#912 = CARTESIAN_POINT('',(-4.498643987344,5.099999367,-11.58462339456)
  );
#913 = CARTESIAN_POINT('',(-4.535181591607,5.099999367,-11.5821278314));
#914 = B_SPLINE_SURFACE_WITH_KNOTS('',3,1,(
    (#915,#916)
    ,(#917,#918)
    ,(#919,#920)
    ,(#921,#922
    )),.UNSPECIFIED.,.F.,.F.,.F.,(4,4),(2,2),(0.E+000,1.),(-3.E-003,
    0.E+000),.PIECEWISE_BEZIER_KNOTS.);
#915 = CARTESIAN_POINT('',(-4.445405306527,5.102999367,-11.5341362321));
#916 = CARTESIAN_POINT('',(-4.445405306527,5.099999367,-11.5341362321));
#917 = CARTESIAN_POINT('',(-4.463898069455,5.102999367,-11.56613063163)
  );
#918 = CARTESIAN_POINT('',(-4.463898069455,5.099999367,-11.56613063163)
  );
#919 = CARTESIAN_POINT('',(-4.498643987344,5.102999367,-11.58462339456)
  );
#920 = CARTESIAN_POINT('',(-4.498643987344,5.099999367,-11.58462339456)
  );
#921 = CARTESIAN_POINT('',(-4.535181591607,5.102999367,-11.5821278314));
#922 = CARTESIAN_POINT('',(-4.535181591607,5.099999367,-11.5821278314));
#923 = ADVANCED_FACE('',(#924),#950,.F.);
#924 = FACE_BOUND('',#925,.F.);
#925 = EDGE_LOOP('',(#926,#927,#936,#943));
#926 = ORIENTED_EDGE('',*,*,#901,.T.);
#927 = ORIENTED_EDGE('',*,*,#928,.T.);
#928 = EDGE_CURVE('',#893,#929,#931,.T.);
#929 = VERTEX_POINT('',#930);
#930 = CARTESIAN_POINT('',(-4.630396924607,5.102999367,-11.54533427194)
  );
#931 = B_SPLINE_CURVE_WITH_KNOTS('',3,(#932,#933,#934,#935),
  .UNSPECIFIED.,.F.,.F.,(4,4),(0.E+000,1.),.PIECEWISE_BEZIER_KNOTS.);
#932 = CARTESIAN_POINT('',(-4.535181591607,5.102999367,-11.5821278314));
#933 = CARTESIAN_POINT('',(-4.570631386286,5.102999367,-11.58334617813)
  );
#934 = CARTESIAN_POINT('',(-4.605121348978,5.102999367,-11.57009793717)
  );
#935 = CARTESIAN_POINT('',(-4.630396924607,5.102999367,-11.54533427194)
  );
#936 = ORIENTED_EDGE('',*,*,#937,.F.);
#937 = EDGE_CURVE('',#938,#929,#940,.T.);
#938 = VERTEX_POINT('',#939);
#939 = CARTESIAN_POINT('',(-4.630396924607,5.099999367,-11.54533427194)
  );
#940 = B_SPLINE_CURVE_WITH_KNOTS('',1,(#941,#942),.UNSPECIFIED.,.F.,.F.,
  (2,2),(0.E+000,3.E-003),.PIECEWISE_BEZIER_KNOTS.);
#941 = CARTESIAN_POINT('',(-4.630396924607,5.099999367,-11.54533427194)
  );
#942 = CARTESIAN_POINT('',(-4.630396924607,5.102999367,-11.54533427194)
  );
#943 = ORIENTED_EDGE('',*,*,#944,.F.);
#944 = EDGE_CURVE('',#902,#938,#945,.T.);
#945 = B_SPLINE_CURVE_WITH_KNOTS('',3,(#946,#947,#948,#949),
  .UNSPECIFIED.,.F.,.F.,(4,4),(0.E+000,1.),.PIECEWISE_BEZIER_KNOTS.);
#946 = CARTESIAN_POINT('',(-4.535181591607,5.099999367,-11.5821278314));
#947 = CARTESIAN_POINT('',(-4.570631386286,5.099999367,-11.58334617813)
  );
#948 = CARTESIAN_POINT('',(-4.605121348978,5.099999367,-11.57009793717)
  );
#949 = CARTESIAN_POINT('',(-4.630396924607,5.099999367,-11.54533427194)
  );
#950 = B_SPLINE_SURFACE_WITH_KNOTS('',3,1,(
    (#951,#952)
    ,(#953,#954)
    ,(#955,#956)
    ,(#957,#958
    )),.UNSPECIFIED.,.F.,.F.,.F.,(4,4),(2,2),(0.E+000,1.),(-3.E-003,
    0.E+000),.PIECEWISE_BEZIER_KNOTS.);
#951 = CARTESIAN_POINT('',(-4.535181591607,5.102999367,-11.5821278314));
#952 = CARTESIAN_POINT('',(-4.535181591607,5.099999367,-11.5821278314));
#953 = CARTESIAN_POINT('',(-4.570631386286,5.102999367,-11.58334617813)
  );
#954 = CARTESIAN_POINT('',(-4.570631386286,5.099999367,-11.58334617813)
  );
#955 = CARTESIAN_POINT('',(-4.605121348978,5.102999367,-11.57009793717)
  );
#956 = CARTESIAN_POINT('',(-4.605121348978,5.099999367,-11.57009793717)
  );
#957 = CARTESIAN_POINT('',(-4.630396924607,5.102999367,-11.54533427194)
  );
#958 = CARTESIAN_POINT('',(-4.630396924607,5.099999367,-11.54533427194)
  );
#959 = ADVANCED_FACE('',(#960),#986,.F.);
#960 = FACE_BOUND('',#961,.F.);
#961 = EDGE_LOOP('',(#962,#963,#972,#979));
#962 = ORIENTED_EDGE('',*,*,#937,.T.);
#963 = ORIENTED_EDGE('',*,*,#964,.T.);
#964 = EDGE_CURVE('',#929,#965,#967,.T.);
#965 = VERTEX_POINT('',#966);
#966 = CARTESIAN_POINT('',(-4.669622058431,5.102999367,-11.45114275972)
  );
#967 = B_SPLINE_CURVE_WITH_KNOTS('',3,(#968,#969,#970,#971),
  .UNSPECIFIED.,.F.,.F.,(4,4),(0.E+000,1.),.PIECEWISE_BEZIER_KNOTS.);
#968 = CARTESIAN_POINT('',(-4.630396924607,5.102999367,-11.54533427194)
  );
#969 = CARTESIAN_POINT('',(-4.655608511436,5.102999367,-11.5206345955));
#970 = CARTESIAN_POINT('',(-4.669878013626,5.102999367,-11.4865925544));
#971 = CARTESIAN_POINT('',(-4.669622058431,5.102999367,-11.45114275972)
  );
#972 = ORIENTED_EDGE('',*,*,#973,.F.);
#973 = EDGE_CURVE('',#974,#965,#976,.T.);
#974 = VERTEX_POINT('',#975);
#975 = CARTESIAN_POINT('',(-4.669622058431,5.099999367,-11.45114275972)
  );
#976 = B_SPLINE_CURVE_WITH_KNOTS('',1,(#977,#978),.UNSPECIFIED.,.F.,.F.,
  (2,2),(0.E+000,3.E-003),.PIECEWISE_BEZIER_KNOTS.);
#977 = CARTESIAN_POINT('',(-4.669622058431,5.099999367,-11.45114275972)
  );
#978 = CARTESIAN_POINT('',(-4.669622058431,5.102999367,-11.45114275972)
  );
#979 = ORIENTED_EDGE('',*,*,#980,.F.);
#980 = EDGE_CURVE('',#938,#974,#981,.T.);
#981 = B_SPLINE_CURVE_WITH_KNOTS('',3,(#982,#983,#984,#985),
  .UNSPECIFIED.,.F.,.F.,(4,4),(0.E+000,1.),.PIECEWISE_BEZIER_KNOTS.);
#982 = CARTESIAN_POINT('',(-4.630396924607,5.099999367,-11.54533427194)
  );
#983 = CARTESIAN_POINT('',(-4.655608511436,5.099999367,-11.5206345955));
#984 = CARTESIAN_POINT('',(-4.669878013626,5.099999367,-11.4865925544));
#985 = CARTESIAN_POINT('',(-4.669622058431,5.099999367,-11.45114275972)
  );
#986 = B_SPLINE_SURFACE_WITH_KNOTS('',3,1,(
    (#987,#988)
    ,(#989,#990)
    ,(#991,#992)
    ,(#993,#994
    )),.UNSPECIFIED.,.F.,.F.,.F.,(4,4),(2,2),(0.E+000,1.),(-3.E-003,
    0.E+000),.PIECEWISE_BEZIER_KNOTS.);
#987 = CARTESIAN_POINT('',(-4.630396924607,5.102999367,-11.54533427194)
  );
#988 = CARTESIAN_POINT('',(-4.630396924607,5.099999367,-11.54533427194)
  );
#989 = CARTESIAN_POINT('',(-4.655608511436,5.102999367,-11.5206345955));
#990 = CARTESIAN_POINT('',(-4.655608511436,5.099999367,-11.5206345955));
#991 = CARTESIAN_POINT('',(-4.669878013626,5.102999367,-11.4865925544));
#992 = CARTESIAN_POINT('',(-4.669878013626,5.099999367,-11.4865925544));
#993 = CARTESIAN_POINT('',(-4.669622058431,5.102999367,-11.45114275972)
  );
#994 = CARTESIAN_POINT('',(-4.669622058431,5.099999367,-11.45114275972)
  );
#995 = ADVANCED_FACE('',(#996),#1022,.F.);
#996 = FACE_BOUND('',#997,.F.);
#997 = EDGE_LOOP('',(#998,#999,#1008,#1015));
#998 = ORIENTED_EDGE('',*,*,#973,.T.);
#999 = ORIENTED_EDGE('',*,*,#1000,.T.);
#1000 = EDGE_CURVE('',#965,#1001,#1003,.T.);
#1001 = VERTEX_POINT('',#1002);
#1002 = CARTESIAN_POINT('',(-4.639611311672,5.102999367,-11.37813154));
#1003 = B_SPLINE_CURVE_WITH_KNOTS('',3,(#1004,#1005,#1006,#1007),
  .UNSPECIFIED.,.F.,.F.,(4,4),(0.E+000,1.),.PIECEWISE_BEZIER_KNOTS.);
#1004 = CARTESIAN_POINT('',(-4.669622058431,5.102999367,-11.45114275972)
  );
#1005 = CARTESIAN_POINT('',(-4.670645879216,5.102999367,-11.42362757613)
  );
#1006 = CARTESIAN_POINT('',(-4.659639805776,5.102999367,-11.39713621332)
  );
#1007 = CARTESIAN_POINT('',(-4.639611311672,5.102999367,-11.37813154));
#1008 = ORIENTED_EDGE('',*,*,#1009,.F.);
#1009 = EDGE_CURVE('',#1010,#1001,#1012,.T.);
#1010 = VERTEX_POINT('',#1011);
#1011 = CARTESIAN_POINT('',(-4.639611311672,5.099999367,-11.37813154));
#1012 = B_SPLINE_CURVE_WITH_KNOTS('',1,(#1013,#1014),.UNSPECIFIED.,.F.,
  .F.,(2,2),(0.E+000,3.E-003),.PIECEWISE_BEZIER_KNOTS.);
#1013 = CARTESIAN_POINT('',(-4.639611311672,5.099999367,-11.37813154));
#1014 = CARTESIAN_POINT('',(-4.639611311672,5.102999367,-11.37813154));
#1015 = ORIENTED_EDGE('',*,*,#1016,.F.);
#1016 = EDGE_CURVE('',#974,#1010,#1017,.T.);
#1017 = B_SPLINE_CURVE_WITH_KNOTS('',3,(#1018,#1019,#1020,#1021),
  .UNSPECIFIED.,.F.,.F.,(4,4),(0.E+000,1.),.PIECEWISE_BEZIER_KNOTS.);
#1018 = CARTESIAN_POINT('',(-4.669622058431,5.099999367,-11.45114275972)
  );
#1019 = CARTESIAN_POINT('',(-4.670645879216,5.099999367,-11.42362757613)
  );
#1020 = CARTESIAN_POINT('',(-4.659639805776,5.099999367,-11.39713621332)
  );
#1021 = CARTESIAN_POINT('',(-4.639611311672,5.099999367,-11.37813154));
#1022 = B_SPLINE_SURFACE_WITH_KNOTS('',3,1,(
    (#1023,#1024)
    ,(#1025,#1026)
    ,(#1027,#1028)
    ,(#1029,#1030
    )),.UNSPECIFIED.,.F.,.F.,.F.,(4,4),(2,2),(0.E+000,1.),(-3.E-003,
    0.E+000),.PIECEWISE_BEZIER_KNOTS.);
#1023 = CARTESIAN_POINT('',(-4.669622058431,5.102999367,-11.45114275972)
  );
#1024 = CARTESIAN_POINT('',(-4.669622058431,5.099999367,-11.45114275972)
  );
#1025 = CARTESIAN_POINT('',(-4.670645879216,5.102999367,-11.42362757613)
  );
#1026 = CARTESIAN_POINT('',(-4.670645879216,5.099999367,-11.42362757613)
  );
#1027 = CARTESIAN_POINT('',(-4.659639805776,5.102999367,-11.39713621332)
  );
#1028 = CARTESIAN_POINT('',(-4.659639805776,5.099999367,-11.39713621332)
  );
#1029 = CARTESIAN_POINT('',(-4.639611311672,5.102999367,-11.37813154));
#1030 = CARTESIAN_POINT('',(-4.639611311672,5.099999367,-11.37813154));
#1031 = ADVANCED_FACE('',(#1032),#1058,.F.);
#1032 = FACE_BOUND('',#1033,.F.);
#1033 = EDGE_LOOP('',(#1034,#1035,#1044,#1051));
#1034 = ORIENTED_EDGE('',*,*,#1009,.T.);
#1035 = ORIENTED_EDGE('',*,*,#1036,.T.);
#1036 = EDGE_CURVE('',#1001,#1037,#1039,.T.);
#1037 = VERTEX_POINT('',#1038);
#1038 = CARTESIAN_POINT('',(-4.565128349566,5.102999367,-11.35240804278)
  );
#1039 = B_SPLINE_CURVE_WITH_KNOTS('',3,(#1040,#1041,#1042,#1043),
  .UNSPECIFIED.,.F.,.F.,(4,4),(0.E+000,1.),.PIECEWISE_BEZIER_KNOTS.);
#1040 = CARTESIAN_POINT('',(-4.639611311672,5.102999367,-11.37813154));
#1041 = CARTESIAN_POINT('',(-4.619646806365,5.102999367,-11.35912686668)
  );
#1042 = CARTESIAN_POINT('',(-4.592387577966,5.102999367,-11.34991247961)
  );
#1043 = CARTESIAN_POINT('',(-4.565128349566,5.102999367,-11.35240804278)
  );
#1044 = ORIENTED_EDGE('',*,*,#1045,.F.);
#1045 = EDGE_CURVE('',#1046,#1037,#1048,.T.);
#1046 = VERTEX_POINT('',#1047);
#1047 = CARTESIAN_POINT('',(-4.565128349566,5.099999367,-11.35240804278)
  );
#1048 = B_SPLINE_CURVE_WITH_KNOTS('',1,(#1049,#1050),.UNSPECIFIED.,.F.,
  .F.,(2,2),(0.E+000,3.E-003),.PIECEWISE_BEZIER_KNOTS.);
#1049 = CARTESIAN_POINT('',(-4.565128349566,5.099999367,-11.35240804278)
  );
#1050 = CARTESIAN_POINT('',(-4.565128349566,5.102999367,-11.35240804278)
  );
#1051 = ORIENTED_EDGE('',*,*,#1052,.F.);
#1052 = EDGE_CURVE('',#1010,#1046,#1053,.T.);
#1053 = B_SPLINE_CURVE_WITH_KNOTS('',3,(#1054,#1055,#1056,#1057),
  .UNSPECIFIED.,.F.,.F.,(4,4),(0.E+000,1.),.PIECEWISE_BEZIER_KNOTS.);
#1054 = CARTESIAN_POINT('',(-4.639611311672,5.099999367,-11.37813154));
#1055 = CARTESIAN_POINT('',(-4.619646806365,5.099999367,-11.35912686668)
  );
#1056 = CARTESIAN_POINT('',(-4.592387577966,5.099999367,-11.34991247961)
  );
#1057 = CARTESIAN_POINT('',(-4.565128349566,5.099999367,-11.35240804278)
  );
#1058 = B_SPLINE_SURFACE_WITH_KNOTS('',3,1,(
    (#1059,#1060)
    ,(#1061,#1062)
    ,(#1063,#1064)
    ,(#1065,#1066
    )),.UNSPECIFIED.,.F.,.F.,.F.,(4,4),(2,2),(0.E+000,1.),(-3.E-003,
    0.E+000),.PIECEWISE_BEZIER_KNOTS.);
#1059 = CARTESIAN_POINT('',(-4.639611311672,5.102999367,-11.37813154));
#1060 = CARTESIAN_POINT('',(-4.639611311672,5.099999367,-11.37813154));
#1061 = CARTESIAN_POINT('',(-4.619646806365,5.102999367,-11.35912686668)
  );
#1062 = CARTESIAN_POINT('',(-4.619646806365,5.099999367,-11.35912686668)
  );
#1063 = CARTESIAN_POINT('',(-4.592387577966,5.102999367,-11.34991247961)
  );
#1064 = CARTESIAN_POINT('',(-4.592387577966,5.099999367,-11.34991247961)
  );
#1065 = CARTESIAN_POINT('',(-4.565128349566,5.102999367,-11.35240804278)
  );
#1066 = CARTESIAN_POINT('',(-4.565128349566,5.099999367,-11.35240804278)
  );
#1067 = ADVANCED_FACE('',(#1068),#1082,.F.);
#1068 = FACE_BOUND('',#1069,.F.);
#1069 = EDGE_LOOP('',(#1070,#1071,#1076,#1077));
#1070 = ORIENTED_EDGE('',*,*,#1045,.T.);
#1071 = ORIENTED_EDGE('',*,*,#1072,.T.);
#1072 = EDGE_CURVE('',#1037,#614,#1073,.T.);
#1073 = B_SPLINE_CURVE_WITH_KNOTS('',1,(#1074,#1075),.UNSPECIFIED.,.F.,
  .F.,(2,2),(0.E+000,3.041381265149E-002),.PIECEWISE_BEZIER_KNOTS.);
#1074 = CARTESIAN_POINT('',(-4.565128349566,5.102999367,-11.35240804278)
  );
#1075 = CARTESIAN_POINT('',(-4.565384304763,5.102999367,-11.3508723116)
  );
#1076 = ORIENTED_EDGE('',*,*,#611,.F.);
#1077 = ORIENTED_EDGE('',*,*,#1078,.F.);
#1078 = EDGE_CURVE('',#1046,#612,#1079,.T.);
#1079 = B_SPLINE_CURVE_WITH_KNOTS('',1,(#1080,#1081),.UNSPECIFIED.,.F.,
  .F.,(2,2),(0.E+000,3.041381265149E-002),.PIECEWISE_BEZIER_KNOTS.);
#1080 = CARTESIAN_POINT('',(-4.565128349566,5.099999367,-11.35240804278)
  );
#1081 = CARTESIAN_POINT('',(-4.565384304763,5.099999367,-11.3508723116)
  );
#1082 = B_SPLINE_SURFACE_WITH_KNOTS('',1,1,(
    (#1083,#1084)
    ,(#1085,#1086
    )),.UNSPECIFIED.,.F.,.F.,.F.,(2,2),(2,2),(0.E+000,
    3.041381265149E-002),(-3.E-003,0.E+000),.PIECEWISE_BEZIER_KNOTS.);
#1083 = CARTESIAN_POINT('',(-4.565128349566,5.102999367,-11.35240804278)
  );
#1084 = CARTESIAN_POINT('',(-4.565128349566,5.099999367,-11.35240804278)
  );
#1085 = CARTESIAN_POINT('',(-4.565384304763,5.102999367,-11.3508723116)
  );
#1086 = CARTESIAN_POINT('',(-4.565384304763,5.099999367,-11.3508723116)
  );
#1087 = ADVANCED_FACE('',(#1088),#1104,.F.);
#1088 = FACE_BOUND('',#1089,.F.);
#1089 = EDGE_LOOP('',(#1090,#1091,#1092,#1093,#1094,#1095,#1096,#1097,
    #1098,#1099,#1100,#1101,#1102,#1103));
#1090 = ORIENTED_EDGE('',*,*,#636,.T.);
#1091 = ORIENTED_EDGE('',*,*,#670,.T.);
#1092 = ORIENTED_EDGE('',*,*,#700,.T.);
#1093 = ORIENTED_EDGE('',*,*,#736,.T.);
#1094 = ORIENTED_EDGE('',*,*,#772,.T.);
#1095 = ORIENTED_EDGE('',*,*,#808,.T.);
#1096 = ORIENTED_EDGE('',*,*,#844,.T.);
#1097 = ORIENTED_EDGE('',*,*,#878,.T.);
#1098 = ORIENTED_EDGE('',*,*,#908,.T.);
#1099 = ORIENTED_EDGE('',*,*,#944,.T.);
#1100 = ORIENTED_EDGE('',*,*,#980,.T.);
#1101 = ORIENTED_EDGE('',*,*,#1016,.T.);
#1102 = ORIENTED_EDGE('',*,*,#1052,.T.);
#1103 = ORIENTED_EDGE('',*,*,#1078,.T.);
#1104 = B_SPLINE_SURFACE_WITH_KNOTS('',1,1,(
    (#1105,#1106)
    ,(#1107,#1108
    )),.UNSPECIFIED.,.F.,.F.,.F.,(2,2),(2,2),(-23.14960072933,
    -14.21148276551),(-36.51444624503,-27.20052104865),
  .PIECEWISE_BEZIER_KNOTS.);
#1105 = CARTESIAN_POINT('',(-4.670645879216,5.099999367,-11.34991247961)
  );
#1106 = CARTESIAN_POINT('',(-4.670645879216,5.099999367,-11.58462339456)
  );
#1107 = CARTESIAN_POINT('',(-4.445405306527,5.099999367,-11.34991247961)
  );
#1108 = CARTESIAN_POINT('',(-4.445405306527,5.099999367,-11.58462339456)
  );
#1109 = ADVANCED_FACE('',(#1110),#1126,.T.);
#1110 = FACE_BOUND('',#1111,.T.);
#1111 = EDGE_LOOP('',(#1112,#1113,#1114,#1115,#1116,#1117,#1118,#1119,
    #1120,#1121,#1122,#1123,#1124,#1125));
#1112 = ORIENTED_EDGE('',*,*,#620,.T.);
#1113 = ORIENTED_EDGE('',*,*,#656,.T.);
#1114 = ORIENTED_EDGE('',*,*,#684,.T.);
#1115 = ORIENTED_EDGE('',*,*,#720,.T.);
#1116 = ORIENTED_EDGE('',*,*,#756,.T.);
#1117 = ORIENTED_EDGE('',*,*,#792,.T.);
#1118 = ORIENTED_EDGE('',*,*,#828,.T.);
#1119 = ORIENTED_EDGE('',*,*,#864,.T.);
#1120 = ORIENTED_EDGE('',*,*,#892,.T.);
#1121 = ORIENTED_EDGE('',*,*,#928,.T.);
#1122 = ORIENTED_EDGE('',*,*,#964,.T.);
#1123 = ORIENTED_EDGE('',*,*,#1000,.T.);
#1124 = ORIENTED_EDGE('',*,*,#1036,.T.);
#1125 = ORIENTED_EDGE('',*,*,#1072,.T.);
#1126 = B_SPLINE_SURFACE_WITH_KNOTS('',1,1,(
    (#1127,#1128)
    ,(#1129,#1130
    )),.UNSPECIFIED.,.F.,.F.,.F.,(2,2),(2,2),(-23.14960072933,
    -14.21148276551),(-36.51444624503,-27.20052104865),
  .PIECEWISE_BEZIER_KNOTS.);
#1127 = CARTESIAN_POINT('',(-4.670645879216,5.102999367,-11.34991247961)
  );
#1128 = CARTESIAN_POINT('',(-4.670645879216,5.102999367,-11.58462339456)
  );
#1129 = CARTESIAN_POINT('',(-4.445405306527,5.102999367,-11.34991247961)
  );
#1130 = CARTESIAN_POINT('',(-4.445405306527,5.102999367,-11.58462339456)
  );
#1131 = MANIFOLD_SOLID_BREP('',#1132);
#1132 = CLOSED_SHELL('',(#1133,#1177,#1205,#1241,#1277,#1313,#1349,#1377
    ,#1405,#1433,#1461,#1489,#1517,#1545,#1573,#1601,#1629,#1657,#1693,
    #1729,#1765,#1793,#1813,#1843));
#1133 = ADVANCED_FACE('',(#1134),#1168,.F.);
#1134 = FACE_BOUND('',#1135,.F.);
#1135 = EDGE_LOOP('',(#1136,#1145,#1154,#1161));
#1136 = ORIENTED_EDGE('',*,*,#1137,.T.);
#1137 = EDGE_CURVE('',#1138,#1140,#1142,.T.);
#1138 = VERTEX_POINT('',#1139);
#1139 = CARTESIAN_POINT('',(-3.142931121543,5.099999367,-11.35084677714)
  );
#1140 = VERTEX_POINT('',#1141);
#1141 = CARTESIAN_POINT('',(-3.142931121543,5.102999367,-11.35084677714)
  );
#1142 = B_SPLINE_CURVE_WITH_KNOTS('',1,(#1143,#1144),.UNSPECIFIED.,.F.,
  .F.,(2,2),(0.E+000,3.E-003),.PIECEWISE_BEZIER_KNOTS.);
#1143 = CARTESIAN_POINT('',(-3.142931121543,5.099999367,-11.35084677714)
  );
#1144 = CARTESIAN_POINT('',(-3.142931121543,5.102999367,-11.35084677714)
  );
#1145 = ORIENTED_EDGE('',*,*,#1146,.T.);
#1146 = EDGE_CURVE('',#1140,#1147,#1149,.T.);
#1147 = VERTEX_POINT('',#1148);
#1148 = CARTESIAN_POINT('',(-3.09843852678,5.102999367,-11.35989473226)
  );
#1149 = B_SPLINE_CURVE_WITH_KNOTS('',3,(#1150,#1151,#1152,#1153),
  .UNSPECIFIED.,.F.,.F.,(4,4),(0.E+000,1.),.PIECEWISE_BEZIER_KNOTS.);
#1150 = CARTESIAN_POINT('',(-3.142931121543,5.102999367,-11.35084677714)
  );
#1151 = CARTESIAN_POINT('',(-3.127873374347,5.102999367,-11.3506163564)
  );
#1152 = CARTESIAN_POINT('',(-3.112644040171,5.102999367,-11.3538823447)
  );
#1153 = CARTESIAN_POINT('',(-3.09843852678,5.102999367,-11.35989473226)
  );
#1154 = ORIENTED_EDGE('',*,*,#1155,.F.);
#1155 = EDGE_CURVE('',#1156,#1147,#1158,.T.);
#1156 = VERTEX_POINT('',#1157);
#1157 = CARTESIAN_POINT('',(-3.09843852678,5.099999367,-11.35989473226)
  );
#1158 = B_SPLINE_CURVE_WITH_KNOTS('',1,(#1159,#1160),.UNSPECIFIED.,.F.,
  .F.,(2,2),(0.E+000,3.E-003),.PIECEWISE_BEZIER_KNOTS.);
#1159 = CARTESIAN_POINT('',(-3.09843852678,5.099999367,-11.35989473226)
  );
#1160 = CARTESIAN_POINT('',(-3.09843852678,5.102999367,-11.35989473226)
  );
#1161 = ORIENTED_EDGE('',*,*,#1162,.F.);
#1162 = EDGE_CURVE('',#1138,#1156,#1163,.T.);
#1163 = B_SPLINE_CURVE_WITH_KNOTS('',3,(#1164,#1165,#1166,#1167),
  .UNSPECIFIED.,.F.,.F.,(4,4),(0.E+000,1.),.PIECEWISE_BEZIER_KNOTS.);
#1164 = CARTESIAN_POINT('',(-3.142931121543,5.099999367,-11.35084677714)
  );
#1165 = CARTESIAN_POINT('',(-3.127873374347,5.099999367,-11.3506163564)
  );
#1166 = CARTESIAN_POINT('',(-3.112644040171,5.099999367,-11.3538823447)
  );
#1167 = CARTESIAN_POINT('',(-3.09843852678,5.099999367,-11.35989473226)
  );
#1168 = B_SPLINE_SURFACE_WITH_KNOTS('',3,1,(
    (#1169,#1170)
    ,(#1171,#1172)
    ,(#1173,#1174)
    ,(#1175,#1176
    )),.UNSPECIFIED.,.F.,.F.,.F.,(4,4),(2,2),(0.E+000,1.),(-3.E-003,
    0.E+000),.PIECEWISE_BEZIER_KNOTS.);
#1169 = CARTESIAN_POINT('',(-3.142931121543,5.102999367,-11.35084677714)
  );
#1170 = CARTESIAN_POINT('',(-3.142931121543,5.099999367,-11.35084677714)
  );
#1171 = CARTESIAN_POINT('',(-3.127873374347,5.102999367,-11.3506163564)
  );
#1172 = CARTESIAN_POINT('',(-3.127873374347,5.099999367,-11.3506163564)
  );
#1173 = CARTESIAN_POINT('',(-3.112644040171,5.102999367,-11.3538823447)
  );
#1174 = CARTESIAN_POINT('',(-3.112644040171,5.099999367,-11.3538823447)
  );
#1175 = CARTESIAN_POINT('',(-3.09843852678,5.102999367,-11.35989473226)
  );
#1176 = CARTESIAN_POINT('',(-3.09843852678,5.099999367,-11.35989473226)
  );
#1177 = ADVANCED_FACE('',(#1178),#1200,.F.);
#1178 = FACE_BOUND('',#1179,.F.);
#1179 = EDGE_LOOP('',(#1180,#1181,#1188,#1195));
#1180 = ORIENTED_EDGE('',*,*,#1155,.T.);
#1181 = ORIENTED_EDGE('',*,*,#1182,.T.);
#1182 = EDGE_CURVE('',#1147,#1183,#1185,.T.);
#1183 = VERTEX_POINT('',#1184);
#1184 = CARTESIAN_POINT('',(-3.083913069393,5.102999367,-11.41287745789)
  );
#1185 = B_SPLINE_CURVE_WITH_KNOTS('',1,(#1186,#1187),.UNSPECIFIED.,.F.,
  .F.,(2,2),(0.E+000,1.073191065235),.PIECEWISE_BEZIER_KNOTS.);
#1186 = CARTESIAN_POINT('',(-3.09843852678,5.102999367,-11.35989473226)
  );
#1187 = CARTESIAN_POINT('',(-3.083913069393,5.102999367,-11.41287745789)
  );
#1188 = ORIENTED_EDGE('',*,*,#1189,.F.);
#1189 = EDGE_CURVE('',#1190,#1183,#1192,.T.);
#1190 = VERTEX_POINT('',#1191);
#1191 = CARTESIAN_POINT('',(-3.083913069393,5.099999367,-11.41287745789)
  );
#1192 = B_SPLINE_CURVE_WITH_KNOTS('',1,(#1193,#1194),.UNSPECIFIED.,.F.,
  .F.,(2,2),(0.E+000,3.E-003),.PIECEWISE_BEZIER_KNOTS.);
#1193 = CARTESIAN_POINT('',(-3.083913069393,5.099999367,-11.41287745789)
  );
#1194 = CARTESIAN_POINT('',(-3.083913069393,5.102999367,-11.41287745789)
  );
#1195 = ORIENTED_EDGE('',*,*,#1196,.F.);
#1196 = EDGE_CURVE('',#1156,#1190,#1197,.T.);
#1197 = B_SPLINE_CURVE_WITH_KNOTS('',1,(#1198,#1199),.UNSPECIFIED.,.F.,
  .F.,(2,2),(0.E+000,1.073191065235),.PIECEWISE_BEZIER_KNOTS.);
#1198 = CARTESIAN_POINT('',(-3.09843852678,5.099999367,-11.35989473226)
  );
#1199 = CARTESIAN_POINT('',(-3.083913069393,5.099999367,-11.41287745789)
  );
#1200 = B_SPLINE_SURFACE_WITH_KNOTS('',1,1,(
    (#1201,#1202)
    ,(#1203,#1204
    )),.UNSPECIFIED.,.F.,.F.,.F.,(2,2),(2,2),(0.E+000,1.073191065235),(
    -3.E-003,0.E+000),.PIECEWISE_BEZIER_KNOTS.);
#1201 = CARTESIAN_POINT('',(-3.09843852678,5.102999367,-11.35989473226)
  );
#1202 = CARTESIAN_POINT('',(-3.09843852678,5.099999367,-11.35989473226)
  );
#1203 = CARTESIAN_POINT('',(-3.083913069393,5.102999367,-11.41287745789)
  );
#1204 = CARTESIAN_POINT('',(-3.083913069393,5.099999367,-11.41287745789)
  );
#1205 = ADVANCED_FACE('',(#1206),#1232,.F.);
#1206 = FACE_BOUND('',#1207,.F.);
#1207 = EDGE_LOOP('',(#1208,#1209,#1218,#1225));
#1208 = ORIENTED_EDGE('',*,*,#1189,.T.);
#1209 = ORIENTED_EDGE('',*,*,#1210,.T.);
#1210 = EDGE_CURVE('',#1183,#1211,#1213,.T.);
#1211 = VERTEX_POINT('',#1212);
#1212 = CARTESIAN_POINT('',(-3.115211121543,5.102999367,-11.40425893314)
  );
#1213 = B_SPLINE_CURVE_WITH_KNOTS('',3,(#1214,#1215,#1216,#1217),
  .UNSPECIFIED.,.F.,.F.,(4,4),(0.E+000,1.),.PIECEWISE_BEZIER_KNOTS.);
#1214 = CARTESIAN_POINT('',(-3.083913069393,5.102999367,-11.41287745789)
  );
#1215 = CARTESIAN_POINT('',(-3.093895322048,5.102999367,-11.40839824195)
  );
#1216 = CARTESIAN_POINT('',(-3.104645440289,5.102999367,-11.40590267879)
  );
#1217 = CARTESIAN_POINT('',(-3.115211121543,5.102999367,-11.40425893314)
  );
#1218 = ORIENTED_EDGE('',*,*,#1219,.F.);
#1219 = EDGE_CURVE('',#1220,#1211,#1222,.T.);
#1220 = VERTEX_POINT('',#1221);
#1221 = CARTESIAN_POINT('',(-3.115211121543,5.099999367,-11.40425893314)
  );
#1222 = B_SPLINE_CURVE_WITH_KNOTS('',1,(#1223,#1224),.UNSPECIFIED.,.F.,
  .F.,(2,2),(0.E+000,3.E-003),.PIECEWISE_BEZIER_KNOTS.);
#1223 = CARTESIAN_POINT('',(-3.115211121543,5.099999367,-11.40425893314)
  );
#1224 = CARTESIAN_POINT('',(-3.115211121543,5.102999367,-11.40425893314)
  );
#1225 = ORIENTED_EDGE('',*,*,#1226,.F.);
#1226 = EDGE_CURVE('',#1190,#1220,#1227,.T.);
#1227 = B_SPLINE_CURVE_WITH_KNOTS('',3,(#1228,#1229,#1230,#1231),
  .UNSPECIFIED.,.F.,.F.,(4,4),(0.E+000,1.),.PIECEWISE_BEZIER_KNOTS.);
#1228 = CARTESIAN_POINT('',(-3.083913069393,5.099999367,-11.41287745789)
  );
#1229 = CARTESIAN_POINT('',(-3.093895322048,5.099999367,-11.40839824195)
  );
#1230 = CARTESIAN_POINT('',(-3.104645440289,5.099999367,-11.40590267879)
  );
#1231 = CARTESIAN_POINT('',(-3.115211121543,5.099999367,-11.40425893314)
  );
#1232 = B_SPLINE_SURFACE_WITH_KNOTS('',3,1,(
    (#1233,#1234)
    ,(#1235,#1236)
    ,(#1237,#1238)
    ,(#1239,#1240
    )),.UNSPECIFIED.,.F.,.F.,.F.,(4,4),(2,2),(0.E+000,1.),(-3.E-003,
    0.E+000),.PIECEWISE_BEZIER_KNOTS.);
#1233 = CARTESIAN_POINT('',(-3.083913069393,5.102999367,-11.41287745789)
  );
#1234 = CARTESIAN_POINT('',(-3.083913069393,5.099999367,-11.41287745789)
  );
#1235 = CARTESIAN_POINT('',(-3.093895322048,5.102999367,-11.40839824195)
  );
#1236 = CARTESIAN_POINT('',(-3.093895322048,5.099999367,-11.40839824195)
  );
#1237 = CARTESIAN_POINT('',(-3.104645440289,5.102999367,-11.40590267879)
  );
#1238 = CARTESIAN_POINT('',(-3.104645440289,5.099999367,-11.40590267879)
  );
#1239 = CARTESIAN_POINT('',(-3.115211121543,5.102999367,-11.40425893314)
  );
#1240 = CARTESIAN_POINT('',(-3.115211121543,5.099999367,-11.40425893314)
  );
#1241 = ADVANCED_FACE('',(#1242),#1268,.F.);
#1242 = FACE_BOUND('',#1243,.F.);
#1243 = EDGE_LOOP('',(#1244,#1245,#1254,#1261));
#1244 = ORIENTED_EDGE('',*,*,#1219,.T.);
#1245 = ORIENTED_EDGE('',*,*,#1246,.T.);
#1246 = EDGE_CURVE('',#1211,#1247,#1249,.T.);
#1247 = VERTEX_POINT('',#1248);
#1248 = CARTESIAN_POINT('',(-3.129999792321,5.102999367,-11.40763177201)
  );
#1249 = B_SPLINE_CURVE_WITH_KNOTS('',3,(#1250,#1251,#1252,#1253),
  .UNSPECIFIED.,.F.,.F.,(4,4),(0.E+000,1.),.PIECEWISE_BEZIER_KNOTS.);
#1250 = CARTESIAN_POINT('',(-3.115211121543,5.102999367,-11.40425893314)
  );
#1251 = CARTESIAN_POINT('',(-3.120386684857,5.102999367,-11.40366051127)
  );
#1252 = CARTESIAN_POINT('',(-3.125889721577,5.102999367,-11.40436694761)
  );
#1253 = CARTESIAN_POINT('',(-3.129999792321,5.102999367,-11.40763177201)
  );
#1254 = ORIENTED_EDGE('',*,*,#1255,.F.);
#1255 = EDGE_CURVE('',#1256,#1247,#1258,.T.);
#1256 = VERTEX_POINT('',#1257);
#1257 = CARTESIAN_POINT('',(-3.129999792321,5.099999367,-11.40763177201)
  );
#1258 = B_SPLINE_CURVE_WITH_KNOTS('',1,(#1259,#1260),.UNSPECIFIED.,.F.,
  .F.,(2,2),(0.E+000,3.E-003),.PIECEWISE_BEZIER_KNOTS.);
#1259 = CARTESIAN_POINT('',(-3.129999792321,5.099999367,-11.40763177201)
  );
#1260 = CARTESIAN_POINT('',(-3.129999792321,5.102999367,-11.40763177201)
  );
#1261 = ORIENTED_EDGE('',*,*,#1262,.F.);
#1262 = EDGE_CURVE('',#1220,#1256,#1263,.T.);
#1263 = B_SPLINE_CURVE_WITH_KNOTS('',3,(#1264,#1265,#1266,#1267),
  .UNSPECIFIED.,.F.,.F.,(4,4),(0.E+000,1.),.PIECEWISE_BEZIER_KNOTS.);
#1264 = CARTESIAN_POINT('',(-3.115211121543,5.099999367,-11.40425893314)
  );
#1265 = CARTESIAN_POINT('',(-3.120386684857,5.099999367,-11.40366051127)
  );
#1266 = CARTESIAN_POINT('',(-3.125889721577,5.099999367,-11.40436694761)
  );
#1267 = CARTESIAN_POINT('',(-3.129999792321,5.099999367,-11.40763177201)
  );
#1268 = B_SPLINE_SURFACE_WITH_KNOTS('',3,1,(
    (#1269,#1270)
    ,(#1271,#1272)
    ,(#1273,#1274)
    ,(#1275,#1276
    )),.UNSPECIFIED.,.F.,.F.,.F.,(4,4),(2,2),(0.E+000,1.),(-3.E-003,
    0.E+000),.PIECEWISE_BEZIER_KNOTS.);
#1269 = CARTESIAN_POINT('',(-3.115211121543,5.102999367,-11.40425893314)
  );
#1270 = CARTESIAN_POINT('',(-3.115211121543,5.099999367,-11.40425893314)
  );
#1271 = CARTESIAN_POINT('',(-3.120386684857,5.102999367,-11.40366051127)
  );
#1272 = CARTESIAN_POINT('',(-3.120386684857,5.099999367,-11.40366051127)
  );
#1273 = CARTESIAN_POINT('',(-3.125889721577,5.102999367,-11.40436694761)
  );
#1274 = CARTESIAN_POINT('',(-3.125889721577,5.099999367,-11.40436694761)
  );
#1275 = CARTESIAN_POINT('',(-3.129999792321,5.102999367,-11.40763177201)
  );
#1276 = CARTESIAN_POINT('',(-3.129999792321,5.099999367,-11.40763177201)
  );
#1277 = ADVANCED_FACE('',(#1278),#1304,.F.);
#1278 = FACE_BOUND('',#1279,.F.);
#1279 = EDGE_LOOP('',(#1280,#1281,#1290,#1297));
#1280 = ORIENTED_EDGE('',*,*,#1255,.T.);
#1281 = ORIENTED_EDGE('',*,*,#1282,.T.);
#1282 = EDGE_CURVE('',#1247,#1283,#1285,.T.);
#1283 = VERTEX_POINT('',#1284);
#1284 = CARTESIAN_POINT('',(-3.134528257143,5.102999367,-11.42418253194)
  );
#1285 = B_SPLINE_CURVE_WITH_KNOTS('',3,(#1286,#1287,#1288,#1289),
  .UNSPECIFIED.,.F.,.F.,(4,4),(0.E+000,1.),.PIECEWISE_BEZIER_KNOTS.);
#1286 = CARTESIAN_POINT('',(-3.129999792321,5.102999367,-11.40763177201)
  );
#1287 = CARTESIAN_POINT('',(-3.133967097863,5.102999367,-11.41089264121)
  );
#1288 = CARTESIAN_POINT('',(-3.135502829041,5.102999367,-11.41614228228)
  );
#1289 = CARTESIAN_POINT('',(-3.134528257143,5.102999367,-11.42418253194)
  );
#1290 = ORIENTED_EDGE('',*,*,#1291,.F.);
#1291 = EDGE_CURVE('',#1292,#1283,#1294,.T.);
#1292 = VERTEX_POINT('',#1293);
#1293 = CARTESIAN_POINT('',(-3.134528257143,5.099999367,-11.42418253194)
  );
#1294 = B_SPLINE_CURVE_WITH_KNOTS('',1,(#1295,#1296),.UNSPECIFIED.,.F.,
  .F.,(2,2),(0.E+000,3.E-003),.PIECEWISE_BEZIER_KNOTS.);
#1295 = CARTESIAN_POINT('',(-3.134528257143,5.099999367,-11.42418253194)
  );
#1296 = CARTESIAN_POINT('',(-3.134528257143,5.102999367,-11.42418253194)
  );
#1297 = ORIENTED_EDGE('',*,*,#1298,.F.);
#1298 = EDGE_CURVE('',#1256,#1292,#1299,.T.);
#1299 = B_SPLINE_CURVE_WITH_KNOTS('',3,(#1300,#1301,#1302,#1303),
  .UNSPECIFIED.,.F.,.F.,(4,4),(0.E+000,1.),.PIECEWISE_BEZIER_KNOTS.);
#1300 = CARTESIAN_POINT('',(-3.129999792321,5.099999367,-11.40763177201)
  );
#1301 = CARTESIAN_POINT('',(-3.133967097863,5.099999367,-11.41089264121)
  );
#1302 = CARTESIAN_POINT('',(-3.135502829041,5.099999367,-11.41614228228)
  );
#1303 = CARTESIAN_POINT('',(-3.134528257143,5.099999367,-11.42418253194)
  );
#1304 = B_SPLINE_SURFACE_WITH_KNOTS('',3,1,(
    (#1305,#1306)
    ,(#1307,#1308)
    ,(#1309,#1310)
    ,(#1311,#1312
    )),.UNSPECIFIED.,.F.,.F.,.F.,(4,4),(2,2),(0.E+000,1.),(-3.E-003,
    0.E+000),.PIECEWISE_BEZIER_KNOTS.);
#1305 = CARTESIAN_POINT('',(-3.129999792321,5.102999367,-11.40763177201)
  );
#1306 = CARTESIAN_POINT('',(-3.129999792321,5.099999367,-11.40763177201)
  );
#1307 = CARTESIAN_POINT('',(-3.133967097863,5.102999367,-11.41089264121)
  );
#1308 = CARTESIAN_POINT('',(-3.133967097863,5.099999367,-11.41089264121)
  );
#1309 = CARTESIAN_POINT('',(-3.135502829041,5.102999367,-11.41614228228)
  );
#1310 = CARTESIAN_POINT('',(-3.135502829041,5.099999367,-11.41614228228)
  );
#1311 = CARTESIAN_POINT('',(-3.134528257143,5.102999367,-11.42418253194)
  );
#1312 = CARTESIAN_POINT('',(-3.134528257143,5.099999367,-11.42418253194)
  );
#1313 = ADVANCED_FACE('',(#1314),#1340,.F.);
#1314 = FACE_BOUND('',#1315,.F.);
#1315 = EDGE_LOOP('',(#1316,#1317,#1326,#1333));
#1316 = ORIENTED_EDGE('',*,*,#1291,.T.);
#1317 = ORIENTED_EDGE('',*,*,#1318,.T.);
#1318 = EDGE_CURVE('',#1283,#1319,#1321,.T.);
#1319 = VERTEX_POINT('',#1320);
#1320 = CARTESIAN_POINT('',(-3.132851121543,5.102999367,-11.43250838514)
  );
#1321 = B_SPLINE_CURVE_WITH_KNOTS('',3,(#1322,#1323,#1324,#1325),
  .UNSPECIFIED.,.F.,.F.,(4,4),(0.E+000,1.),.PIECEWISE_BEZIER_KNOTS.);
#1322 = CARTESIAN_POINT('',(-3.134528257143,5.102999367,-11.42418253194)
  );
#1323 = CARTESIAN_POINT('',(-3.134144276656,5.102999367,-11.42464627781)
  );
#1324 = CARTESIAN_POINT('',(-3.134144276656,5.102999367,-11.42784827731)
  );
#1325 = CARTESIAN_POINT('',(-3.132851121543,5.102999367,-11.43250838514)
  );
#1326 = ORIENTED_EDGE('',*,*,#1327,.F.);
#1327 = EDGE_CURVE('',#1328,#1319,#1330,.T.);
#1328 = VERTEX_POINT('',#1329);
#1329 = CARTESIAN_POINT('',(-3.132851121543,5.099999367,-11.43250838514)
  );
#1330 = B_SPLINE_CURVE_WITH_KNOTS('',1,(#1331,#1332),.UNSPECIFIED.,.F.,
  .F.,(2,2),(0.E+000,3.E-003),.PIECEWISE_BEZIER_KNOTS.);
#1331 = CARTESIAN_POINT('',(-3.132851121543,5.099999367,-11.43250838514)
  );
#1332 = CARTESIAN_POINT('',(-3.132851121543,5.102999367,-11.43250838514)
  );
#1333 = ORIENTED_EDGE('',*,*,#1334,.F.);
#1334 = EDGE_CURVE('',#1292,#1328,#1335,.T.);
#1335 = B_SPLINE_CURVE_WITH_KNOTS('',3,(#1336,#1337,#1338,#1339),
  .UNSPECIFIED.,.F.,.F.,(4,4),(0.E+000,1.),.PIECEWISE_BEZIER_KNOTS.);
#1336 = CARTESIAN_POINT('',(-3.134528257143,5.099999367,-11.42418253194)
  );
#1337 = CARTESIAN_POINT('',(-3.134144276656,5.099999367,-11.42464627781)
  );
#1338 = CARTESIAN_POINT('',(-3.134144276656,5.099999367,-11.42784827731)
  );
#1339 = CARTESIAN_POINT('',(-3.132851121543,5.099999367,-11.43250838514)
  );
#1340 = B_SPLINE_SURFACE_WITH_KNOTS('',3,1,(
    (#1341,#1342)
    ,(#1343,#1344)
    ,(#1345,#1346)
    ,(#1347,#1348
    )),.UNSPECIFIED.,.F.,.F.,.F.,(4,4),(2,2),(0.E+000,1.),(-3.E-003,
    0.E+000),.PIECEWISE_BEZIER_KNOTS.);
#1341 = CARTESIAN_POINT('',(-3.134528257143,5.102999367,-11.42418253194)
  );
#1342 = CARTESIAN_POINT('',(-3.134528257143,5.099999367,-11.42418253194)
  );
#1343 = CARTESIAN_POINT('',(-3.134144276656,5.102999367,-11.42464627781)
  );
#1344 = CARTESIAN_POINT('',(-3.134144276656,5.099999367,-11.42464627781)
  );
#1345 = CARTESIAN_POINT('',(-3.134144276656,5.102999367,-11.42784827731)
  );
#1346 = CARTESIAN_POINT('',(-3.134144276656,5.099999367,-11.42784827731)
  );
#1347 = CARTESIAN_POINT('',(-3.132851121543,5.102999367,-11.43250838514)
  );
#1348 = CARTESIAN_POINT('',(-3.132851121543,5.099999367,-11.43250838514)
  );
#1349 = ADVANCED_FACE('',(#1350),#1372,.F.);
#1350 = FACE_BOUND('',#1351,.F.);
#1351 = EDGE_LOOP('',(#1352,#1353,#1360,#1367));
#1352 = ORIENTED_EDGE('',*,*,#1327,.T.);
#1353 = ORIENTED_EDGE('',*,*,#1354,.T.);
#1354 = EDGE_CURVE('',#1319,#1355,#1357,.T.);
#1355 = VERTEX_POINT('',#1356);
#1356 = CARTESIAN_POINT('',(-3.10938061142,5.102999367,-11.52312759911)
  );
#1357 = B_SPLINE_CURVE_WITH_KNOTS('',1,(#1358,#1359),.UNSPECIFIED.,.F.,
  .F.,(2,2),(0.E+000,1.860163383281),.PIECEWISE_BEZIER_KNOTS.);
#1358 = CARTESIAN_POINT('',(-3.132851121543,5.102999367,-11.43250838514)
  );
#1359 = CARTESIAN_POINT('',(-3.10938061142,5.102999367,-11.52312759911)
  );
#1360 = ORIENTED_EDGE('',*,*,#1361,.F.);
#1361 = EDGE_CURVE('',#1362,#1355,#1364,.T.);
#1362 = VERTEX_POINT('',#1363);
#1363 = CARTESIAN_POINT('',(-3.10938061142,5.099999367,-11.52312759911)
  );
#1364 = B_SPLINE_CURVE_WITH_KNOTS('',1,(#1365,#1366),.UNSPECIFIED.,.F.,
  .F.,(2,2),(0.E+000,3.E-003),.PIECEWISE_BEZIER_KNOTS.);
#1365 = CARTESIAN_POINT('',(-3.10938061142,5.099999367,-11.52312759911)
  );
#1366 = CARTESIAN_POINT('',(-3.10938061142,5.102999367,-11.52312759911)
  );
#1367 = ORIENTED_EDGE('',*,*,#1368,.F.);
#1368 = EDGE_CURVE('',#1328,#1362,#1369,.T.);
#1369 = B_SPLINE_CURVE_WITH_KNOTS('',1,(#1370,#1371),.UNSPECIFIED.,.F.,
  .F.,(2,2),(0.E+000,1.860163383281),.PIECEWISE_BEZIER_KNOTS.);
#1370 = CARTESIAN_POINT('',(-3.132851121543,5.099999367,-11.43250838514)
  );
#1371 = CARTESIAN_POINT('',(-3.10938061142,5.099999367,-11.52312759911)
  );
#1372 = B_SPLINE_SURFACE_WITH_KNOTS('',1,1,(
    (#1373,#1374)
    ,(#1375,#1376
    )),.UNSPECIFIED.,.F.,.F.,.F.,(2,2),(2,2),(0.E+000,1.860163383281),(
    -3.E-003,0.E+000),.PIECEWISE_BEZIER_KNOTS.);
#1373 = CARTESIAN_POINT('',(-3.132851121543,5.102999367,-11.43250838514)
  );
#1374 = CARTESIAN_POINT('',(-3.132851121543,5.099999367,-11.43250838514)
  );
#1375 = CARTESIAN_POINT('',(-3.10938061142,5.102999367,-11.52312759911)
  );
#1376 = CARTESIAN_POINT('',(-3.10938061142,5.099999367,-11.52312759911)
  );
#1377 = ADVANCED_FACE('',(#1378),#1400,.F.);
#1378 = FACE_BOUND('',#1379,.F.);
#1379 = EDGE_LOOP('',(#1380,#1381,#1388,#1395));
#1380 = ORIENTED_EDGE('',*,*,#1361,.T.);
#1381 = ORIENTED_EDGE('',*,*,#1382,.T.);
#1382 = EDGE_CURVE('',#1355,#1383,#1385,.T.);
#1383 = VERTEX_POINT('',#1384);
#1384 = CARTESIAN_POINT('',(-3.058189572171,5.102999367,-11.52312759911)
  );
#1385 = B_SPLINE_CURVE_WITH_KNOTS('',1,(#1386,#1387),.UNSPECIFIED.,.F.,
  .F.,(2,2),(0.E+000,1.),.PIECEWISE_BEZIER_KNOTS.);
#1386 = CARTESIAN_POINT('',(-3.10938061142,5.102999367,-11.52312759911)
  );
#1387 = CARTESIAN_POINT('',(-3.058189572171,5.102999367,-11.52312759911)
  );
#1388 = ORIENTED_EDGE('',*,*,#1389,.F.);
#1389 = EDGE_CURVE('',#1390,#1383,#1392,.T.);
#1390 = VERTEX_POINT('',#1391);
#1391 = CARTESIAN_POINT('',(-3.058189572171,5.099999367,-11.52312759911)
  );
#1392 = B_SPLINE_CURVE_WITH_KNOTS('',1,(#1393,#1394),.UNSPECIFIED.,.F.,
  .F.,(2,2),(0.E+000,3.E-003),.PIECEWISE_BEZIER_KNOTS.);
#1393 = CARTESIAN_POINT('',(-3.058189572171,5.099999367,-11.52312759911)
  );
#1394 = CARTESIAN_POINT('',(-3.058189572171,5.102999367,-11.52312759911)
  );
#1395 = ORIENTED_EDGE('',*,*,#1396,.F.);
#1396 = EDGE_CURVE('',#1362,#1390,#1397,.T.);
#1397 = B_SPLINE_CURVE_WITH_KNOTS('',1,(#1398,#1399),.UNSPECIFIED.,.F.,
  .F.,(2,2),(0.E+000,1.),.PIECEWISE_BEZIER_KNOTS.);
#1398 = CARTESIAN_POINT('',(-3.10938061142,5.099999367,-11.52312759911)
  );
#1399 = CARTESIAN_POINT('',(-3.058189572171,5.099999367,-11.52312759911)
  );
#1400 = B_SPLINE_SURFACE_WITH_KNOTS('',1,1,(
    (#1401,#1402)
    ,(#1403,#1404
    )),.UNSPECIFIED.,.F.,.F.,.F.,(2,2),(2,2),(0.E+000,1.),(-3.E-003,
    0.E+000),.PIECEWISE_BEZIER_KNOTS.);
#1401 = CARTESIAN_POINT('',(-3.10938061142,5.102999367,-11.52312759911)
  );
#1402 = CARTESIAN_POINT('',(-3.10938061142,5.099999367,-11.52312759911)
  );
#1403 = CARTESIAN_POINT('',(-3.058189572171,5.102999367,-11.52312759911)
  );
#1404 = CARTESIAN_POINT('',(-3.058189572171,5.099999367,-11.52312759911)
  );
#1405 = ADVANCED_FACE('',(#1406),#1428,.F.);
#1406 = FACE_BOUND('',#1407,.F.);
#1407 = EDGE_LOOP('',(#1408,#1409,#1416,#1423));
#1408 = ORIENTED_EDGE('',*,*,#1389,.T.);
#1409 = ORIENTED_EDGE('',*,*,#1410,.T.);
#1410 = EDGE_CURVE('',#1383,#1411,#1413,.T.);
#1411 = VERTEX_POINT('',#1412);
#1412 = CARTESIAN_POINT('',(-3.043664114785,5.102999367,-11.57636627993)
  );
#1413 = B_SPLINE_CURVE_WITH_KNOTS('',1,(#1414,#1415),.UNSPECIFIED.,.F.,
  .F.,(2,2),(0.E+000,1.078013943555),.PIECEWISE_BEZIER_KNOTS.);
#1414 = CARTESIAN_POINT('',(-3.058189572171,5.102999367,-11.52312759911)
  );
#1415 = CARTESIAN_POINT('',(-3.043664114785,5.102999367,-11.57636627993)
  );
#1416 = ORIENTED_EDGE('',*,*,#1417,.F.);
#1417 = EDGE_CURVE('',#1418,#1411,#1420,.T.);
#1418 = VERTEX_POINT('',#1419);
#1419 = CARTESIAN_POINT('',(-3.043664114785,5.099999367,-11.57636627993)
  );
#1420 = B_SPLINE_CURVE_WITH_KNOTS('',1,(#1421,#1422),.UNSPECIFIED.,.F.,
  .F.,(2,2),(0.E+000,3.E-003),.PIECEWISE_BEZIER_KNOTS.);
#1421 = CARTESIAN_POINT('',(-3.043664114785,5.099999367,-11.57636627993)
  );
#1422 = CARTESIAN_POINT('',(-3.043664114785,5.102999367,-11.57636627993)
  );
#1423 = ORIENTED_EDGE('',*,*,#1424,.F.);
#1424 = EDGE_CURVE('',#1390,#1418,#1425,.T.);
#1425 = B_SPLINE_CURVE_WITH_KNOTS('',1,(#1426,#1427),.UNSPECIFIED.,.F.,
  .F.,(2,2),(0.E+000,1.078013943555),.PIECEWISE_BEZIER_KNOTS.);
#1426 = CARTESIAN_POINT('',(-3.058189572171,5.099999367,-11.52312759911)
  );
#1427 = CARTESIAN_POINT('',(-3.043664114785,5.099999367,-11.57636627993)
  );
#1428 = B_SPLINE_SURFACE_WITH_KNOTS('',1,1,(
    (#1429,#1430)
    ,(#1431,#1432
    )),.UNSPECIFIED.,.F.,.F.,.F.,(2,2),(2,2),(0.E+000,1.078013943555),(
    -3.E-003,0.E+000),.PIECEWISE_BEZIER_KNOTS.);
#1429 = CARTESIAN_POINT('',(-3.058189572171,5.102999367,-11.52312759911)
  );
#1430 = CARTESIAN_POINT('',(-3.058189572171,5.099999367,-11.52312759911)
  );
#1431 = CARTESIAN_POINT('',(-3.043664114785,5.102999367,-11.57636627993)
  );
#1432 = CARTESIAN_POINT('',(-3.043664114785,5.099999367,-11.57636627993)
  );
#1433 = ADVANCED_FACE('',(#1434),#1456,.F.);
#1434 = FACE_BOUND('',#1435,.F.);
#1435 = EDGE_LOOP('',(#1436,#1437,#1444,#1451));
#1436 = ORIENTED_EDGE('',*,*,#1417,.T.);
#1437 = ORIENTED_EDGE('',*,*,#1438,.T.);
#1438 = EDGE_CURVE('',#1411,#1439,#1441,.T.);
#1439 = VERTEX_POINT('',#1440);
#1440 = CARTESIAN_POINT('',(-3.093639366852,5.102999367,-11.57636627993)
  );
#1441 = B_SPLINE_CURVE_WITH_KNOTS('',1,(#1442,#1443),.UNSPECIFIED.,.F.,
  .F.,(2,2),(0.E+000,0.97625),.PIECEWISE_BEZIER_KNOTS.);
#1442 = CARTESIAN_POINT('',(-3.043664114785,5.102999367,-11.57636627993)
  );
#1443 = CARTESIAN_POINT('',(-3.093639366852,5.102999367,-11.57636627993)
  );
#1444 = ORIENTED_EDGE('',*,*,#1445,.F.);
#1445 = EDGE_CURVE('',#1446,#1439,#1448,.T.);
#1446 = VERTEX_POINT('',#1447);
#1447 = CARTESIAN_POINT('',(-3.093639366852,5.099999367,-11.57636627993)
  );
#1448 = B_SPLINE_CURVE_WITH_KNOTS('',1,(#1449,#1450),.UNSPECIFIED.,.F.,
  .F.,(2,2),(0.E+000,3.E-003),.PIECEWISE_BEZIER_KNOTS.);
#1449 = CARTESIAN_POINT('',(-3.093639366852,5.099999367,-11.57636627993)
  );
#1450 = CARTESIAN_POINT('',(-3.093639366852,5.102999367,-11.57636627993)
  );
#1451 = ORIENTED_EDGE('',*,*,#1452,.F.);
#1452 = EDGE_CURVE('',#1418,#1446,#1453,.T.);
#1453 = B_SPLINE_CURVE_WITH_KNOTS('',1,(#1454,#1455),.UNSPECIFIED.,.F.,
  .F.,(2,2),(0.E+000,0.97625),.PIECEWISE_BEZIER_KNOTS.);
#1454 = CARTESIAN_POINT('',(-3.043664114785,5.099999367,-11.57636627993)
  );
#1455 = CARTESIAN_POINT('',(-3.093639366852,5.099999367,-11.57636627993)
  );
#1456 = B_SPLINE_SURFACE_WITH_KNOTS('',1,1,(
    (#1457,#1458)
    ,(#1459,#1460
    )),.UNSPECIFIED.,.F.,.F.,.F.,(2,2),(2,2),(0.E+000,0.97625),(-3.E-003
    ,0.E+000),.PIECEWISE_BEZIER_KNOTS.);
#1457 = CARTESIAN_POINT('',(-3.043664114785,5.102999367,-11.57636627993)
  );
#1458 = CARTESIAN_POINT('',(-3.043664114785,5.099999367,-11.57636627993)
  );
#1459 = CARTESIAN_POINT('',(-3.093639366852,5.102999367,-11.57636627993)
  );
#1460 = CARTESIAN_POINT('',(-3.093639366852,5.099999367,-11.57636627993)
  );
#1461 = ADVANCED_FACE('',(#1462),#1484,.F.);
#1462 = FACE_BOUND('',#1463,.F.);
#1463 = EDGE_LOOP('',(#1464,#1465,#1472,#1479));
#1464 = ORIENTED_EDGE('',*,*,#1445,.T.);
#1465 = ORIENTED_EDGE('',*,*,#1466,.T.);
#1466 = EDGE_CURVE('',#1439,#1467,#1469,.T.);
#1467 = VERTEX_POINT('',#1468);
#1468 = CARTESIAN_POINT('',(-3.078665987871,5.102999367,-11.6326124343)
  );
#1469 = B_SPLINE_CURVE_WITH_KNOTS('',1,(#1470,#1471),.UNSPECIFIED.,.F.,
  .F.,(2,2),(0.E+000,1.137017067814),.PIECEWISE_BEZIER_KNOTS.);
#1470 = CARTESIAN_POINT('',(-3.093639366852,5.102999367,-11.57636627993)
  );
#1471 = CARTESIAN_POINT('',(-3.078665987871,5.102999367,-11.6326124343)
  );
#1472 = ORIENTED_EDGE('',*,*,#1473,.F.);
#1473 = EDGE_CURVE('',#1474,#1467,#1476,.T.);
#1474 = VERTEX_POINT('',#1475);
#1475 = CARTESIAN_POINT('',(-3.078665987871,5.099999367,-11.6326124343)
  );
#1476 = B_SPLINE_CURVE_WITH_KNOTS('',1,(#1477,#1478),.UNSPECIFIED.,.F.,
  .F.,(2,2),(0.E+000,3.E-003),.PIECEWISE_BEZIER_KNOTS.);
#1477 = CARTESIAN_POINT('',(-3.078665987871,5.099999367,-11.6326124343)
  );
#1478 = CARTESIAN_POINT('',(-3.078665987871,5.102999367,-11.6326124343)
  );
#1479 = ORIENTED_EDGE('',*,*,#1480,.F.);
#1480 = EDGE_CURVE('',#1446,#1474,#1481,.T.);
#1481 = B_SPLINE_CURVE_WITH_KNOTS('',1,(#1482,#1483),.UNSPECIFIED.,.F.,
  .F.,(2,2),(0.E+000,1.137017067814),.PIECEWISE_BEZIER_KNOTS.);
#1482 = CARTESIAN_POINT('',(-3.093639366852,5.099999367,-11.57636627993)
  );
#1483 = CARTESIAN_POINT('',(-3.078665987871,5.099999367,-11.6326124343)
  );
#1484 = B_SPLINE_SURFACE_WITH_KNOTS('',1,1,(
    (#1485,#1486)
    ,(#1487,#1488
    )),.UNSPECIFIED.,.F.,.F.,.F.,(2,2),(2,2),(0.E+000,1.137017067814),(
    -3.E-003,0.E+000),.PIECEWISE_BEZIER_KNOTS.);
#1485 = CARTESIAN_POINT('',(-3.093639366852,5.102999367,-11.57636627993)
  );
#1486 = CARTESIAN_POINT('',(-3.093639366852,5.099999367,-11.57636627993)
  );
#1487 = CARTESIAN_POINT('',(-3.078665987871,5.102999367,-11.6326124343)
  );
#1488 = CARTESIAN_POINT('',(-3.078665987871,5.099999367,-11.6326124343)
  );
#1489 = ADVANCED_FACE('',(#1490),#1512,.F.);
#1490 = FACE_BOUND('',#1491,.F.);
#1491 = EDGE_LOOP('',(#1492,#1493,#1500,#1507));
#1492 = ORIENTED_EDGE('',*,*,#1473,.T.);
#1493 = ORIENTED_EDGE('',*,*,#1494,.T.);
#1494 = EDGE_CURVE('',#1467,#1495,#1497,.T.);
#1495 = VERTEX_POINT('',#1496);
#1496 = CARTESIAN_POINT('',(-3.140671134159,5.102999367,-11.6326124343)
  );
#1497 = B_SPLINE_CURVE_WITH_KNOTS('',1,(#1498,#1499),.UNSPECIFIED.,.F.,
  .F.,(2,2),(0.E+000,1.21125),.PIECEWISE_BEZIER_KNOTS.);
#1498 = CARTESIAN_POINT('',(-3.078665987871,5.102999367,-11.6326124343)
  );
#1499 = CARTESIAN_POINT('',(-3.140671134159,5.102999367,-11.6326124343)
  );
#1500 = ORIENTED_EDGE('',*,*,#1501,.F.);
#1501 = EDGE_CURVE('',#1502,#1495,#1504,.T.);
#1502 = VERTEX_POINT('',#1503);
#1503 = CARTESIAN_POINT('',(-3.140671134159,5.099999367,-11.6326124343)
  );
#1504 = B_SPLINE_CURVE_WITH_KNOTS('',1,(#1505,#1506),.UNSPECIFIED.,.F.,
  .F.,(2,2),(0.E+000,3.E-003),.PIECEWISE_BEZIER_KNOTS.);
#1505 = CARTESIAN_POINT('',(-3.140671134159,5.099999367,-11.6326124343)
  );
#1506 = CARTESIAN_POINT('',(-3.140671134159,5.102999367,-11.6326124343)
  );
#1507 = ORIENTED_EDGE('',*,*,#1508,.F.);
#1508 = EDGE_CURVE('',#1474,#1502,#1509,.T.);
#1509 = B_SPLINE_CURVE_WITH_KNOTS('',1,(#1510,#1511),.UNSPECIFIED.,.F.,
  .F.,(2,2),(0.E+000,1.21125),.PIECEWISE_BEZIER_KNOTS.);
#1510 = CARTESIAN_POINT('',(-3.078665987871,5.099999367,-11.6326124343)
  );
#1511 = CARTESIAN_POINT('',(-3.140671134159,5.099999367,-11.6326124343)
  );
#1512 = B_SPLINE_SURFACE_WITH_KNOTS('',1,1,(
    (#1513,#1514)
    ,(#1515,#1516
    )),.UNSPECIFIED.,.F.,.F.,.F.,(2,2),(2,2),(0.E+000,1.21125),(-3.E-003
    ,0.E+000),.PIECEWISE_BEZIER_KNOTS.);
#1513 = CARTESIAN_POINT('',(-3.078665987871,5.102999367,-11.6326124343)
  );
#1514 = CARTESIAN_POINT('',(-3.078665987871,5.099999367,-11.6326124343)
  );
#1515 = CARTESIAN_POINT('',(-3.140671134159,5.102999367,-11.6326124343)
  );
#1516 = CARTESIAN_POINT('',(-3.140671134159,5.099999367,-11.6326124343)
  );
#1517 = ADVANCED_FACE('',(#1518),#1540,.F.);
#1518 = FACE_BOUND('',#1519,.F.);
#1519 = EDGE_LOOP('',(#1520,#1521,#1528,#1535));
#1520 = ORIENTED_EDGE('',*,*,#1501,.T.);
#1521 = ORIENTED_EDGE('',*,*,#1522,.T.);
#1522 = EDGE_CURVE('',#1495,#1523,#1525,.T.);
#1523 = VERTEX_POINT('',#1524);
#1524 = CARTESIAN_POINT('',(-3.155388557943,5.102999367,-11.5783499327)
  );
#1525 = B_SPLINE_CURVE_WITH_KNOTS('',1,(#1526,#1527),.UNSPECIFIED.,.F.,
  .F.,(2,2),(0.E+000,1.098296977142),.PIECEWISE_BEZIER_KNOTS.);
#1526 = CARTESIAN_POINT('',(-3.140671134159,5.102999367,-11.6326124343)
  );
#1527 = CARTESIAN_POINT('',(-3.155388557943,5.102999367,-11.5783499327)
  );
#1528 = ORIENTED_EDGE('',*,*,#1529,.F.);
#1529 = EDGE_CURVE('',#1530,#1523,#1532,.T.);
#1530 = VERTEX_POINT('',#1531);
#1531 = CARTESIAN_POINT('',(-3.155388557943,5.099999367,-11.5783499327)
  );
#1532 = B_SPLINE_CURVE_WITH_KNOTS('',1,(#1533,#1534),.UNSPECIFIED.,.F.,
  .F.,(2,2),(0.E+000,3.E-003),.PIECEWISE_BEZIER_KNOTS.);
#1533 = CARTESIAN_POINT('',(-3.155388557943,5.099999367,-11.5783499327)
  );
#1534 = CARTESIAN_POINT('',(-3.155388557943,5.102999367,-11.5783499327)
  );
#1535 = ORIENTED_EDGE('',*,*,#1536,.F.);
#1536 = EDGE_CURVE('',#1502,#1530,#1537,.T.);
#1537 = B_SPLINE_CURVE_WITH_KNOTS('',1,(#1538,#1539),.UNSPECIFIED.,.F.,
  .F.,(2,2),(0.E+000,1.098296977142),.PIECEWISE_BEZIER_KNOTS.);
#1538 = CARTESIAN_POINT('',(-3.140671134159,5.099999367,-11.6326124343)
  );
#1539 = CARTESIAN_POINT('',(-3.155388557943,5.099999367,-11.5783499327)
  );
#1540 = B_SPLINE_SURFACE_WITH_KNOTS('',1,1,(
    (#1541,#1542)
    ,(#1543,#1544
    )),.UNSPECIFIED.,.F.,.F.,.F.,(2,2),(2,2),(0.E+000,1.098296977142),(
    -3.E-003,0.E+000),.PIECEWISE_BEZIER_KNOTS.);
#1541 = CARTESIAN_POINT('',(-3.140671134159,5.102999367,-11.6326124343)
  );
#1542 = CARTESIAN_POINT('',(-3.140671134159,5.099999367,-11.6326124343)
  );
#1543 = CARTESIAN_POINT('',(-3.155388557943,5.102999367,-11.5783499327)
  );
#1544 = CARTESIAN_POINT('',(-3.155388557943,5.099999367,-11.5783499327)
  );
#1545 = ADVANCED_FACE('',(#1546),#1568,.F.);
#1546 = FACE_BOUND('',#1547,.F.);
#1547 = EDGE_LOOP('',(#1548,#1549,#1556,#1563));
#1548 = ORIENTED_EDGE('',*,*,#1529,.T.);
#1549 = ORIENTED_EDGE('',*,*,#1550,.T.);
#1550 = EDGE_CURVE('',#1523,#1551,#1553,.T.);
#1551 = VERTEX_POINT('',#1552);
#1552 = CARTESIAN_POINT('',(-3.181879920753,5.102999367,-11.5783499327)
  );
#1553 = B_SPLINE_CURVE_WITH_KNOTS('',1,(#1554,#1555),.UNSPECIFIED.,.F.,
  .F.,(2,2),(0.E+000,0.5175),.PIECEWISE_BEZIER_KNOTS.);
#1554 = CARTESIAN_POINT('',(-3.155388557943,5.102999367,-11.5783499327)
  );
#1555 = CARTESIAN_POINT('',(-3.181879920753,5.102999367,-11.5783499327)
  );
#1556 = ORIENTED_EDGE('',*,*,#1557,.F.);
#1557 = EDGE_CURVE('',#1558,#1551,#1560,.T.);
#1558 = VERTEX_POINT('',#1559);
#1559 = CARTESIAN_POINT('',(-3.181879920753,5.099999367,-11.5783499327)
  );
#1560 = B_SPLINE_CURVE_WITH_KNOTS('',1,(#1561,#1562),.UNSPECIFIED.,.F.,
  .F.,(2,2),(0.E+000,3.E-003),.PIECEWISE_BEZIER_KNOTS.);
#1561 = CARTESIAN_POINT('',(-3.181879920753,5.099999367,-11.5783499327)
  );
#1562 = CARTESIAN_POINT('',(-3.181879920753,5.102999367,-11.5783499327)
  );
#1563 = ORIENTED_EDGE('',*,*,#1564,.F.);
#1564 = EDGE_CURVE('',#1530,#1558,#1565,.T.);
#1565 = B_SPLINE_CURVE_WITH_KNOTS('',1,(#1566,#1567),.UNSPECIFIED.,.F.,
  .F.,(2,2),(0.E+000,0.5175),.PIECEWISE_BEZIER_KNOTS.);
#1566 = CARTESIAN_POINT('',(-3.155388557943,5.099999367,-11.5783499327)
  );
#1567 = CARTESIAN_POINT('',(-3.181879920753,5.099999367,-11.5783499327)
  );
#1568 = B_SPLINE_SURFACE_WITH_KNOTS('',1,1,(
    (#1569,#1570)
    ,(#1571,#1572
    )),.UNSPECIFIED.,.F.,.F.,.F.,(2,2),(2,2),(0.E+000,0.5175),(-3.E-003,
    0.E+000),.PIECEWISE_BEZIER_KNOTS.);
#1569 = CARTESIAN_POINT('',(-3.155388557943,5.102999367,-11.5783499327)
  );
#1570 = CARTESIAN_POINT('',(-3.155388557943,5.099999367,-11.5783499327)
  );
#1571 = CARTESIAN_POINT('',(-3.181879920753,5.102999367,-11.5783499327)
  );
#1572 = CARTESIAN_POINT('',(-3.181879920753,5.099999367,-11.5783499327)
  );
#1573 = ADVANCED_FACE('',(#1574),#1596,.F.);
#1574 = FACE_BOUND('',#1575,.F.);
#1575 = EDGE_LOOP('',(#1576,#1577,#1584,#1591));
#1576 = ORIENTED_EDGE('',*,*,#1557,.T.);
#1577 = ORIENTED_EDGE('',*,*,#1578,.T.);
#1578 = EDGE_CURVE('',#1551,#1579,#1581,.T.);
#1579 = VERTEX_POINT('',#1580);
#1580 = CARTESIAN_POINT('',(-3.196405378139,5.102999367,-11.52511125188)
  );
#1581 = B_SPLINE_CURVE_WITH_KNOTS('',1,(#1582,#1583),.UNSPECIFIED.,.F.,
  .F.,(2,2),(0.E+000,1.078013943555),.PIECEWISE_BEZIER_KNOTS.);
#1582 = CARTESIAN_POINT('',(-3.181879920753,5.102999367,-11.5783499327)
  );
#1583 = CARTESIAN_POINT('',(-3.196405378139,5.102999367,-11.52511125188)
  );
#1584 = ORIENTED_EDGE('',*,*,#1585,.F.);
#1585 = EDGE_CURVE('',#1586,#1579,#1588,.T.);
#1586 = VERTEX_POINT('',#1587);
#1587 = CARTESIAN_POINT('',(-3.196405378139,5.099999367,-11.52511125188)
  );
#1588 = B_SPLINE_CURVE_WITH_KNOTS('',1,(#1589,#1590),.UNSPECIFIED.,.F.,
  .F.,(2,2),(0.E+000,3.E-003),.PIECEWISE_BEZIER_KNOTS.);
#1589 = CARTESIAN_POINT('',(-3.196405378139,5.099999367,-11.52511125188)
  );
#1590 = CARTESIAN_POINT('',(-3.196405378139,5.102999367,-11.52511125188)
  );
#1591 = ORIENTED_EDGE('',*,*,#1592,.F.);
#1592 = EDGE_CURVE('',#1558,#1586,#1593,.T.);
#1593 = B_SPLINE_CURVE_WITH_KNOTS('',1,(#1594,#1595),.UNSPECIFIED.,.F.,
  .F.,(2,2),(0.E+000,1.078013943555),.PIECEWISE_BEZIER_KNOTS.);
#1594 = CARTESIAN_POINT('',(-3.181879920753,5.099999367,-11.5783499327)
  );
#1595 = CARTESIAN_POINT('',(-3.196405378139,5.099999367,-11.52511125188)
  );
#1596 = B_SPLINE_SURFACE_WITH_KNOTS('',1,1,(
    (#1597,#1598)
    ,(#1599,#1600
    )),.UNSPECIFIED.,.F.,.F.,.F.,(2,2),(2,2),(0.E+000,1.078013943555),(
    -3.E-003,0.E+000),.PIECEWISE_BEZIER_KNOTS.);
#1597 = CARTESIAN_POINT('',(-3.181879920753,5.102999367,-11.5783499327)
  );
#1598 = CARTESIAN_POINT('',(-3.181879920753,5.099999367,-11.5783499327)
  );
#1599 = CARTESIAN_POINT('',(-3.196405378139,5.102999367,-11.52511125188)
  );
#1600 = CARTESIAN_POINT('',(-3.196405378139,5.099999367,-11.52511125188)
  );
#1601 = ADVANCED_FACE('',(#1602),#1624,.F.);
#1602 = FACE_BOUND('',#1603,.F.);
#1603 = EDGE_LOOP('',(#1604,#1605,#1612,#1619));
#1604 = ORIENTED_EDGE('',*,*,#1585,.T.);
#1605 = ORIENTED_EDGE('',*,*,#1606,.T.);
#1606 = EDGE_CURVE('',#1579,#1607,#1609,.T.);
#1607 = VERTEX_POINT('',#1608);
#1608 = CARTESIAN_POINT('',(-3.16991401533,5.102999367,-11.52511125188)
  );
#1609 = B_SPLINE_CURVE_WITH_KNOTS('',1,(#1610,#1611),.UNSPECIFIED.,.F.,
  .F.,(2,2),(0.E+000,0.5175),.PIECEWISE_BEZIER_KNOTS.);
#1610 = CARTESIAN_POINT('',(-3.196405378139,5.102999367,-11.52511125188)
  );
#1611 = CARTESIAN_POINT('',(-3.16991401533,5.102999367,-11.52511125188)
  );
#1612 = ORIENTED_EDGE('',*,*,#1613,.F.);
#1613 = EDGE_CURVE('',#1614,#1607,#1616,.T.);
#1614 = VERTEX_POINT('',#1615);
#1615 = CARTESIAN_POINT('',(-3.16991401533,5.099999367,-11.52511125188)
  );
#1616 = B_SPLINE_CURVE_WITH_KNOTS('',1,(#1617,#1618),.UNSPECIFIED.,.F.,
  .F.,(2,2),(0.E+000,3.E-003),.PIECEWISE_BEZIER_KNOTS.);
#1617 = CARTESIAN_POINT('',(-3.16991401533,5.099999367,-11.52511125188)
  );
#1618 = CARTESIAN_POINT('',(-3.16991401533,5.102999367,-11.52511125188)
  );
#1619 = ORIENTED_EDGE('',*,*,#1620,.F.);
#1620 = EDGE_CURVE('',#1586,#1614,#1621,.T.);
#1621 = B_SPLINE_CURVE_WITH_KNOTS('',1,(#1622,#1623),.UNSPECIFIED.,.F.,
  .F.,(2,2),(0.E+000,0.5175),.PIECEWISE_BEZIER_KNOTS.);
#1622 = CARTESIAN_POINT('',(-3.196405378139,5.099999367,-11.52511125188)
  );
#1623 = CARTESIAN_POINT('',(-3.16991401533,5.099999367,-11.52511125188)
  );
#1624 = B_SPLINE_SURFACE_WITH_KNOTS('',1,1,(
    (#1625,#1626)
    ,(#1627,#1628
    )),.UNSPECIFIED.,.F.,.F.,.F.,(2,2),(2,2),(0.E+000,0.5175),(-3.E-003,
    0.E+000),.PIECEWISE_BEZIER_KNOTS.);
#1625 = CARTESIAN_POINT('',(-3.196405378139,5.102999367,-11.52511125188)
  );
#1626 = CARTESIAN_POINT('',(-3.196405378139,5.099999367,-11.52511125188)
  );
#1627 = CARTESIAN_POINT('',(-3.16991401533,5.102999367,-11.52511125188)
  );
#1628 = CARTESIAN_POINT('',(-3.16991401533,5.099999367,-11.52511125188)
  );
#1629 = ADVANCED_FACE('',(#1630),#1652,.F.);
#1630 = FACE_BOUND('',#1631,.F.);
#1631 = EDGE_LOOP('',(#1632,#1633,#1640,#1647));
#1632 = ORIENTED_EDGE('',*,*,#1613,.T.);
#1633 = ORIENTED_EDGE('',*,*,#1634,.T.);
#1634 = EDGE_CURVE('',#1607,#1635,#1637,.T.);
#1635 = VERTEX_POINT('',#1636);
#1636 = CARTESIAN_POINT('',(-3.196405378139,5.102999367,-11.42388097177)
  );
#1637 = B_SPLINE_CURVE_WITH_KNOTS('',1,(#1638,#1639),.UNSPECIFIED.,.F.,
  .F.,(2,2),(0.E+000,2.044092096751),.PIECEWISE_BEZIER_KNOTS.);
#1638 = CARTESIAN_POINT('',(-3.16991401533,5.102999367,-11.52511125188)
  );
#1639 = CARTESIAN_POINT('',(-3.196405378139,5.102999367,-11.42388097177)
  );
#1640 = ORIENTED_EDGE('',*,*,#1641,.F.);
#1641 = EDGE_CURVE('',#1642,#1635,#1644,.T.);
#1642 = VERTEX_POINT('',#1643);
#1643 = CARTESIAN_POINT('',(-3.196405378139,5.099999367,-11.42388097177)
  );
#1644 = B_SPLINE_CURVE_WITH_KNOTS('',1,(#1645,#1646),.UNSPECIFIED.,.F.,
  .F.,(2,2),(0.E+000,3.E-003),.PIECEWISE_BEZIER_KNOTS.);
#1645 = CARTESIAN_POINT('',(-3.196405378139,5.099999367,-11.42388097177)
  );
#1646 = CARTESIAN_POINT('',(-3.196405378139,5.102999367,-11.42388097177)
  );
#1647 = ORIENTED_EDGE('',*,*,#1648,.F.);
#1648 = EDGE_CURVE('',#1614,#1642,#1649,.T.);
#1649 = B_SPLINE_CURVE_WITH_KNOTS('',1,(#1650,#1651),.UNSPECIFIED.,.F.,
  .F.,(2,2),(0.E+000,2.044092096751),.PIECEWISE_BEZIER_KNOTS.);
#1650 = CARTESIAN_POINT('',(-3.16991401533,5.099999367,-11.52511125188)
  );
#1651 = CARTESIAN_POINT('',(-3.196405378139,5.099999367,-11.42388097177)
  );
#1652 = B_SPLINE_SURFACE_WITH_KNOTS('',1,1,(
    (#1653,#1654)
    ,(#1655,#1656
    )),.UNSPECIFIED.,.F.,.F.,.F.,(2,2),(2,2),(0.E+000,2.044092096751),(
    -3.E-003,0.E+000),.PIECEWISE_BEZIER_KNOTS.);
#1653 = CARTESIAN_POINT('',(-3.16991401533,5.102999367,-11.52511125188)
  );
#1654 = CARTESIAN_POINT('',(-3.16991401533,5.099999367,-11.52511125188)
  );
#1655 = CARTESIAN_POINT('',(-3.196405378139,5.102999367,-11.42388097177)
  );
#1656 = CARTESIAN_POINT('',(-3.196405378139,5.099999367,-11.42388097177)
  );
#1657 = ADVANCED_FACE('',(#1658),#1684,.F.);
#1658 = FACE_BOUND('',#1659,.F.);
#1659 = EDGE_LOOP('',(#1660,#1661,#1670,#1677));
#1660 = ORIENTED_EDGE('',*,*,#1641,.T.);
#1661 = ORIENTED_EDGE('',*,*,#1662,.T.);
#1662 = EDGE_CURVE('',#1635,#1663,#1665,.T.);
#1663 = VERTEX_POINT('',#1664);
#1664 = CARTESIAN_POINT('',(-3.200116728485,5.102999367,-11.39636578818)
  );
#1665 = B_SPLINE_CURVE_WITH_KNOTS('',3,(#1666,#1667,#1668,#1669),
  .UNSPECIFIED.,.F.,.F.,(4,4),(0.E+000,1.),.PIECEWISE_BEZIER_KNOTS.);
#1666 = CARTESIAN_POINT('',(-3.196405378139,5.102999367,-11.42388097177)
  );
#1667 = CARTESIAN_POINT('',(-3.198642426554,5.102999367,-11.4148585511)
  );
#1668 = CARTESIAN_POINT('',(-3.200116728485,5.102999367,-11.40564416404)
  );
#1669 = CARTESIAN_POINT('',(-3.200116728485,5.102999367,-11.39636578818)
  );
#1670 = ORIENTED_EDGE('',*,*,#1671,.F.);
#1671 = EDGE_CURVE('',#1672,#1663,#1674,.T.);
#1672 = VERTEX_POINT('',#1673);
#1673 = CARTESIAN_POINT('',(-3.200116728485,5.099999367,-11.39636578818)
  );
#1674 = B_SPLINE_CURVE_WITH_KNOTS('',1,(#1675,#1676),.UNSPECIFIED.,.F.,
  .F.,(2,2),(0.E+000,3.E-003),.PIECEWISE_BEZIER_KNOTS.);
#1675 = CARTESIAN_POINT('',(-3.200116728485,5.099999367,-11.39636578818)
  );
#1676 = CARTESIAN_POINT('',(-3.200116728485,5.102999367,-11.39636578818)
  );
#1677 = ORIENTED_EDGE('',*,*,#1678,.F.);
#1678 = EDGE_CURVE('',#1642,#1672,#1679,.T.);
#1679 = B_SPLINE_CURVE_WITH_KNOTS('',3,(#1680,#1681,#1682,#1683),
  .UNSPECIFIED.,.F.,.F.,(4,4),(0.E+000,1.),.PIECEWISE_BEZIER_KNOTS.);
#1680 = CARTESIAN_POINT('',(-3.196405378139,5.099999367,-11.42388097177)
  );
#1681 = CARTESIAN_POINT('',(-3.198642426554,5.099999367,-11.4148585511)
  );
#1682 = CARTESIAN_POINT('',(-3.200116728485,5.099999367,-11.40564416404)
  );
#1683 = CARTESIAN_POINT('',(-3.200116728485,5.099999367,-11.39636578818)
  );
#1684 = B_SPLINE_SURFACE_WITH_KNOTS('',3,1,(
    (#1685,#1686)
    ,(#1687,#1688)
    ,(#1689,#1690)
    ,(#1691,#1692
    )),.UNSPECIFIED.,.F.,.F.,.F.,(4,4),(2,2),(0.E+000,1.),(-3.E-003,
    0.E+000),.PIECEWISE_BEZIER_KNOTS.);
#1685 = CARTESIAN_POINT('',(-3.196405378139,5.102999367,-11.42388097177)
  );
#1686 = CARTESIAN_POINT('',(-3.196405378139,5.099999367,-11.42388097177)
  );
#1687 = CARTESIAN_POINT('',(-3.198642426554,5.102999367,-11.4148585511)
  );
#1688 = CARTESIAN_POINT('',(-3.198642426554,5.099999367,-11.4148585511)
  );
#1689 = CARTESIAN_POINT('',(-3.200116728485,5.102999367,-11.40564416404)
  );
#1690 = CARTESIAN_POINT('',(-3.200116728485,5.099999367,-11.40564416404)
  );
#1691 = CARTESIAN_POINT('',(-3.200116728485,5.102999367,-11.39636578818)
  );
#1692 = CARTESIAN_POINT('',(-3.200116728485,5.099999367,-11.39636578818)
  );
#1693 = ADVANCED_FACE('',(#1694),#1720,.F.);
#1694 = FACE_BOUND('',#1695,.F.);
#1695 = EDGE_LOOP('',(#1696,#1697,#1706,#1713));
#1696 = ORIENTED_EDGE('',*,*,#1671,.T.);
#1697 = ORIENTED_EDGE('',*,*,#1698,.T.);
#1698 = EDGE_CURVE('',#1663,#1699,#1701,.T.);
#1699 = VERTEX_POINT('',#1700);
#1700 = CARTESIAN_POINT('',(-3.181623965557,5.102999367,-11.36264369107)
  );
#1701 = B_SPLINE_CURVE_WITH_KNOTS('',3,(#1702,#1703,#1704,#1705),
  .UNSPECIFIED.,.F.,.F.,(4,4),(0.E+000,1.),.PIECEWISE_BEZIER_KNOTS.);
#1702 = CARTESIAN_POINT('',(-3.200116728485,5.102999367,-11.39636578818)
  );
#1703 = CARTESIAN_POINT('',(-3.198898381752,5.102999367,-11.38312010677)
  );
#1704 = CARTESIAN_POINT('',(-3.192374083799,5.102999367,-11.37089824615)
  );
#1705 = CARTESIAN_POINT('',(-3.181623965557,5.102999367,-11.36264369107)
  );
#1706 = ORIENTED_EDGE('',*,*,#1707,.F.);
#1707 = EDGE_CURVE('',#1708,#1699,#1710,.T.);
#1708 = VERTEX_POINT('',#1709);
#1709 = CARTESIAN_POINT('',(-3.181623965557,5.099999367,-11.36264369107)
  );
#1710 = B_SPLINE_CURVE_WITH_KNOTS('',1,(#1711,#1712),.UNSPECIFIED.,.F.,
  .F.,(2,2),(0.E+000,3.E-003),.PIECEWISE_BEZIER_KNOTS.);
#1711 = CARTESIAN_POINT('',(-3.181623965557,5.099999367,-11.36264369107)
  );
#1712 = CARTESIAN_POINT('',(-3.181623965557,5.102999367,-11.36264369107)
  );
#1713 = ORIENTED_EDGE('',*,*,#1714,.F.);
#1714 = EDGE_CURVE('',#1672,#1708,#1715,.T.);
#1715 = B_SPLINE_CURVE_WITH_KNOTS('',3,(#1716,#1717,#1718,#1719),
  .UNSPECIFIED.,.F.,.F.,(4,4),(0.E+000,1.),.PIECEWISE_BEZIER_KNOTS.);
#1716 = CARTESIAN_POINT('',(-3.200116728485,5.099999367,-11.39636578818)
  );
#1717 = CARTESIAN_POINT('',(-3.198898381752,5.099999367,-11.38312010677)
  );
#1718 = CARTESIAN_POINT('',(-3.192374083799,5.099999367,-11.37089824615)
  );
#1719 = CARTESIAN_POINT('',(-3.181623965557,5.099999367,-11.36264369107)
  );
#1720 = B_SPLINE_SURFACE_WITH_KNOTS('',3,1,(
    (#1721,#1722)
    ,(#1723,#1724)
    ,(#1725,#1726)
    ,(#1727,#1728
    )),.UNSPECIFIED.,.F.,.F.,.F.,(4,4),(2,2),(0.E+000,1.),(-3.E-003,
    0.E+000),.PIECEWISE_BEZIER_KNOTS.);
#1721 = CARTESIAN_POINT('',(-3.200116728485,5.102999367,-11.39636578818)
  );
#1722 = CARTESIAN_POINT('',(-3.200116728485,5.099999367,-11.39636578818)
  );
#1723 = CARTESIAN_POINT('',(-3.198898381752,5.102999367,-11.38312010677)
  );
#1724 = CARTESIAN_POINT('',(-3.198898381752,5.099999367,-11.38312010677)
  );
#1725 = CARTESIAN_POINT('',(-3.192374083799,5.102999367,-11.37089824615)
  );
#1726 = CARTESIAN_POINT('',(-3.192374083799,5.099999367,-11.37089824615)
  );
#1727 = CARTESIAN_POINT('',(-3.181623965557,5.102999367,-11.36264369107)
  );
#1728 = CARTESIAN_POINT('',(-3.181623965557,5.099999367,-11.36264369107)
  );
#1729 = ADVANCED_FACE('',(#1730),#1756,.F.);
#1730 = FACE_BOUND('',#1731,.F.);
#1731 = EDGE_LOOP('',(#1732,#1733,#1742,#1749));
#1732 = ORIENTED_EDGE('',*,*,#1707,.T.);
#1733 = ORIENTED_EDGE('',*,*,#1734,.T.);
#1734 = EDGE_CURVE('',#1699,#1735,#1737,.T.);
#1735 = VERTEX_POINT('',#1736);
#1736 = CARTESIAN_POINT('',(-3.145134886743,5.102999367,-11.35091559834)
  );
#1737 = B_SPLINE_CURVE_WITH_KNOTS('',3,(#1738,#1739,#1740,#1741),
  .UNSPECIFIED.,.F.,.F.,(4,4),(0.E+000,1.),.PIECEWISE_BEZIER_KNOTS.);
#1738 = CARTESIAN_POINT('',(-3.181623965557,5.102999367,-11.36264369107)
  );
#1739 = CARTESIAN_POINT('',(-3.171129802511,5.102999367,-11.35438913599)
  );
#1740 = CARTESIAN_POINT('',(-3.15762816591,5.102999367,-11.35112570724)
  );
#1741 = CARTESIAN_POINT('',(-3.145134886743,5.102999367,-11.35091559834)
  );
#1742 = ORIENTED_EDGE('',*,*,#1743,.F.);
#1743 = EDGE_CURVE('',#1744,#1735,#1746,.T.);
#1744 = VERTEX_POINT('',#1745);
#1745 = CARTESIAN_POINT('',(-3.145134886743,5.099999367,-11.35091559834)
  );
#1746 = B_SPLINE_CURVE_WITH_KNOTS('',1,(#1747,#1748),.UNSPECIFIED.,.F.,
  .F.,(2,2),(0.E+000,3.E-003),.PIECEWISE_BEZIER_KNOTS.);
#1747 = CARTESIAN_POINT('',(-3.145134886743,5.099999367,-11.35091559834)
  );
#1748 = CARTESIAN_POINT('',(-3.145134886743,5.102999367,-11.35091559834)
  );
#1749 = ORIENTED_EDGE('',*,*,#1750,.F.);
#1750 = EDGE_CURVE('',#1708,#1744,#1751,.T.);
#1751 = B_SPLINE_CURVE_WITH_KNOTS('',3,(#1752,#1753,#1754,#1755),
  .UNSPECIFIED.,.F.,.F.,(4,4),(0.E+000,1.),.PIECEWISE_BEZIER_KNOTS.);
#1752 = CARTESIAN_POINT('',(-3.181623965557,5.099999367,-11.36264369107)
  );
#1753 = CARTESIAN_POINT('',(-3.171129802511,5.099999367,-11.35438913599)
  );
#1754 = CARTESIAN_POINT('',(-3.15762816591,5.099999367,-11.35112570724)
  );
#1755 = CARTESIAN_POINT('',(-3.145134886743,5.099999367,-11.35091559834)
  );
#1756 = B_SPLINE_SURFACE_WITH_KNOTS('',3,1,(
    (#1757,#1758)
    ,(#1759,#1760)
    ,(#1761,#1762)
    ,(#1763,#1764
    )),.UNSPECIFIED.,.F.,.F.,.F.,(4,4),(2,2),(0.E+000,1.),(-3.E-003,
    0.E+000),.PIECEWISE_BEZIER_KNOTS.);
#1757 = CARTESIAN_POINT('',(-3.181623965557,5.102999367,-11.36264369107)
  );
#1758 = CARTESIAN_POINT('',(-3.181623965557,5.099999367,-11.36264369107)
  );
#1759 = CARTESIAN_POINT('',(-3.171129802511,5.102999367,-11.35438913599)
  );
#1760 = CARTESIAN_POINT('',(-3.171129802511,5.099999367,-11.35438913599)
  );
#1761 = CARTESIAN_POINT('',(-3.15762816591,5.102999367,-11.35112570724)
  );
#1762 = CARTESIAN_POINT('',(-3.15762816591,5.099999367,-11.35112570724)
  );
#1763 = CARTESIAN_POINT('',(-3.145134886743,5.102999367,-11.35091559834)
  );
#1764 = CARTESIAN_POINT('',(-3.145134886743,5.099999367,-11.35091559834)
  );
#1765 = ADVANCED_FACE('',(#1766),#1788,.F.);
#1766 = FACE_BOUND('',#1767,.F.);
#1767 = EDGE_LOOP('',(#1768,#1769,#1776,#1783));
#1768 = ORIENTED_EDGE('',*,*,#1743,.T.);
#1769 = ORIENTED_EDGE('',*,*,#1770,.T.);
#1770 = EDGE_CURVE('',#1735,#1771,#1773,.T.);
#1771 = VERTEX_POINT('',#1772);
#1772 = CARTESIAN_POINT('',(-3.143765216343,5.102999367,-11.35087618554)
  );
#1773 = B_SPLINE_CURVE_WITH_KNOTS('',1,(#1774,#1775),.UNSPECIFIED.,.F.,
  .F.,(2,2),(0.E+000,5.229608015903E-002),.PIECEWISE_BEZIER_KNOTS.);
#1774 = CARTESIAN_POINT('',(-3.145134886743,5.102999367,-11.35091559834)
  );
#1775 = CARTESIAN_POINT('',(-3.143765216343,5.102999367,-11.35087618554)
  );
#1776 = ORIENTED_EDGE('',*,*,#1777,.F.);
#1777 = EDGE_CURVE('',#1778,#1771,#1780,.T.);
#1778 = VERTEX_POINT('',#1779);
#1779 = CARTESIAN_POINT('',(-3.143765216343,5.099999367,-11.35087618554)
  );
#1780 = B_SPLINE_CURVE_WITH_KNOTS('',1,(#1781,#1782),.UNSPECIFIED.,.F.,
  .F.,(2,2),(0.E+000,3.E-003),.PIECEWISE_BEZIER_KNOTS.);
#1781 = CARTESIAN_POINT('',(-3.143765216343,5.099999367,-11.35087618554)
  );
#1782 = CARTESIAN_POINT('',(-3.143765216343,5.102999367,-11.35087618554)
  );
#1783 = ORIENTED_EDGE('',*,*,#1784,.F.);
#1784 = EDGE_CURVE('',#1744,#1778,#1785,.T.);
#1785 = B_SPLINE_CURVE_WITH_KNOTS('',1,(#1786,#1787),.UNSPECIFIED.,.F.,
  .F.,(2,2),(0.E+000,5.229608015903E-002),.PIECEWISE_BEZIER_KNOTS.);
#1786 = CARTESIAN_POINT('',(-3.145134886743,5.099999367,-11.35091559834)
  );
#1787 = CARTESIAN_POINT('',(-3.143765216343,5.099999367,-11.35087618554)
  );
#1788 = B_SPLINE_SURFACE_WITH_KNOTS('',1,1,(
    (#1789,#1790)
    ,(#1791,#1792
    )),.UNSPECIFIED.,.F.,.F.,.F.,(2,2),(2,2),(0.E+000,
    5.229608015903E-002),(-3.E-003,0.E+000),.PIECEWISE_BEZIER_KNOTS.);
#1789 = CARTESIAN_POINT('',(-3.145134886743,5.102999367,-11.35091559834)
  );
#1790 = CARTESIAN_POINT('',(-3.145134886743,5.099999367,-11.35091559834)
  );
#1791 = CARTESIAN_POINT('',(-3.143765216343,5.102999367,-11.35087618554)
  );
#1792 = CARTESIAN_POINT('',(-3.143765216343,5.099999367,-11.35087618554)
  );
#1793 = ADVANCED_FACE('',(#1794),#1808,.F.);
#1794 = FACE_BOUND('',#1795,.F.);
#1795 = EDGE_LOOP('',(#1796,#1797,#1802,#1803));
#1796 = ORIENTED_EDGE('',*,*,#1777,.T.);
#1797 = ORIENTED_EDGE('',*,*,#1798,.T.);
#1798 = EDGE_CURVE('',#1771,#1140,#1799,.T.);
#1799 = B_SPLINE_CURVE_WITH_KNOTS('',1,(#1800,#1801),.UNSPECIFIED.,.F.,
  .F.,(2,2),(0.E+000,1.118033988723E-004),.PIECEWISE_BEZIER_KNOTS.);
#1800 = CARTESIAN_POINT('',(-3.143765216343,5.102999367,-11.35087618554)
  );
#1801 = CARTESIAN_POINT('',(-3.142931121543,5.102999367,-11.35084677714)
  );
#1802 = ORIENTED_EDGE('',*,*,#1137,.F.);
#1803 = ORIENTED_EDGE('',*,*,#1804,.F.);
#1804 = EDGE_CURVE('',#1778,#1138,#1805,.T.);
#1805 = B_SPLINE_CURVE_WITH_KNOTS('',1,(#1806,#1807),.UNSPECIFIED.,.F.,
  .F.,(2,2),(0.E+000,1.118033988723E-004),.PIECEWISE_BEZIER_KNOTS.);
#1806 = CARTESIAN_POINT('',(-3.143765216343,5.099999367,-11.35087618554)
  );
#1807 = CARTESIAN_POINT('',(-3.142931121543,5.099999367,-11.35084677714)
  );
#1808 = B_SPLINE_SURFACE_WITH_KNOTS('',1,1,(
    (#1809,#1810)
    ,(#1811,#1812
    )),.UNSPECIFIED.,.F.,.F.,.F.,(2,2),(2,2),(0.E+000,
    1.118033988723E-004),(-3.E-003,0.E+000),.PIECEWISE_BEZIER_KNOTS.);
#1809 = CARTESIAN_POINT('',(-3.143765216343,5.102999367,-11.35087618554)
  );
#1810 = CARTESIAN_POINT('',(-3.143765216343,5.099999367,-11.35087618554)
  );
#1811 = CARTESIAN_POINT('',(-3.142931121543,5.102999367,-11.35084677714)
  );
#1812 = CARTESIAN_POINT('',(-3.142931121543,5.099999367,-11.35084677714)
  );
#1813 = ADVANCED_FACE('',(#1814),#1838,.F.);
#1814 = FACE_BOUND('',#1815,.F.);
#1815 = EDGE_LOOP('',(#1816,#1817,#1818,#1819,#1820,#1821,#1822,#1823,
    #1824,#1825,#1826,#1827,#1828,#1829,#1830,#1831,#1832,#1833,#1834,
    #1835,#1836,#1837));
#1816 = ORIENTED_EDGE('',*,*,#1162,.T.);
#1817 = ORIENTED_EDGE('',*,*,#1196,.T.);
#1818 = ORIENTED_EDGE('',*,*,#1226,.T.);
#1819 = ORIENTED_EDGE('',*,*,#1262,.T.);
#1820 = ORIENTED_EDGE('',*,*,#1298,.T.);
#1821 = ORIENTED_EDGE('',*,*,#1334,.T.);
#1822 = ORIENTED_EDGE('',*,*,#1368,.T.);
#1823 = ORIENTED_EDGE('',*,*,#1396,.T.);
#1824 = ORIENTED_EDGE('',*,*,#1424,.T.);
#1825 = ORIENTED_EDGE('',*,*,#1452,.T.);
#1826 = ORIENTED_EDGE('',*,*,#1480,.T.);
#1827 = ORIENTED_EDGE('',*,*,#1508,.T.);
#1828 = ORIENTED_EDGE('',*,*,#1536,.T.);
#1829 = ORIENTED_EDGE('',*,*,#1564,.T.);
#1830 = ORIENTED_EDGE('',*,*,#1592,.T.);
#1831 = ORIENTED_EDGE('',*,*,#1620,.T.);
#1832 = ORIENTED_EDGE('',*,*,#1648,.T.);
#1833 = ORIENTED_EDGE('',*,*,#1678,.T.);
#1834 = ORIENTED_EDGE('',*,*,#1714,.T.);
#1835 = ORIENTED_EDGE('',*,*,#1750,.T.);
#1836 = ORIENTED_EDGE('',*,*,#1784,.T.);
#1837 = ORIENTED_EDGE('',*,*,#1804,.T.);
#1838 = B_SPLINE_SURFACE_WITH_KNOTS('',1,1,(
    (#1839,#1840)
    ,(#1841,#1842
    )),.UNSPECIFIED.,.F.,.F.,.F.,(2,2),(2,2),(35.204730648829,
    41.413167700399),(-36.48651462639,-25.29619407474),
  .PIECEWISE_BEZIER_KNOTS.);
#1839 = CARTESIAN_POINT('',(-3.200116728485,5.099999367,-11.3506163564)
  );
#1840 = CARTESIAN_POINT('',(-3.200116728485,5.099999367,-11.6326124343)
  );
#1841 = CARTESIAN_POINT('',(-3.043664114785,5.099999367,-11.3506163564)
  );
#1842 = CARTESIAN_POINT('',(-3.043664114785,5.099999367,-11.6326124343)
  );
#1843 = ADVANCED_FACE('',(#1844),#1868,.T.);
#1844 = FACE_BOUND('',#1845,.T.);
#1845 = EDGE_LOOP('',(#1846,#1847,#1848,#1849,#1850,#1851,#1852,#1853,
    #1854,#1855,#1856,#1857,#1858,#1859,#1860,#1861,#1862,#1863,#1864,
    #1865,#1866,#1867));
#1846 = ORIENTED_EDGE('',*,*,#1146,.T.);
#1847 = ORIENTED_EDGE('',*,*,#1182,.T.);
#1848 = ORIENTED_EDGE('',*,*,#1210,.T.);
#1849 = ORIENTED_EDGE('',*,*,#1246,.T.);
#1850 = ORIENTED_EDGE('',*,*,#1282,.T.);
#1851 = ORIENTED_EDGE('',*,*,#1318,.T.);
#1852 = ORIENTED_EDGE('',*,*,#1354,.T.);
#1853 = ORIENTED_EDGE('',*,*,#1382,.T.);
#1854 = ORIENTED_EDGE('',*,*,#1410,.T.);
#1855 = ORIENTED_EDGE('',*,*,#1438,.T.);
#1856 = ORIENTED_EDGE('',*,*,#1466,.T.);
#1857 = ORIENTED_EDGE('',*,*,#1494,.T.);
#1858 = ORIENTED_EDGE('',*,*,#1522,.T.);
#1859 = ORIENTED_EDGE('',*,*,#1550,.T.);
#1860 = ORIENTED_EDGE('',*,*,#1578,.T.);
#1861 = ORIENTED_EDGE('',*,*,#1606,.T.);
#1862 = ORIENTED_EDGE('',*,*,#1634,.T.);
#1863 = ORIENTED_EDGE('',*,*,#1662,.T.);
#1864 = ORIENTED_EDGE('',*,*,#1698,.T.);
#1865 = ORIENTED_EDGE('',*,*,#1734,.T.);
#1866 = ORIENTED_EDGE('',*,*,#1770,.T.);
#1867 = ORIENTED_EDGE('',*,*,#1798,.T.);
#1868 = B_SPLINE_SURFACE_WITH_KNOTS('',1,1,(
    (#1869,#1870)
    ,(#1871,#1872
    )),.UNSPECIFIED.,.F.,.F.,.F.,(2,2),(2,2),(35.204730648829,
    41.413167700399),(-36.48651462639,-25.29619407474),
  .PIECEWISE_BEZIER_KNOTS.);
#1869 = CARTESIAN_POINT('',(-3.200116728485,5.102999367,-11.3506163564)
  );
#1870 = CARTESIAN_POINT('',(-3.200116728485,5.102999367,-11.6326124343)
  );
#1871 = CARTESIAN_POINT('',(-3.043664114785,5.102999367,-11.3506163564)
  );
#1872 = CARTESIAN_POINT('',(-3.043664114785,5.102999367,-11.6326124343)
  );
#1873 = MANIFOLD_SOLID_BREP('',#1874);
#1874 = CLOSED_SHELL('',(#1875,#1919,#1947,#1983,#2019,#2055,#2091,#2127
    ,#2155,#2191,#2227,#2263,#2299,#2319,#2340));
#1875 = ADVANCED_FACE('',(#1876),#1910,.F.);
#1876 = FACE_BOUND('',#1877,.F.);
#1877 = EDGE_LOOP('',(#1878,#1887,#1896,#1903));
#1878 = ORIENTED_EDGE('',*,*,#1879,.T.);
#1879 = EDGE_CURVE('',#1880,#1882,#1884,.T.);
#1880 = VERTEX_POINT('',#1881);
#1881 = CARTESIAN_POINT('',(-3.331613710551,5.099999367,-11.3508723116)
  );
#1882 = VERTEX_POINT('',#1883);
#1883 = CARTESIAN_POINT('',(-3.331613710551,5.102999367,-11.3508723116)
  );
#1884 = B_SPLINE_CURVE_WITH_KNOTS('',1,(#1885,#1886),.UNSPECIFIED.,.F.,
  .F.,(2,2),(0.E+000,3.E-003),.PIECEWISE_BEZIER_KNOTS.);
#1885 = CARTESIAN_POINT('',(-3.331613710551,5.099999367,-11.3508723116)
  );
#1886 = CARTESIAN_POINT('',(-3.331613710551,5.102999367,-11.3508723116)
  );
#1887 = ORIENTED_EDGE('',*,*,#1888,.T.);
#1888 = EDGE_CURVE('',#1882,#1889,#1891,.T.);
#1889 = VERTEX_POINT('',#1890);
#1890 = CARTESIAN_POINT('',(-3.249132148564,5.102999367,-11.38638609508)
  );
#1891 = B_SPLINE_CURVE_WITH_KNOTS('',3,(#1892,#1893,#1894,#1895),
  .UNSPECIFIED.,.F.,.F.,(4,4),(0.E+000,1.),.PIECEWISE_BEZIER_KNOTS.);
#1892 = CARTESIAN_POINT('',(-3.331613710551,5.102999367,-11.3508723116)
  );
#1893 = CARTESIAN_POINT('',(-3.300387176612,5.102999367,-11.35112826679)
  );
#1894 = CARTESIAN_POINT('',(-3.270632385049,5.102999367,-11.36386203781)
  );
#1895 = CARTESIAN_POINT('',(-3.249132148564,5.102999367,-11.38638609508)
  );
#1896 = ORIENTED_EDGE('',*,*,#1897,.F.);
#1897 = EDGE_CURVE('',#1898,#1889,#1900,.T.);
#1898 = VERTEX_POINT('',#1899);
#1899 = CARTESIAN_POINT('',(-3.249132148564,5.099999367,-11.38638609508)
  );
#1900 = B_SPLINE_CURVE_WITH_KNOTS('',1,(#1901,#1902),.UNSPECIFIED.,.F.,
  .F.,(2,2),(0.E+000,3.E-003),.PIECEWISE_BEZIER_KNOTS.);
#1901 = CARTESIAN_POINT('',(-3.249132148564,5.099999367,-11.38638609508)
  );
#1902 = CARTESIAN_POINT('',(-3.249132148564,5.102999367,-11.38638609508)
  );
#1903 = ORIENTED_EDGE('',*,*,#1904,.F.);
#1904 = EDGE_CURVE('',#1880,#1898,#1905,.T.);
#1905 = B_SPLINE_CURVE_WITH_KNOTS('',3,(#1906,#1907,#1908,#1909),
  .UNSPECIFIED.,.F.,.F.,(4,4),(0.E+000,1.),.PIECEWISE_BEZIER_KNOTS.);
#1906 = CARTESIAN_POINT('',(-3.331613710551,5.099999367,-11.3508723116)
  );
#1907 = CARTESIAN_POINT('',(-3.300387176612,5.099999367,-11.35112826679)
  );
#1908 = CARTESIAN_POINT('',(-3.270632385049,5.099999367,-11.36386203781)
  );
#1909 = CARTESIAN_POINT('',(-3.249132148564,5.099999367,-11.38638609508)
  );
#1910 = B_SPLINE_SURFACE_WITH_KNOTS('',3,1,(
    (#1911,#1912)
    ,(#1913,#1914)
    ,(#1915,#1916)
    ,(#1917,#1918
    )),.UNSPECIFIED.,.F.,.F.,.F.,(4,4),(2,2),(0.E+000,1.),(-3.E-003,
    0.E+000),.PIECEWISE_BEZIER_KNOTS.);
#1911 = CARTESIAN_POINT('',(-3.331613710551,5.102999367,-11.3508723116)
  );
#1912 = CARTESIAN_POINT('',(-3.331613710551,5.099999367,-11.3508723116)
  );
#1913 = CARTESIAN_POINT('',(-3.300387176612,5.102999367,-11.35112826679)
  );
#1914 = CARTESIAN_POINT('',(-3.300387176612,5.099999367,-11.35112826679)
  );
#1915 = CARTESIAN_POINT('',(-3.270632385049,5.102999367,-11.36386203781)
  );
#1916 = CARTESIAN_POINT('',(-3.270632385049,5.099999367,-11.36386203781)
  );
#1917 = CARTESIAN_POINT('',(-3.249132148564,5.102999367,-11.38638609508)
  );
#1918 = CARTESIAN_POINT('',(-3.249132148564,5.099999367,-11.38638609508)
  );
#1919 = ADVANCED_FACE('',(#1920),#1942,.F.);
#1920 = FACE_BOUND('',#1921,.F.);
#1921 = EDGE_LOOP('',(#1922,#1923,#1930,#1937));
#1922 = ORIENTED_EDGE('',*,*,#1897,.T.);
#1923 = ORIENTED_EDGE('',*,*,#1924,.T.);
#1924 = EDGE_CURVE('',#1889,#1925,#1927,.T.);
#1925 = VERTEX_POINT('',#1926);
#1926 = CARTESIAN_POINT('',(-3.280870592897,5.102999367,-11.42663504968)
  );
#1927 = B_SPLINE_CURVE_WITH_KNOTS('',1,(#1928,#1929),.UNSPECIFIED.,.F.,
  .F.,(2,2),(0.E+000,1.001293694427),.PIECEWISE_BEZIER_KNOTS.);
#1928 = CARTESIAN_POINT('',(-3.249132148564,5.102999367,-11.38638609508)
  );
#1929 = CARTESIAN_POINT('',(-3.280870592897,5.102999367,-11.42663504968)
  );
#1930 = ORIENTED_EDGE('',*,*,#1931,.F.);
#1931 = EDGE_CURVE('',#1932,#1925,#1934,.T.);
#1932 = VERTEX_POINT('',#1933);
#1933 = CARTESIAN_POINT('',(-3.280870592897,5.099999367,-11.42663504968)
  );
#1934 = B_SPLINE_CURVE_WITH_KNOTS('',1,(#1935,#1936),.UNSPECIFIED.,.F.,
  .F.,(2,2),(0.E+000,3.E-003),.PIECEWISE_BEZIER_KNOTS.);
#1935 = CARTESIAN_POINT('',(-3.280870592897,5.099999367,-11.42663504968)
  );
#1936 = CARTESIAN_POINT('',(-3.280870592897,5.102999367,-11.42663504968)
  );
#1937 = ORIENTED_EDGE('',*,*,#1938,.F.);
#1938 = EDGE_CURVE('',#1898,#1932,#1939,.T.);
#1939 = B_SPLINE_CURVE_WITH_KNOTS('',1,(#1940,#1941),.UNSPECIFIED.,.F.,
  .F.,(2,2),(0.E+000,1.001293694427),.PIECEWISE_BEZIER_KNOTS.);
#1940 = CARTESIAN_POINT('',(-3.249132148564,5.099999367,-11.38638609508)
  );
#1941 = CARTESIAN_POINT('',(-3.280870592897,5.099999367,-11.42663504968)
  );
#1942 = B_SPLINE_SURFACE_WITH_KNOTS('',1,1,(
    (#1943,#1944)
    ,(#1945,#1946
    )),.UNSPECIFIED.,.F.,.F.,.F.,(2,2),(2,2),(0.E+000,1.001293694427),(
    -3.E-003,0.E+000),.PIECEWISE_BEZIER_KNOTS.);
#1943 = CARTESIAN_POINT('',(-3.249132148564,5.102999367,-11.38638609508)
  );
#1944 = CARTESIAN_POINT('',(-3.249132148564,5.099999367,-11.38638609508)
  );
#1945 = CARTESIAN_POINT('',(-3.280870592897,5.102999367,-11.42663504968)
  );
#1946 = CARTESIAN_POINT('',(-3.280870592897,5.099999367,-11.42663504968)
  );
#1947 = ADVANCED_FACE('',(#1948),#1974,.F.);
#1948 = FACE_BOUND('',#1949,.F.);
#1949 = EDGE_LOOP('',(#1950,#1951,#1960,#1967));
#1950 = ORIENTED_EDGE('',*,*,#1931,.T.);
#1951 = ORIENTED_EDGE('',*,*,#1952,.T.);
#1952 = EDGE_CURVE('',#1925,#1953,#1955,.T.);
#1953 = VERTEX_POINT('',#1954);
#1954 = CARTESIAN_POINT('',(-3.328862192192,5.102999367,-11.4051348132)
  );
#1955 = B_SPLINE_CURVE_WITH_KNOTS('',3,(#1956,#1957,#1958,#1959),
  .UNSPECIFIED.,.F.,.F.,(4,4),(0.E+000,1.),.PIECEWISE_BEZIER_KNOTS.);
#1956 = CARTESIAN_POINT('',(-3.280870592897,5.102999367,-11.42663504968)
  );
#1957 = CARTESIAN_POINT('',(-3.293604363911,5.102999367,-11.41364532347)
  );
#1958 = CARTESIAN_POINT('',(-3.31062538446,5.102999367,-11.40615863398)
  );
#1959 = CARTESIAN_POINT('',(-3.328862192192,5.102999367,-11.4051348132)
  );
#1960 = ORIENTED_EDGE('',*,*,#1961,.F.);
#1961 = EDGE_CURVE('',#1962,#1953,#1964,.T.);
#1962 = VERTEX_POINT('',#1963);
#1963 = CARTESIAN_POINT('',(-3.328862192192,5.099999367,-11.4051348132)
  );
#1964 = B_SPLINE_CURVE_WITH_KNOTS('',1,(#1965,#1966),.UNSPECIFIED.,.F.,
  .F.,(2,2),(0.E+000,3.E-003),.PIECEWISE_BEZIER_KNOTS.);
#1965 = CARTESIAN_POINT('',(-3.328862192192,5.099999367,-11.4051348132)
  );
#1966 = CARTESIAN_POINT('',(-3.328862192192,5.102999367,-11.4051348132)
  );
#1967 = ORIENTED_EDGE('',*,*,#1968,.F.);
#1968 = EDGE_CURVE('',#1932,#1962,#1969,.T.);
#1969 = B_SPLINE_CURVE_WITH_KNOTS('',3,(#1970,#1971,#1972,#1973),
  .UNSPECIFIED.,.F.,.F.,(4,4),(0.E+000,1.),.PIECEWISE_BEZIER_KNOTS.);
#1970 = CARTESIAN_POINT('',(-3.280870592897,5.099999367,-11.42663504968)
  );
#1971 = CARTESIAN_POINT('',(-3.293604363911,5.099999367,-11.41364532347)
  );
#1972 = CARTESIAN_POINT('',(-3.31062538446,5.099999367,-11.40615863398)
  );
#1973 = CARTESIAN_POINT('',(-3.328862192192,5.099999367,-11.4051348132)
  );
#1974 = B_SPLINE_SURFACE_WITH_KNOTS('',3,1,(
    (#1975,#1976)
    ,(#1977,#1978)
    ,(#1979,#1980)
    ,(#1981,#1982
    )),.UNSPECIFIED.,.F.,.F.,.F.,(4,4),(2,2),(0.E+000,1.),(-3.E-003,
    0.E+000),.PIECEWISE_BEZIER_KNOTS.);
#1975 = CARTESIAN_POINT('',(-3.280870592897,5.102999367,-11.42663504968)
  );
#1976 = CARTESIAN_POINT('',(-3.280870592897,5.099999367,-11.42663504968)
  );
#1977 = CARTESIAN_POINT('',(-3.293604363911,5.102999367,-11.41364532347)
  );
#1978 = CARTESIAN_POINT('',(-3.293604363911,5.099999367,-11.41364532347)
  );
#1979 = CARTESIAN_POINT('',(-3.31062538446,5.102999367,-11.40615863398)
  );
#1980 = CARTESIAN_POINT('',(-3.31062538446,5.099999367,-11.40615863398)
  );
#1981 = CARTESIAN_POINT('',(-3.328862192192,5.102999367,-11.4051348132)
  );
#1982 = CARTESIAN_POINT('',(-3.328862192192,5.099999367,-11.4051348132)
  );
#1983 = ADVANCED_FACE('',(#1984),#2010,.F.);
#1984 = FACE_BOUND('',#1985,.F.);
#1985 = EDGE_LOOP('',(#1986,#1987,#1996,#2003));
#1986 = ORIENTED_EDGE('',*,*,#1961,.T.);
#1987 = ORIENTED_EDGE('',*,*,#1988,.T.);
#1988 = EDGE_CURVE('',#1953,#1989,#1991,.T.);
#1989 = VERTEX_POINT('',#1990);
#1990 = CARTESIAN_POINT('',(-3.361112546918,5.102999367,-11.41940431539)
  );
#1991 = B_SPLINE_CURVE_WITH_KNOTS('',3,(#1992,#1993,#1994,#1995),
  .UNSPECIFIED.,.F.,.F.,(4,4),(0.E+000,1.),.PIECEWISE_BEZIER_KNOTS.);
#1992 = CARTESIAN_POINT('',(-3.328862192192,5.102999367,-11.4051348132)
  );
#1993 = CARTESIAN_POINT('',(-3.341084052812,5.102999367,-11.4051348132)
  );
#1994 = CARTESIAN_POINT('',(-3.352857991839,5.102999367,-11.41012593953)
  );
#1995 = CARTESIAN_POINT('',(-3.361112546918,5.102999367,-11.41940431539)
  );
#1996 = ORIENTED_EDGE('',*,*,#1997,.F.);
#1997 = EDGE_CURVE('',#1998,#1989,#2000,.T.);
#1998 = VERTEX_POINT('',#1999);
#1999 = CARTESIAN_POINT('',(-3.361112546918,5.099999367,-11.41940431539)
  );
#2000 = B_SPLINE_CURVE_WITH_KNOTS('',1,(#2001,#2002),.UNSPECIFIED.,.F.,
  .F.,(2,2),(0.E+000,3.E-003),.PIECEWISE_BEZIER_KNOTS.);
#2001 = CARTESIAN_POINT('',(-3.361112546918,5.099999367,-11.41940431539)
  );
#2002 = CARTESIAN_POINT('',(-3.361112546918,5.102999367,-11.41940431539)
  );
#2003 = ORIENTED_EDGE('',*,*,#2004,.F.);
#2004 = EDGE_CURVE('',#1962,#1998,#2005,.T.);
#2005 = B_SPLINE_CURVE_WITH_KNOTS('',3,(#2006,#2007,#2008,#2009),
  .UNSPECIFIED.,.F.,.F.,(4,4),(0.E+000,1.),.PIECEWISE_BEZIER_KNOTS.);
#2006 = CARTESIAN_POINT('',(-3.328862192192,5.099999367,-11.4051348132)
  );
#2007 = CARTESIAN_POINT('',(-3.341084052812,5.099999367,-11.4051348132)
  );
#2008 = CARTESIAN_POINT('',(-3.352857991839,5.099999367,-11.41012593953)
  );
#2009 = CARTESIAN_POINT('',(-3.361112546918,5.099999367,-11.41940431539)
  );
#2010 = B_SPLINE_SURFACE_WITH_KNOTS('',3,1,(
    (#2011,#2012)
    ,(#2013,#2014)
    ,(#2015,#2016)
    ,(#2017,#2018
    )),.UNSPECIFIED.,.F.,.F.,.F.,(4,4),(2,2),(0.E+000,1.),(-3.E-003,
    0.E+000),.PIECEWISE_BEZIER_KNOTS.);
#2011 = CARTESIAN_POINT('',(-3.328862192192,5.102999367,-11.4051348132)
  );
#2012 = CARTESIAN_POINT('',(-3.328862192192,5.099999367,-11.4051348132)
  );
#2013 = CARTESIAN_POINT('',(-3.341084052812,5.102999367,-11.4051348132)
  );
#2014 = CARTESIAN_POINT('',(-3.341084052812,5.099999367,-11.4051348132)
  );
#2015 = CARTESIAN_POINT('',(-3.352857991839,5.102999367,-11.41012593953)
  );
#2016 = CARTESIAN_POINT('',(-3.352857991839,5.099999367,-11.41012593953)
  );
#2017 = CARTESIAN_POINT('',(-3.361112546918,5.102999367,-11.41940431539)
  );
#2018 = CARTESIAN_POINT('',(-3.361112546918,5.099999367,-11.41940431539)
  );
#2019 = ADVANCED_FACE('',(#2020),#2046,.F.);
#2020 = FACE_BOUND('',#2021,.F.);
#2021 = EDGE_LOOP('',(#2022,#2023,#2032,#2039));
#2022 = ORIENTED_EDGE('',*,*,#1997,.T.);
#2023 = ORIENTED_EDGE('',*,*,#2024,.T.);
#2024 = EDGE_CURVE('',#1989,#2025,#2027,.T.);
#2025 = VERTEX_POINT('',#2026);
#2026 = CARTESIAN_POINT('',(-3.371350754768,5.102999367,-11.45312641249)
  );
#2027 = B_SPLINE_CURVE_WITH_KNOTS('',3,(#2028,#2029,#2030,#2031),
  .UNSPECIFIED.,.F.,.F.,(4,4),(0.E+000,1.),.PIECEWISE_BEZIER_KNOTS.);
#2028 = CARTESIAN_POINT('',(-3.361112546918,5.102999367,-11.41940431539)
  );
#2029 = CARTESIAN_POINT('',(-3.3691111468,5.102999367,-11.42861870245));
#2030 = CARTESIAN_POINT('',(-3.373078452343,5.102999367,-11.44090455187)
  );
#2031 = CARTESIAN_POINT('',(-3.371350754768,5.102999367,-11.45312641249)
  );
#2032 = ORIENTED_EDGE('',*,*,#2033,.F.);
#2033 = EDGE_CURVE('',#2034,#2025,#2036,.T.);
#2034 = VERTEX_POINT('',#2035);
#2035 = CARTESIAN_POINT('',(-3.371350754768,5.099999367,-11.45312641249)
  );
#2036 = B_SPLINE_CURVE_WITH_KNOTS('',1,(#2037,#2038),.UNSPECIFIED.,.F.,
  .F.,(2,2),(0.E+000,3.E-003),.PIECEWISE_BEZIER_KNOTS.);
#2037 = CARTESIAN_POINT('',(-3.371350754768,5.099999367,-11.45312641249)
  );
#2038 = CARTESIAN_POINT('',(-3.371350754768,5.102999367,-11.45312641249)
  );
#2039 = ORIENTED_EDGE('',*,*,#2040,.F.);
#2040 = EDGE_CURVE('',#1998,#2034,#2041,.T.);
#2041 = B_SPLINE_CURVE_WITH_KNOTS('',3,(#2042,#2043,#2044,#2045),
  .UNSPECIFIED.,.F.,.F.,(4,4),(0.E+000,1.),.PIECEWISE_BEZIER_KNOTS.);
#2042 = CARTESIAN_POINT('',(-3.361112546918,5.099999367,-11.41940431539)
  );
#2043 = CARTESIAN_POINT('',(-3.3691111468,5.099999367,-11.42861870245));
#2044 = CARTESIAN_POINT('',(-3.373078452343,5.099999367,-11.44090455187)
  );
#2045 = CARTESIAN_POINT('',(-3.371350754768,5.099999367,-11.45312641249)
  );
#2046 = B_SPLINE_SURFACE_WITH_KNOTS('',3,1,(
    (#2047,#2048)
    ,(#2049,#2050)
    ,(#2051,#2052)
    ,(#2053,#2054
    )),.UNSPECIFIED.,.F.,.F.,.F.,(4,4),(2,2),(0.E+000,1.),(-3.E-003,
    0.E+000),.PIECEWISE_BEZIER_KNOTS.);
#2047 = CARTESIAN_POINT('',(-3.361112546918,5.102999367,-11.41940431539)
  );
#2048 = CARTESIAN_POINT('',(-3.361112546918,5.099999367,-11.41940431539)
  );
#2049 = CARTESIAN_POINT('',(-3.3691111468,5.102999367,-11.42861870245));
#2050 = CARTESIAN_POINT('',(-3.3691111468,5.099999367,-11.42861870245));
#2051 = CARTESIAN_POINT('',(-3.373078452343,5.102999367,-11.44090455187)
  );
#2052 = CARTESIAN_POINT('',(-3.373078452343,5.099999367,-11.44090455187)
  );
#2053 = CARTESIAN_POINT('',(-3.371350754768,5.102999367,-11.45312641249)
  );
#2054 = CARTESIAN_POINT('',(-3.371350754768,5.099999367,-11.45312641249)
  );
#2055 = ADVANCED_FACE('',(#2056),#2082,.F.);
#2056 = FACE_BOUND('',#2057,.F.);
#2057 = EDGE_LOOP('',(#2058,#2059,#2068,#2075));
#2058 = ORIENTED_EDGE('',*,*,#2033,.T.);
#2059 = ORIENTED_EDGE('',*,*,#2060,.T.);
#2060 = EDGE_CURVE('',#2025,#2061,#2063,.T.);
#2061 = VERTEX_POINT('',#2062);
#2062 = CARTESIAN_POINT('',(-3.308641731689,5.102999367,-11.52933707217)
  );
#2063 = B_SPLINE_CURVE_WITH_KNOTS('',3,(#2064,#2065,#2066,#2067),
  .UNSPECIFIED.,.F.,.F.,(4,4),(0.E+000,1.),.PIECEWISE_BEZIER_KNOTS.);
#2064 = CARTESIAN_POINT('',(-3.371350754768,5.102999367,-11.45312641249)
  );
#2065 = CARTESIAN_POINT('',(-3.373587803183,5.102999367,-11.49113575914)
  );
#2066 = CARTESIAN_POINT('',(-3.346139167938,5.102999367,-11.52408999065)
  );
#2067 = CARTESIAN_POINT('',(-3.308641731689,5.102999367,-11.52933707217)
  );
#2068 = ORIENTED_EDGE('',*,*,#2069,.F.);
#2069 = EDGE_CURVE('',#2070,#2061,#2072,.T.);
#2070 = VERTEX_POINT('',#2071);
#2071 = CARTESIAN_POINT('',(-3.308641731689,5.099999367,-11.52933707217)
  );
#2072 = B_SPLINE_CURVE_WITH_KNOTS('',1,(#2073,#2074),.UNSPECIFIED.,.F.,
  .F.,(2,2),(0.E+000,3.E-003),.PIECEWISE_BEZIER_KNOTS.);
#2073 = CARTESIAN_POINT('',(-3.308641731689,5.099999367,-11.52933707217)
  );
#2074 = CARTESIAN_POINT('',(-3.308641731689,5.102999367,-11.52933707217)
  );
#2075 = ORIENTED_EDGE('',*,*,#2076,.F.);
#2076 = EDGE_CURVE('',#2034,#2070,#2077,.T.);
#2077 = B_SPLINE_CURVE_WITH_KNOTS('',3,(#2078,#2079,#2080,#2081),
  .UNSPECIFIED.,.F.,.F.,(4,4),(0.E+000,1.),.PIECEWISE_BEZIER_KNOTS.);
#2078 = CARTESIAN_POINT('',(-3.371350754768,5.099999367,-11.45312641249)
  );
#2079 = CARTESIAN_POINT('',(-3.373587803183,5.099999367,-11.49113575914)
  );
#2080 = CARTESIAN_POINT('',(-3.346139167938,5.099999367,-11.52408999065)
  );
#2081 = CARTESIAN_POINT('',(-3.308641731689,5.099999367,-11.52933707217)
  );
#2082 = B_SPLINE_SURFACE_WITH_KNOTS('',3,1,(
    (#2083,#2084)
    ,(#2085,#2086)
    ,(#2087,#2088)
    ,(#2089,#2090
    )),.UNSPECIFIED.,.F.,.F.,.F.,(4,4),(2,2),(0.E+000,1.),(-3.E-003,
    0.E+000),.PIECEWISE_BEZIER_KNOTS.);
#2083 = CARTESIAN_POINT('',(-3.371350754768,5.102999367,-11.45312641249)
  );
#2084 = CARTESIAN_POINT('',(-3.371350754768,5.099999367,-11.45312641249)
  );
#2085 = CARTESIAN_POINT('',(-3.373587803183,5.102999367,-11.49113575914)
  );
#2086 = CARTESIAN_POINT('',(-3.373587803183,5.099999367,-11.49113575914)
  );
#2087 = CARTESIAN_POINT('',(-3.346139167938,5.102999367,-11.52408999065)
  );
#2088 = CARTESIAN_POINT('',(-3.346139167938,5.099999367,-11.52408999065)
  );
#2089 = CARTESIAN_POINT('',(-3.308641731689,5.102999367,-11.52933707217)
  );
#2090 = CARTESIAN_POINT('',(-3.308641731689,5.099999367,-11.52933707217)
  );
#2091 = ADVANCED_FACE('',(#2092),#2118,.F.);
#2092 = FACE_BOUND('',#2093,.F.);
#2093 = EDGE_LOOP('',(#2094,#2095,#2104,#2111));
#2094 = ORIENTED_EDGE('',*,*,#2069,.T.);
#2095 = ORIENTED_EDGE('',*,*,#2096,.T.);
#2096 = EDGE_CURVE('',#2061,#2097,#2099,.T.);
#2097 = VERTEX_POINT('',#2098);
#2098 = CARTESIAN_POINT('',(-3.260650132395,5.102999367,-11.5006061014)
  );
#2099 = B_SPLINE_CURVE_WITH_KNOTS('',3,(#2100,#2101,#2102,#2103),
  .UNSPECIFIED.,.F.,.F.,(4,4),(0.E+000,1.),.PIECEWISE_BEZIER_KNOTS.);
#2100 = CARTESIAN_POINT('',(-3.308641731689,5.102999367,-11.52933707217)
  );
#2101 = CARTESIAN_POINT('',(-3.288357282387,5.102999367,-11.52984898257)
  );
#2102 = CARTESIAN_POINT('',(-3.269608564264,5.102999367,-11.51858695393)
  );
#2103 = CARTESIAN_POINT('',(-3.260650132395,5.102999367,-11.5006061014)
  );
#2104 = ORIENTED_EDGE('',*,*,#2105,.F.);
#2105 = EDGE_CURVE('',#2106,#2097,#2108,.T.);
#2106 = VERTEX_POINT('',#2107);
#2107 = CARTESIAN_POINT('',(-3.260650132395,5.099999367,-11.5006061014)
  );
#2108 = B_SPLINE_CURVE_WITH_KNOTS('',1,(#2109,#2110),.UNSPECIFIED.,.F.,
  .F.,(2,2),(0.E+000,3.E-003),.PIECEWISE_BEZIER_KNOTS.);
#2109 = CARTESIAN_POINT('',(-3.260650132395,5.099999367,-11.5006061014)
  );
#2110 = CARTESIAN_POINT('',(-3.260650132395,5.102999367,-11.5006061014)
  );
#2111 = ORIENTED_EDGE('',*,*,#2112,.F.);
#2112 = EDGE_CURVE('',#2070,#2106,#2113,.T.);
#2113 = B_SPLINE_CURVE_WITH_KNOTS('',3,(#2114,#2115,#2116,#2117),
  .UNSPECIFIED.,.F.,.F.,(4,4),(0.E+000,1.),.PIECEWISE_BEZIER_KNOTS.);
#2114 = CARTESIAN_POINT('',(-3.308641731689,5.099999367,-11.52933707217)
  );
#2115 = CARTESIAN_POINT('',(-3.288357282387,5.099999367,-11.52984898257)
  );
#2116 = CARTESIAN_POINT('',(-3.269608564264,5.099999367,-11.51858695393)
  );
#2117 = CARTESIAN_POINT('',(-3.260650132395,5.099999367,-11.5006061014)
  );
#2118 = B_SPLINE_SURFACE_WITH_KNOTS('',3,1,(
    (#2119,#2120)
    ,(#2121,#2122)
    ,(#2123,#2124)
    ,(#2125,#2126
    )),.UNSPECIFIED.,.F.,.F.,.F.,(4,4),(2,2),(0.E+000,1.),(-3.E-003,
    0.E+000),.PIECEWISE_BEZIER_KNOTS.);
#2119 = CARTESIAN_POINT('',(-3.308641731689,5.102999367,-11.52933707217)
  );
#2120 = CARTESIAN_POINT('',(-3.308641731689,5.099999367,-11.52933707217)
  );
#2121 = CARTESIAN_POINT('',(-3.288357282387,5.102999367,-11.52984898257)
  );
#2122 = CARTESIAN_POINT('',(-3.288357282387,5.099999367,-11.52984898257)
  );
#2123 = CARTESIAN_POINT('',(-3.269608564264,5.102999367,-11.51858695393)
  );
#2124 = CARTESIAN_POINT('',(-3.269608564264,5.099999367,-11.51858695393)
  );
#2125 = CARTESIAN_POINT('',(-3.260650132395,5.102999367,-11.5006061014)
  );
#2126 = CARTESIAN_POINT('',(-3.260650132395,5.099999367,-11.5006061014)
  );
#2127 = ADVANCED_FACE('',(#2128),#2150,.F.);
#2128 = FACE_BOUND('',#2129,.F.);
#2129 = EDGE_LOOP('',(#2130,#2131,#2138,#2145));
#2130 = ORIENTED_EDGE('',*,*,#2105,.T.);
#2131 = ORIENTED_EDGE('',*,*,#2132,.T.);
#2132 = EDGE_CURVE('',#2097,#2133,#2135,.T.);
#2133 = VERTEX_POINT('',#2134);
#2134 = CARTESIAN_POINT('',(-3.2126585331,5.102999367,-11.5341362321));
#2135 = B_SPLINE_CURVE_WITH_KNOTS('',1,(#2136,#2137),.UNSPECIFIED.,.F.,
  .F.,(2,2),(0.E+000,1.143648219515),.PIECEWISE_BEZIER_KNOTS.);
#2136 = CARTESIAN_POINT('',(-3.260650132395,5.102999367,-11.5006061014)
  );
#2137 = CARTESIAN_POINT('',(-3.2126585331,5.102999367,-11.5341362321));
#2138 = ORIENTED_EDGE('',*,*,#2139,.F.);
#2139 = EDGE_CURVE('',#2140,#2133,#2142,.T.);
#2140 = VERTEX_POINT('',#2141);
#2141 = CARTESIAN_POINT('',(-3.2126585331,5.099999367,-11.5341362321));
#2142 = B_SPLINE_CURVE_WITH_KNOTS('',1,(#2143,#2144),.UNSPECIFIED.,.F.,
  .F.,(2,2),(0.E+000,3.E-003),.PIECEWISE_BEZIER_KNOTS.);
#2143 = CARTESIAN_POINT('',(-3.2126585331,5.099999367,-11.5341362321));
#2144 = CARTESIAN_POINT('',(-3.2126585331,5.102999367,-11.5341362321));
#2145 = ORIENTED_EDGE('',*,*,#2146,.F.);
#2146 = EDGE_CURVE('',#2106,#2140,#2147,.T.);
#2147 = B_SPLINE_CURVE_WITH_KNOTS('',1,(#2148,#2149),.UNSPECIFIED.,.F.,
  .F.,(2,2),(0.E+000,1.143648219515),.PIECEWISE_BEZIER_KNOTS.);
#2148 = CARTESIAN_POINT('',(-3.260650132395,5.099999367,-11.5006061014)
  );
#2149 = CARTESIAN_POINT('',(-3.2126585331,5.099999367,-11.5341362321));
#2150 = B_SPLINE_SURFACE_WITH_KNOTS('',1,1,(
    (#2151,#2152)
    ,(#2153,#2154
    )),.UNSPECIFIED.,.F.,.F.,.F.,(2,2),(2,2),(0.E+000,1.143648219515),(
    -3.E-003,0.E+000),.PIECEWISE_BEZIER_KNOTS.);
#2151 = CARTESIAN_POINT('',(-3.260650132395,5.102999367,-11.5006061014)
  );
#2152 = CARTESIAN_POINT('',(-3.260650132395,5.099999367,-11.5006061014)
  );
#2153 = CARTESIAN_POINT('',(-3.2126585331,5.102999367,-11.5341362321));
#2154 = CARTESIAN_POINT('',(-3.2126585331,5.099999367,-11.5341362321));
#2155 = ADVANCED_FACE('',(#2156),#2182,.F.);
#2156 = FACE_BOUND('',#2157,.F.);
#2157 = EDGE_LOOP('',(#2158,#2159,#2168,#2175));
#2158 = ORIENTED_EDGE('',*,*,#2139,.T.);
#2159 = ORIENTED_EDGE('',*,*,#2160,.T.);
#2160 = EDGE_CURVE('',#2133,#2161,#2163,.T.);
#2161 = VERTEX_POINT('',#2162);
#2162 = CARTESIAN_POINT('',(-3.302370829382,5.102999367,-11.5821278314)
  );
#2163 = B_SPLINE_CURVE_WITH_KNOTS('',3,(#2164,#2165,#2166,#2167),
  .UNSPECIFIED.,.F.,.F.,(4,4),(0.E+000,1.),.PIECEWISE_BEZIER_KNOTS.);
#2164 = CARTESIAN_POINT('',(-3.2126585331,5.102999367,-11.5341362321));
#2165 = CARTESIAN_POINT('',(-3.230895340832,5.102999367,-11.56613063163)
  );
#2166 = CARTESIAN_POINT('',(-3.265641258721,5.102999367,-11.58462339456)
  );
#2167 = CARTESIAN_POINT('',(-3.302370829382,5.102999367,-11.5821278314)
  );
#2168 = ORIENTED_EDGE('',*,*,#2169,.F.);
#2169 = EDGE_CURVE('',#2170,#2161,#2172,.T.);
#2170 = VERTEX_POINT('',#2171);
#2171 = CARTESIAN_POINT('',(-3.302370829382,5.099999367,-11.5821278314)
  );
#2172 = B_SPLINE_CURVE_WITH_KNOTS('',1,(#2173,#2174),.UNSPECIFIED.,.F.,
  .F.,(2,2),(0.E+000,3.E-003),.PIECEWISE_BEZIER_KNOTS.);
#2173 = CARTESIAN_POINT('',(-3.302370829382,5.099999367,-11.5821278314)
  );
#2174 = CARTESIAN_POINT('',(-3.302370829382,5.102999367,-11.5821278314)
  );
#2175 = ORIENTED_EDGE('',*,*,#2176,.F.);
#2176 = EDGE_CURVE('',#2140,#2170,#2177,.T.);
#2177 = B_SPLINE_CURVE_WITH_KNOTS('',3,(#2178,#2179,#2180,#2181),
  .UNSPECIFIED.,.F.,.F.,(4,4),(0.E+000,1.),.PIECEWISE_BEZIER_KNOTS.);
#2178 = CARTESIAN_POINT('',(-3.2126585331,5.099999367,-11.5341362321));
#2179 = CARTESIAN_POINT('',(-3.230895340832,5.099999367,-11.56613063163)
  );
#2180 = CARTESIAN_POINT('',(-3.265641258721,5.099999367,-11.58462339456)
  );
#2181 = CARTESIAN_POINT('',(-3.302370829382,5.099999367,-11.5821278314)
  );
#2182 = B_SPLINE_SURFACE_WITH_KNOTS('',3,1,(
    (#2183,#2184)
    ,(#2185,#2186)
    ,(#2187,#2188)
    ,(#2189,#2190
    )),.UNSPECIFIED.,.F.,.F.,.F.,(4,4),(2,2),(0.E+000,1.),(-3.E-003,
    0.E+000),.PIECEWISE_BEZIER_KNOTS.);
#2183 = CARTESIAN_POINT('',(-3.2126585331,5.102999367,-11.5341362321));
#2184 = CARTESIAN_POINT('',(-3.2126585331,5.099999367,-11.5341362321));
#2185 = CARTESIAN_POINT('',(-3.230895340832,5.102999367,-11.56613063163)
  );
#2186 = CARTESIAN_POINT('',(-3.230895340832,5.099999367,-11.56613063163)
  );
#2187 = CARTESIAN_POINT('',(-3.265641258721,5.102999367,-11.58462339456)
  );
#2188 = CARTESIAN_POINT('',(-3.265641258721,5.099999367,-11.58462339456)
  );
#2189 = CARTESIAN_POINT('',(-3.302370829382,5.102999367,-11.5821278314)
  );
#2190 = CARTESIAN_POINT('',(-3.302370829382,5.099999367,-11.5821278314)
  );
#2191 = ADVANCED_FACE('',(#2192),#2218,.F.);
#2192 = FACE_BOUND('',#2193,.F.);
#2193 = EDGE_LOOP('',(#2194,#2195,#2204,#2211));
#2194 = ORIENTED_EDGE('',*,*,#2169,.T.);
#2195 = ORIENTED_EDGE('',*,*,#2196,.T.);
#2196 = EDGE_CURVE('',#2161,#2197,#2199,.T.);
#2197 = VERTEX_POINT('',#2198);
#2198 = CARTESIAN_POINT('',(-3.431372248285,5.102999367,-11.45312641249)
  );
#2199 = B_SPLINE_CURVE_WITH_KNOTS('',3,(#2200,#2201,#2202,#2203),
  .UNSPECIFIED.,.F.,.F.,(4,4),(0.E+000,1.),.PIECEWISE_BEZIER_KNOTS.);
#2200 = CARTESIAN_POINT('',(-3.302370829382,5.102999367,-11.5821278314)
  );
#2201 = CARTESIAN_POINT('',(-3.373334407539,5.102999367,-11.581615921));
#2202 = CARTESIAN_POINT('',(-3.430860337893,5.102999367,-11.52408999065)
  );
#2203 = CARTESIAN_POINT('',(-3.431372248285,5.102999367,-11.45312641249)
  );
#2204 = ORIENTED_EDGE('',*,*,#2205,.F.);
#2205 = EDGE_CURVE('',#2206,#2197,#2208,.T.);
#2206 = VERTEX_POINT('',#2207);
#2207 = CARTESIAN_POINT('',(-3.431372248285,5.099999367,-11.45312641249)
  );
#2208 = B_SPLINE_CURVE_WITH_KNOTS('',1,(#2209,#2210),.UNSPECIFIED.,.F.,
  .F.,(2,2),(0.E+000,3.E-003),.PIECEWISE_BEZIER_KNOTS.);
#2209 = CARTESIAN_POINT('',(-3.431372248285,5.099999367,-11.45312641249)
  );
#2210 = CARTESIAN_POINT('',(-3.431372248285,5.102999367,-11.45312641249)
  );
#2211 = ORIENTED_EDGE('',*,*,#2212,.F.);
#2212 = EDGE_CURVE('',#2170,#2206,#2213,.T.);
#2213 = B_SPLINE_CURVE_WITH_KNOTS('',3,(#2214,#2215,#2216,#2217),
  .UNSPECIFIED.,.F.,.F.,(4,4),(0.E+000,1.),.PIECEWISE_BEZIER_KNOTS.);
#2214 = CARTESIAN_POINT('',(-3.302370829382,5.099999367,-11.5821278314)
  );
#2215 = CARTESIAN_POINT('',(-3.373334407539,5.099999367,-11.581615921));
#2216 = CARTESIAN_POINT('',(-3.430860337893,5.099999367,-11.52408999065)
  );
#2217 = CARTESIAN_POINT('',(-3.431372248285,5.099999367,-11.45312641249)
  );
#2218 = B_SPLINE_SURFACE_WITH_KNOTS('',3,1,(
    (#2219,#2220)
    ,(#2221,#2222)
    ,(#2223,#2224)
    ,(#2225,#2226
    )),.UNSPECIFIED.,.F.,.F.,.F.,(4,4),(2,2),(0.E+000,1.),(-3.E-003,
    0.E+000),.PIECEWISE_BEZIER_KNOTS.);
#2219 = CARTESIAN_POINT('',(-3.302370829382,5.102999367,-11.5821278314)
  );
#2220 = CARTESIAN_POINT('',(-3.302370829382,5.099999367,-11.5821278314)
  );
#2221 = CARTESIAN_POINT('',(-3.373334407539,5.102999367,-11.581615921));
#2222 = CARTESIAN_POINT('',(-3.373334407539,5.099999367,-11.581615921));
#2223 = CARTESIAN_POINT('',(-3.430860337893,5.102999367,-11.52408999065)
  );
#2224 = CARTESIAN_POINT('',(-3.430860337893,5.099999367,-11.52408999065)
  );
#2225 = CARTESIAN_POINT('',(-3.431372248285,5.102999367,-11.45312641249)
  );
#2226 = CARTESIAN_POINT('',(-3.431372248285,5.099999367,-11.45312641249)
  );
#2227 = ADVANCED_FACE('',(#2228),#2254,.F.);
#2228 = FACE_BOUND('',#2229,.F.);
#2229 = EDGE_LOOP('',(#2230,#2231,#2240,#2247));
#2230 = ORIENTED_EDGE('',*,*,#2205,.T.);
#2231 = ORIENTED_EDGE('',*,*,#2232,.T.);
#2232 = EDGE_CURVE('',#2197,#2233,#2235,.T.);
#2233 = VERTEX_POINT('',#2234);
#2234 = CARTESIAN_POINT('',(-3.404113019886,5.102999367,-11.38113901355)
  );
#2235 = B_SPLINE_CURVE_WITH_KNOTS('',3,(#2236,#2237,#2238,#2239),
  .UNSPECIFIED.,.F.,.F.,(4,4),(0.E+000,1.),.PIECEWISE_BEZIER_KNOTS.);
#2236 = CARTESIAN_POINT('',(-3.431372248285,5.102999367,-11.45312641249)
  );
#2237 = CARTESIAN_POINT('',(-3.432846550215,5.102999367,-11.42637909449)
  );
#2238 = CARTESIAN_POINT('',(-3.42286173801,5.102999367,-11.40014368687)
  );
#2239 = CARTESIAN_POINT('',(-3.404113019886,5.102999367,-11.38113901355)
  );
#2240 = ORIENTED_EDGE('',*,*,#2241,.F.);
#2241 = EDGE_CURVE('',#2242,#2233,#2244,.T.);
#2242 = VERTEX_POINT('',#2243);
#2243 = CARTESIAN_POINT('',(-3.404113019886,5.099999367,-11.38113901355)
  );
#2244 = B_SPLINE_CURVE_WITH_KNOTS('',1,(#2245,#2246),.UNSPECIFIED.,.F.,
  .F.,(2,2),(0.E+000,3.E-003),.PIECEWISE_BEZIER_KNOTS.);
#2245 = CARTESIAN_POINT('',(-3.404113019886,5.099999367,-11.38113901355)
  );
#2246 = CARTESIAN_POINT('',(-3.404113019886,5.102999367,-11.38113901355)
  );
#2247 = ORIENTED_EDGE('',*,*,#2248,.F.);
#2248 = EDGE_CURVE('',#2206,#2242,#2249,.T.);
#2249 = B_SPLINE_CURVE_WITH_KNOTS('',3,(#2250,#2251,#2252,#2253),
  .UNSPECIFIED.,.F.,.F.,(4,4),(0.E+000,1.),.PIECEWISE_BEZIER_KNOTS.);
#2250 = CARTESIAN_POINT('',(-3.431372248285,5.099999367,-11.45312641249)
  );
#2251 = CARTESIAN_POINT('',(-3.432846550215,5.099999367,-11.42637909449)
  );
#2252 = CARTESIAN_POINT('',(-3.42286173801,5.099999367,-11.40014368687)
  );
#2253 = CARTESIAN_POINT('',(-3.404113019886,5.099999367,-11.38113901355)
  );
#2254 = B_SPLINE_SURFACE_WITH_KNOTS('',3,1,(
    (#2255,#2256)
    ,(#2257,#2258)
    ,(#2259,#2260)
    ,(#2261,#2262
    )),.UNSPECIFIED.,.F.,.F.,.F.,(4,4),(2,2),(0.E+000,1.),(-3.E-003,
    0.E+000),.PIECEWISE_BEZIER_KNOTS.);
#2255 = CARTESIAN_POINT('',(-3.431372248285,5.102999367,-11.45312641249)
  );
#2256 = CARTESIAN_POINT('',(-3.431372248285,5.099999367,-11.45312641249)
  );
#2257 = CARTESIAN_POINT('',(-3.432846550215,5.102999367,-11.42637909449)
  );
#2258 = CARTESIAN_POINT('',(-3.432846550215,5.099999367,-11.42637909449)
  );
#2259 = CARTESIAN_POINT('',(-3.42286173801,5.102999367,-11.40014368687)
  );
#2260 = CARTESIAN_POINT('',(-3.42286173801,5.099999367,-11.40014368687)
  );
#2261 = CARTESIAN_POINT('',(-3.404113019886,5.102999367,-11.38113901355)
  );
#2262 = CARTESIAN_POINT('',(-3.404113019886,5.099999367,-11.38113901355)
  );
#2263 = ADVANCED_FACE('',(#2264),#2290,.F.);
#2264 = FACE_BOUND('',#2265,.F.);
#2265 = EDGE_LOOP('',(#2266,#2267,#2276,#2283));
#2266 = ORIENTED_EDGE('',*,*,#2241,.T.);
#2267 = ORIENTED_EDGE('',*,*,#2268,.T.);
#2268 = EDGE_CURVE('',#2233,#2269,#2271,.T.);
#2269 = VERTEX_POINT('',#2270);
#2270 = CARTESIAN_POINT('',(-3.332637531336,5.102999367,-11.35240804278)
  );
#2271 = B_SPLINE_CURVE_WITH_KNOTS('',3,(#2272,#2273,#2274,#2275),
  .UNSPECIFIED.,.F.,.F.,(4,4),(0.E+000,1.),.PIECEWISE_BEZIER_KNOTS.);
#2272 = CARTESIAN_POINT('',(-3.404113019886,5.102999367,-11.38113901355)
  );
#2273 = CARTESIAN_POINT('',(-3.385364301761,5.102999367,-11.36187838504)
  );
#2274 = CARTESIAN_POINT('',(-3.359384849343,5.102999367,-11.35138422199)
  );
#2275 = CARTESIAN_POINT('',(-3.332637531336,5.102999367,-11.35240804278)
  );
#2276 = ORIENTED_EDGE('',*,*,#2277,.F.);
#2277 = EDGE_CURVE('',#2278,#2269,#2280,.T.);
#2278 = VERTEX_POINT('',#2279);
#2279 = CARTESIAN_POINT('',(-3.332637531336,5.099999367,-11.35240804278)
  );
#2280 = B_SPLINE_CURVE_WITH_KNOTS('',1,(#2281,#2282),.UNSPECIFIED.,.F.,
  .F.,(2,2),(0.E+000,3.E-003),.PIECEWISE_BEZIER_KNOTS.);
#2281 = CARTESIAN_POINT('',(-3.332637531336,5.099999367,-11.35240804278)
  );
#2282 = CARTESIAN_POINT('',(-3.332637531336,5.102999367,-11.35240804278)
  );
#2283 = ORIENTED_EDGE('',*,*,#2284,.F.);
#2284 = EDGE_CURVE('',#2242,#2278,#2285,.T.);
#2285 = B_SPLINE_CURVE_WITH_KNOTS('',3,(#2286,#2287,#2288,#2289),
  .UNSPECIFIED.,.F.,.F.,(4,4),(0.E+000,1.),.PIECEWISE_BEZIER_KNOTS.);
#2286 = CARTESIAN_POINT('',(-3.404113019886,5.099999367,-11.38113901355)
  );
#2287 = CARTESIAN_POINT('',(-3.385364301761,5.099999367,-11.36187838504)
  );
#2288 = CARTESIAN_POINT('',(-3.359384849343,5.099999367,-11.35138422199)
  );
#2289 = CARTESIAN_POINT('',(-3.332637531336,5.099999367,-11.35240804278)
  );
#2290 = B_SPLINE_SURFACE_WITH_KNOTS('',3,1,(
    (#2291,#2292)
    ,(#2293,#2294)
    ,(#2295,#2296)
    ,(#2297,#2298
    )),.UNSPECIFIED.,.F.,.F.,.F.,(4,4),(2,2),(0.E+000,1.),(-3.E-003,
    0.E+000),.PIECEWISE_BEZIER_KNOTS.);
#2291 = CARTESIAN_POINT('',(-3.404113019886,5.102999367,-11.38113901355)
  );
#2292 = CARTESIAN_POINT('',(-3.404113019886,5.099999367,-11.38113901355)
  );
#2293 = CARTESIAN_POINT('',(-3.385364301761,5.102999367,-11.36187838504)
  );
#2294 = CARTESIAN_POINT('',(-3.385364301761,5.099999367,-11.36187838504)
  );
#2295 = CARTESIAN_POINT('',(-3.359384849343,5.102999367,-11.35138422199)
  );
#2296 = CARTESIAN_POINT('',(-3.359384849343,5.099999367,-11.35138422199)
  );
#2297 = CARTESIAN_POINT('',(-3.332637531336,5.102999367,-11.35240804278)
  );
#2298 = CARTESIAN_POINT('',(-3.332637531336,5.099999367,-11.35240804278)
  );
#2299 = ADVANCED_FACE('',(#2300),#2314,.F.);
#2300 = FACE_BOUND('',#2301,.F.);
#2301 = EDGE_LOOP('',(#2302,#2303,#2308,#2309));
#2302 = ORIENTED_EDGE('',*,*,#2277,.T.);
#2303 = ORIENTED_EDGE('',*,*,#2304,.T.);
#2304 = EDGE_CURVE('',#2269,#1882,#2305,.T.);
#2305 = B_SPLINE_CURVE_WITH_KNOTS('',1,(#2306,#2307),.UNSPECIFIED.,.F.,
  .F.,(2,2),(0.E+000,3.605551275464E-002),.PIECEWISE_BEZIER_KNOTS.);
#2306 = CARTESIAN_POINT('',(-3.332637531336,5.102999367,-11.35240804278)
  );
#2307 = CARTESIAN_POINT('',(-3.331613710551,5.102999367,-11.3508723116)
  );
#2308 = ORIENTED_EDGE('',*,*,#1879,.F.);
#2309 = ORIENTED_EDGE('',*,*,#2310,.F.);
#2310 = EDGE_CURVE('',#2278,#1880,#2311,.T.);
#2311 = B_SPLINE_CURVE_WITH_KNOTS('',1,(#2312,#2313),.UNSPECIFIED.,.F.,
  .F.,(2,2),(0.E+000,3.605551275464E-002),.PIECEWISE_BEZIER_KNOTS.);
#2312 = CARTESIAN_POINT('',(-3.332637531336,5.099999367,-11.35240804278)
  );
#2313 = CARTESIAN_POINT('',(-3.331613710551,5.099999367,-11.3508723116)
  );
#2314 = B_SPLINE_SURFACE_WITH_KNOTS('',1,1,(
    (#2315,#2316)
    ,(#2317,#2318
    )),.UNSPECIFIED.,.F.,.F.,.F.,(2,2),(2,2),(0.E+000,
    3.605551275464E-002),(-3.E-003,0.E+000),.PIECEWISE_BEZIER_KNOTS.);
#2315 = CARTESIAN_POINT('',(-3.332637531336,5.102999367,-11.35240804278)
  );
#2316 = CARTESIAN_POINT('',(-3.332637531336,5.099999367,-11.35240804278)
  );
#2317 = CARTESIAN_POINT('',(-3.331613710551,5.102999367,-11.3508723116)
  );
#2318 = CARTESIAN_POINT('',(-3.331613710551,5.099999367,-11.3508723116)
  );
#2319 = ADVANCED_FACE('',(#2320),#2335,.F.);
#2320 = FACE_BOUND('',#2321,.F.);
#2321 = EDGE_LOOP('',(#2322,#2323,#2324,#2325,#2326,#2327,#2328,#2329,
    #2330,#2331,#2332,#2333,#2334));
#2322 = ORIENTED_EDGE('',*,*,#1904,.T.);
#2323 = ORIENTED_EDGE('',*,*,#1938,.T.);
#2324 = ORIENTED_EDGE('',*,*,#1968,.T.);
#2325 = ORIENTED_EDGE('',*,*,#2004,.T.);
#2326 = ORIENTED_EDGE('',*,*,#2040,.T.);
#2327 = ORIENTED_EDGE('',*,*,#2076,.T.);
#2328 = ORIENTED_EDGE('',*,*,#2112,.T.);
#2329 = ORIENTED_EDGE('',*,*,#2146,.T.);
#2330 = ORIENTED_EDGE('',*,*,#2176,.T.);
#2331 = ORIENTED_EDGE('',*,*,#2212,.T.);
#2332 = ORIENTED_EDGE('',*,*,#2248,.T.);
#2333 = ORIENTED_EDGE('',*,*,#2284,.T.);
#2334 = ORIENTED_EDGE('',*,*,#2310,.T.);
#2335 = B_SPLINE_SURFACE_WITH_KNOTS('',1,1,(
    (#2336,#2337)
    ,(#2338,#2339
    )),.UNSPECIFIED.,.F.,.F.,.F.,(2,2),(2,2),(25.969420262718,
    34.70703998948),(-36.47635767416,-27.20052104865),
  .PIECEWISE_BEZIER_KNOTS.);
#2336 = CARTESIAN_POINT('',(-3.432846550215,5.099999367,-11.3508723116)
  );
#2337 = CARTESIAN_POINT('',(-3.432846550215,5.099999367,-11.58462339456)
  );
#2338 = CARTESIAN_POINT('',(-3.2126585331,5.099999367,-11.3508723116));
#2339 = CARTESIAN_POINT('',(-3.2126585331,5.099999367,-11.58462339456));
#2340 = ADVANCED_FACE('',(#2341),#2356,.T.);
#2341 = FACE_BOUND('',#2342,.T.);
#2342 = EDGE_LOOP('',(#2343,#2344,#2345,#2346,#2347,#2348,#2349,#2350,
    #2351,#2352,#2353,#2354,#2355));
#2343 = ORIENTED_EDGE('',*,*,#1888,.T.);
#2344 = ORIENTED_EDGE('',*,*,#1924,.T.);
#2345 = ORIENTED_EDGE('',*,*,#1952,.T.);
#2346 = ORIENTED_EDGE('',*,*,#1988,.T.);
#2347 = ORIENTED_EDGE('',*,*,#2024,.T.);
#2348 = ORIENTED_EDGE('',*,*,#2060,.T.);
#2349 = ORIENTED_EDGE('',*,*,#2096,.T.);
#2350 = ORIENTED_EDGE('',*,*,#2132,.T.);
#2351 = ORIENTED_EDGE('',*,*,#2160,.T.);
#2352 = ORIENTED_EDGE('',*,*,#2196,.T.);
#2353 = ORIENTED_EDGE('',*,*,#2232,.T.);
#2354 = ORIENTED_EDGE('',*,*,#2268,.T.);
#2355 = ORIENTED_EDGE('',*,*,#2304,.T.);
#2356 = B_SPLINE_SURFACE_WITH_KNOTS('',1,1,(
    (#2357,#2358)
    ,(#2359,#2360
    )),.UNSPECIFIED.,.F.,.F.,.F.,(2,2),(2,2),(25.969420262718,
    34.70703998948),(-36.47635767416,-27.20052104865),
  .PIECEWISE_BEZIER_KNOTS.);
#2357 = CARTESIAN_POINT('',(-3.432846550215,5.102999367,-11.3508723116)
  );
#2358 = CARTESIAN_POINT('',(-3.432846550215,5.102999367,-11.58462339456)
  );
#2359 = CARTESIAN_POINT('',(-3.2126585331,5.102999367,-11.3508723116));
#2360 = CARTESIAN_POINT('',(-3.2126585331,5.102999367,-11.58462339456));
#2361 = MANIFOLD_SOLID_BREP('',#2362);
#2362 = CLOSED_SHELL('',(#2363,#2399,#2435,#2471,#2507,#2543,#2579,#2615
    ,#2651,#2679,#2715,#2751,#2787,#2807,#2851,#2887,#2923,#2959,#2987,
    #3025,#3037,#3066));
#2363 = ADVANCED_FACE('',(#2364),#2394,.F.);
#2364 = FACE_BOUND('',#2365,.F.);
#2365 = EDGE_LOOP('',(#2366,#2375,#2382,#2389));
#2366 = ORIENTED_EDGE('',*,*,#2367,.T.);
#2367 = EDGE_CURVE('',#2368,#2370,#2372,.T.);
#2368 = VERTEX_POINT('',#2369);
#2369 = CARTESIAN_POINT('',(-3.625322298233,5.099999367,-11.44384803663)
  );
#2370 = VERTEX_POINT('',#2371);
#2371 = CARTESIAN_POINT('',(-3.625322298233,5.102999367,-11.44384803663)
  );
#2372 = B_SPLINE_CURVE_WITH_KNOTS('',1,(#2373,#2374),.UNSPECIFIED.,.F.,
  .F.,(2,2),(0.E+000,3.E-003),.PIECEWISE_BEZIER_KNOTS.);
#2373 = CARTESIAN_POINT('',(-3.625322298233,5.099999367,-11.44384803663)
  );
#2374 = CARTESIAN_POINT('',(-3.625322298233,5.102999367,-11.44384803663)
  );
#2375 = ORIENTED_EDGE('',*,*,#2376,.T.);
#2376 = EDGE_CURVE('',#2370,#2377,#2379,.T.);
#2377 = VERTEX_POINT('',#2378);
#2378 = CARTESIAN_POINT('',(-3.475076598043,5.102999367,-11.44384803663)
  );
#2379 = B_SPLINE_CURVE_WITH_KNOTS('',1,(#2380,#2381),.UNSPECIFIED.,.F.,
  .F.,(2,2),(0.E+000,2.935),.PIECEWISE_BEZIER_KNOTS.);
#2380 = CARTESIAN_POINT('',(-3.625322298233,5.102999367,-11.44384803663)
  );
#2381 = CARTESIAN_POINT('',(-3.475076598043,5.102999367,-11.44384803663)
  );
#2382 = ORIENTED_EDGE('',*,*,#2383,.F.);
#2383 = EDGE_CURVE('',#2384,#2377,#2386,.T.);
#2384 = VERTEX_POINT('',#2385);
#2385 = CARTESIAN_POINT('',(-3.475076598043,5.099999367,-11.44384803663)
  );
#2386 = B_SPLINE_CURVE_WITH_KNOTS('',1,(#2387,#2388),.UNSPECIFIED.,.F.,
  .F.,(2,2),(0.E+000,3.E-003),.PIECEWISE_BEZIER_KNOTS.);
#2387 = CARTESIAN_POINT('',(-3.475076598043,5.099999367,-11.44384803663)
  );
#2388 = CARTESIAN_POINT('',(-3.475076598043,5.102999367,-11.44384803663)
  );
#2389 = ORIENTED_EDGE('',*,*,#2390,.F.);
#2390 = EDGE_CURVE('',#2368,#2384,#2391,.T.);
#2391 = B_SPLINE_CURVE_WITH_KNOTS('',1,(#2392,#2393),.UNSPECIFIED.,.F.,
  .F.,(2,2),(0.E+000,2.935),.PIECEWISE_BEZIER_KNOTS.);
#2392 = CARTESIAN_POINT('',(-3.625322298233,5.099999367,-11.44384803663)
  );
#2393 = CARTESIAN_POINT('',(-3.475076598043,5.099999367,-11.44384803663)
  );
#2394 = B_SPLINE_SURFACE_WITH_KNOTS('',1,1,(
    (#2395,#2396)
    ,(#2397,#2398
    )),.UNSPECIFIED.,.F.,.F.,.F.,(2,2),(2,2),(0.E+000,2.935),(-3.E-003,
    0.E+000),.PIECEWISE_BEZIER_KNOTS.);
#2395 = CARTESIAN_POINT('',(-3.625322298233,5.102999367,-11.44384803663)
  );
#2396 = CARTESIAN_POINT('',(-3.625322298233,5.099999367,-11.44384803663)
  );
#2397 = CARTESIAN_POINT('',(-3.475076598043,5.102999367,-11.44384803663)
  );
#2398 = CARTESIAN_POINT('',(-3.475076598043,5.099999367,-11.44384803663)
  );
#2399 = ADVANCED_FACE('',(#2400),#2426,.F.);
#2400 = FACE_BOUND('',#2401,.F.);
#2401 = EDGE_LOOP('',(#2402,#2403,#2412,#2419));
#2402 = ORIENTED_EDGE('',*,*,#2383,.T.);
#2403 = ORIENTED_EDGE('',*,*,#2404,.T.);
#2404 = EDGE_CURVE('',#2377,#2405,#2407,.T.);
#2405 = VERTEX_POINT('',#2406);
#2406 = CARTESIAN_POINT('',(-3.464070524604,5.102999367,-11.49183963593)
  );
#2407 = B_SPLINE_CURVE_WITH_KNOTS('',3,(#2408,#2409,#2410,#2411),
  .UNSPECIFIED.,.F.,.F.,(4,4),(0.E+000,1.),.PIECEWISE_BEZIER_KNOTS.);
#2408 = CARTESIAN_POINT('',(-3.475076598043,5.102999367,-11.44384803663)
  );
#2409 = CARTESIAN_POINT('',(-3.468613729338,5.102999367,-11.45914135961)
  );
#2410 = CARTESIAN_POINT('',(-3.464838390193,5.102999367,-11.47539451457)
  );
#2411 = CARTESIAN_POINT('',(-3.464070524604,5.102999367,-11.49183963593)
  );
#2412 = ORIENTED_EDGE('',*,*,#2413,.F.);
#2413 = EDGE_CURVE('',#2414,#2405,#2416,.T.);
#2414 = VERTEX_POINT('',#2415);
#2415 = CARTESIAN_POINT('',(-3.464070524604,5.099999367,-11.49183963593)
  );
#2416 = B_SPLINE_CURVE_WITH_KNOTS('',1,(#2417,#2418),.UNSPECIFIED.,.F.,
  .F.,(2,2),(0.E+000,3.E-003),.PIECEWISE_BEZIER_KNOTS.);
#2417 = CARTESIAN_POINT('',(-3.464070524604,5.099999367,-11.49183963593)
  );
#2418 = CARTESIAN_POINT('',(-3.464070524604,5.102999367,-11.49183963593)
  );
#2419 = ORIENTED_EDGE('',*,*,#2420,.F.);
#2420 = EDGE_CURVE('',#2384,#2414,#2421,.T.);
#2421 = B_SPLINE_CURVE_WITH_KNOTS('',3,(#2422,#2423,#2424,#2425),
  .UNSPECIFIED.,.F.,.F.,(4,4),(0.E+000,1.),.PIECEWISE_BEZIER_KNOTS.);
#2422 = CARTESIAN_POINT('',(-3.475076598043,5.099999367,-11.44384803663)
  );
#2423 = CARTESIAN_POINT('',(-3.468613729338,5.099999367,-11.45914135961)
  );
#2424 = CARTESIAN_POINT('',(-3.464838390193,5.099999367,-11.47539451457)
  );
#2425 = CARTESIAN_POINT('',(-3.464070524604,5.099999367,-11.49183963593)
  );
#2426 = B_SPLINE_SURFACE_WITH_KNOTS('',3,1,(
    (#2427,#2428)
    ,(#2429,#2430)
    ,(#2431,#2432)
    ,(#2433,#2434
    )),.UNSPECIFIED.,.F.,.F.,.F.,(4,4),(2,2),(0.E+000,1.),(-3.E-003,
    0.E+000),.PIECEWISE_BEZIER_KNOTS.);
#2427 = CARTESIAN_POINT('',(-3.475076598043,5.102999367,-11.44384803663)
  );
#2428 = CARTESIAN_POINT('',(-3.475076598043,5.099999367,-11.44384803663)
  );
#2429 = CARTESIAN_POINT('',(-3.468613729338,5.102999367,-11.45914135961)
  );
#2430 = CARTESIAN_POINT('',(-3.468613729338,5.099999367,-11.45914135961)
  );
#2431 = CARTESIAN_POINT('',(-3.464838390193,5.102999367,-11.47539451457)
  );
#2432 = CARTESIAN_POINT('',(-3.464838390193,5.099999367,-11.47539451457)
  );
#2433 = CARTESIAN_POINT('',(-3.464070524604,5.102999367,-11.49183963593)
  );
#2434 = CARTESIAN_POINT('',(-3.464070524604,5.099999367,-11.49183963593)
  );
#2435 = ADVANCED_FACE('',(#2436),#2462,.F.);
#2436 = FACE_BOUND('',#2437,.F.);
#2437 = EDGE_LOOP('',(#2438,#2439,#2448,#2455));
#2438 = ORIENTED_EDGE('',*,*,#2413,.T.);
#2439 = ORIENTED_EDGE('',*,*,#2440,.T.);
#2440 = EDGE_CURVE('',#2405,#2441,#2443,.T.);
#2441 = VERTEX_POINT('',#2442);
#2442 = CARTESIAN_POINT('',(-3.489090145036,5.102999367,-11.55538051339)
  );
#2443 = B_SPLINE_CURVE_WITH_KNOTS('',3,(#2444,#2445,#2446,#2447),
  .UNSPECIFIED.,.F.,.F.,(4,4),(0.E+000,1.),.PIECEWISE_BEZIER_KNOTS.);
#2444 = CARTESIAN_POINT('',(-3.464070524604,5.102999367,-11.49183963593)
  );
#2445 = CARTESIAN_POINT('',(-3.462852177871,5.102999367,-11.51564346917)
  );
#2446 = CARTESIAN_POINT('',(-3.472069124487,5.102999367,-11.53887140323)
  );
#2447 = CARTESIAN_POINT('',(-3.489090145036,5.102999367,-11.55538051339)
  );
#2448 = ORIENTED_EDGE('',*,*,#2449,.F.);
#2449 = EDGE_CURVE('',#2450,#2441,#2452,.T.);
#2450 = VERTEX_POINT('',#2451);
#2451 = CARTESIAN_POINT('',(-3.489090145036,5.099999367,-11.55538051339)
  );
#2452 = B_SPLINE_CURVE_WITH_KNOTS('',1,(#2453,#2454),.UNSPECIFIED.,.F.,
  .F.,(2,2),(0.E+000,3.E-003),.PIECEWISE_BEZIER_KNOTS.);
#2453 = CARTESIAN_POINT('',(-3.489090145036,5.099999367,-11.55538051339)
  );
#2454 = CARTESIAN_POINT('',(-3.489090145036,5.102999367,-11.55538051339)
  );
#2455 = ORIENTED_EDGE('',*,*,#2456,.F.);
#2456 = EDGE_CURVE('',#2414,#2450,#2457,.T.);
#2457 = B_SPLINE_CURVE_WITH_KNOTS('',3,(#2458,#2459,#2460,#2461),
  .UNSPECIFIED.,.F.,.F.,(4,4),(0.E+000,1.),.PIECEWISE_BEZIER_KNOTS.);
#2458 = CARTESIAN_POINT('',(-3.464070524604,5.099999367,-11.49183963593)
  );
#2459 = CARTESIAN_POINT('',(-3.462852177871,5.099999367,-11.51564346917)
  );
#2460 = CARTESIAN_POINT('',(-3.472069124487,5.099999367,-11.53887140323)
  );
#2461 = CARTESIAN_POINT('',(-3.489090145036,5.099999367,-11.55538051339)
  );
#2462 = B_SPLINE_SURFACE_WITH_KNOTS('',3,1,(
    (#2463,#2464)
    ,(#2465,#2466)
    ,(#2467,#2468)
    ,(#2469,#2470
    )),.UNSPECIFIED.,.F.,.F.,.F.,(4,4),(2,2),(0.E+000,1.),(-3.E-003,
    0.E+000),.PIECEWISE_BEZIER_KNOTS.);
#2463 = CARTESIAN_POINT('',(-3.464070524604,5.102999367,-11.49183963593)
  );
#2464 = CARTESIAN_POINT('',(-3.464070524604,5.099999367,-11.49183963593)
  );
#2465 = CARTESIAN_POINT('',(-3.462852177871,5.102999367,-11.51564346917)
  );
#2466 = CARTESIAN_POINT('',(-3.462852177871,5.099999367,-11.51564346917)
  );
#2467 = CARTESIAN_POINT('',(-3.472069124487,5.102999367,-11.53887140323)
  );
#2468 = CARTESIAN_POINT('',(-3.472069124487,5.099999367,-11.53887140323)
  );
#2469 = CARTESIAN_POINT('',(-3.489090145036,5.102999367,-11.55538051339)
  );
#2470 = CARTESIAN_POINT('',(-3.489090145036,5.099999367,-11.55538051339)
  );
#2471 = ADVANCED_FACE('',(#2472),#2498,.F.);
#2472 = FACE_BOUND('',#2473,.F.);
#2473 = EDGE_LOOP('',(#2474,#2475,#2484,#2491));
#2474 = ORIENTED_EDGE('',*,*,#2449,.T.);
#2475 = ORIENTED_EDGE('',*,*,#2476,.T.);
#2476 = EDGE_CURVE('',#2441,#2477,#2479,.T.);
#2477 = VERTEX_POINT('',#2478);
#2478 = CARTESIAN_POINT('',(-3.553334899292,5.102999367,-11.57835249225)
  );
#2479 = B_SPLINE_CURVE_WITH_KNOTS('',3,(#2480,#2481,#2482,#2483),
  .UNSPECIFIED.,.F.,.F.,(4,4),(0.E+000,1.),.PIECEWISE_BEZIER_KNOTS.);
#2480 = CARTESIAN_POINT('',(-3.489090145036,5.102999367,-11.55538051339)
  );
#2481 = CARTESIAN_POINT('',(-3.506303131983,5.102999367,-11.57182563475)
  );
#2482 = CARTESIAN_POINT('',(-3.52959505484,5.102999367,-11.58033614502)
  );
#2483 = CARTESIAN_POINT('',(-3.553334899292,5.102999367,-11.57835249225)
  );
#2484 = ORIENTED_EDGE('',*,*,#2485,.F.);
#2485 = EDGE_CURVE('',#2486,#2477,#2488,.T.);
#2486 = VERTEX_POINT('',#2487);
#2487 = CARTESIAN_POINT('',(-3.553334899292,5.099999367,-11.57835249225)
  );
#2488 = B_SPLINE_CURVE_WITH_KNOTS('',1,(#2489,#2490),.UNSPECIFIED.,.F.,
  .F.,(2,2),(0.E+000,3.E-003),.PIECEWISE_BEZIER_KNOTS.);
#2489 = CARTESIAN_POINT('',(-3.553334899292,5.099999367,-11.57835249225)
  );
#2490 = CARTESIAN_POINT('',(-3.553334899292,5.102999367,-11.57835249225)
  );
#2491 = ORIENTED_EDGE('',*,*,#2492,.F.);
#2492 = EDGE_CURVE('',#2450,#2486,#2493,.T.);
#2493 = B_SPLINE_CURVE_WITH_KNOTS('',3,(#2494,#2495,#2496,#2497),
  .UNSPECIFIED.,.F.,.F.,(4,4),(0.E+000,1.),.PIECEWISE_BEZIER_KNOTS.);
#2494 = CARTESIAN_POINT('',(-3.489090145036,5.099999367,-11.55538051339)
  );
#2495 = CARTESIAN_POINT('',(-3.506303131983,5.099999367,-11.57182563475)
  );
#2496 = CARTESIAN_POINT('',(-3.52959505484,5.099999367,-11.58033614502)
  );
#2497 = CARTESIAN_POINT('',(-3.553334899292,5.099999367,-11.57835249225)
  );
#2498 = B_SPLINE_SURFACE_WITH_KNOTS('',3,1,(
    (#2499,#2500)
    ,(#2501,#2502)
    ,(#2503,#2504)
    ,(#2505,#2506
    )),.UNSPECIFIED.,.F.,.F.,.F.,(4,4),(2,2),(0.E+000,1.),(-3.E-003,
    0.E+000),.PIECEWISE_BEZIER_KNOTS.);
#2499 = CARTESIAN_POINT('',(-3.489090145036,5.102999367,-11.55538051339)
  );
#2500 = CARTESIAN_POINT('',(-3.489090145036,5.099999367,-11.55538051339)
  );
#2501 = CARTESIAN_POINT('',(-3.506303131983,5.102999367,-11.57182563475)
  );
#2502 = CARTESIAN_POINT('',(-3.506303131983,5.099999367,-11.57182563475)
  );
#2503 = CARTESIAN_POINT('',(-3.52959505484,5.102999367,-11.58033614502)
  );
#2504 = CARTESIAN_POINT('',(-3.52959505484,5.099999367,-11.58033614502)
  );
#2505 = CARTESIAN_POINT('',(-3.553334899292,5.102999367,-11.57835249225)
  );
#2506 = CARTESIAN_POINT('',(-3.553334899292,5.099999367,-11.57835249225)
  );
#2507 = ADVANCED_FACE('',(#2508),#2534,.F.);
#2508 = FACE_BOUND('',#2509,.F.);
#2509 = EDGE_LOOP('',(#2510,#2511,#2520,#2527));
#2510 = ORIENTED_EDGE('',*,*,#2485,.T.);
#2511 = ORIENTED_EDGE('',*,*,#2512,.T.);
#2512 = EDGE_CURVE('',#2477,#2513,#2515,.T.);
#2513 = VERTEX_POINT('',#2514);
#2514 = CARTESIAN_POINT('',(-3.68329615018,5.102999367,-11.44736742058)
  );
#2515 = B_SPLINE_CURVE_WITH_KNOTS('',3,(#2516,#2517,#2518,#2519),
  .UNSPECIFIED.,.F.,.F.,(4,4),(0.E+000,1.),.PIECEWISE_BEZIER_KNOTS.);
#2516 = CARTESIAN_POINT('',(-3.553334899292,5.102999367,-11.57835249225)
  );
#2517 = CARTESIAN_POINT('',(-3.625322298233,5.102999367,-11.57758462666)
  );
#2518 = CARTESIAN_POINT('',(-3.683040194984,5.102999367,-11.51909886432)
  );
#2519 = CARTESIAN_POINT('',(-3.68329615018,5.102999367,-11.44736742058)
  );
#2520 = ORIENTED_EDGE('',*,*,#2521,.F.);
#2521 = EDGE_CURVE('',#2522,#2513,#2524,.T.);
#2522 = VERTEX_POINT('',#2523);
#2523 = CARTESIAN_POINT('',(-3.68329615018,5.099999367,-11.44736742058)
  );
#2524 = B_SPLINE_CURVE_WITH_KNOTS('',1,(#2525,#2526),.UNSPECIFIED.,.F.,
  .F.,(2,2),(0.E+000,3.E-003),.PIECEWISE_BEZIER_KNOTS.);
#2525 = CARTESIAN_POINT('',(-3.68329615018,5.099999367,-11.44736742058)
  );
#2526 = CARTESIAN_POINT('',(-3.68329615018,5.102999367,-11.44736742058)
  );
#2527 = ORIENTED_EDGE('',*,*,#2528,.F.);
#2528 = EDGE_CURVE('',#2486,#2522,#2529,.T.);
#2529 = B_SPLINE_CURVE_WITH_KNOTS('',3,(#2530,#2531,#2532,#2533),
  .UNSPECIFIED.,.F.,.F.,(4,4),(0.E+000,1.),.PIECEWISE_BEZIER_KNOTS.);
#2530 = CARTESIAN_POINT('',(-3.553334899292,5.099999367,-11.57835249225)
  );
#2531 = CARTESIAN_POINT('',(-3.625322298233,5.099999367,-11.57758462666)
  );
#2532 = CARTESIAN_POINT('',(-3.683040194984,5.099999367,-11.51909886432)
  );
#2533 = CARTESIAN_POINT('',(-3.68329615018,5.099999367,-11.44736742058)
  );
#2534 = B_SPLINE_SURFACE_WITH_KNOTS('',3,1,(
    (#2535,#2536)
    ,(#2537,#2538)
    ,(#2539,#2540)
    ,(#2541,#2542
    )),.UNSPECIFIED.,.F.,.F.,.F.,(4,4),(2,2),(0.E+000,1.),(-3.E-003,
    0.E+000),.PIECEWISE_BEZIER_KNOTS.);
#2535 = CARTESIAN_POINT('',(-3.553334899292,5.102999367,-11.57835249225)
  );
#2536 = CARTESIAN_POINT('',(-3.553334899292,5.099999367,-11.57835249225)
  );
#2537 = CARTESIAN_POINT('',(-3.625322298233,5.102999367,-11.57758462666)
  );
#2538 = CARTESIAN_POINT('',(-3.625322298233,5.099999367,-11.57758462666)
  );
#2539 = CARTESIAN_POINT('',(-3.683040194984,5.102999367,-11.51909886432)
  );
#2540 = CARTESIAN_POINT('',(-3.683040194984,5.099999367,-11.51909886432)
  );
#2541 = CARTESIAN_POINT('',(-3.68329615018,5.102999367,-11.44736742058)
  );
#2542 = CARTESIAN_POINT('',(-3.68329615018,5.099999367,-11.44736742058)
  );
#2543 = ADVANCED_FACE('',(#2544),#2570,.F.);
#2544 = FACE_BOUND('',#2545,.F.);
#2545 = EDGE_LOOP('',(#2546,#2547,#2556,#2563));
#2546 = ORIENTED_EDGE('',*,*,#2521,.T.);
#2547 = ORIENTED_EDGE('',*,*,#2548,.T.);
#2548 = EDGE_CURVE('',#2513,#2549,#2551,.T.);
#2549 = VERTEX_POINT('',#2550);
#2550 = CARTESIAN_POINT('',(-3.655077089796,5.102999367,-11.37589193203)
  );
#2551 = B_SPLINE_CURVE_WITH_KNOTS('',3,(#2552,#2553,#2554,#2555),
  .UNSPECIFIED.,.F.,.F.,(4,4),(0.E+000,1.),.PIECEWISE_BEZIER_KNOTS.);
#2552 = CARTESIAN_POINT('',(-3.68329615018,5.102999367,-11.44736742058)
  );
#2553 = CARTESIAN_POINT('',(-3.684831881358,5.102999367,-11.42062010257)
  );
#2554 = CARTESIAN_POINT('',(-3.674529684709,5.102999367,-11.39438469496)
  );
#2555 = CARTESIAN_POINT('',(-3.655077089796,5.102999367,-11.37589193203)
  );
#2556 = ORIENTED_EDGE('',*,*,#2557,.F.);
#2557 = EDGE_CURVE('',#2558,#2549,#2560,.T.);
#2558 = VERTEX_POINT('',#2559);
#2559 = CARTESIAN_POINT('',(-3.655077089796,5.099999367,-11.37589193203)
  );
#2560 = B_SPLINE_CURVE_WITH_KNOTS('',1,(#2561,#2562),.UNSPECIFIED.,.F.,
  .F.,(2,2),(0.E+000,3.E-003),.PIECEWISE_BEZIER_KNOTS.);
#2561 = CARTESIAN_POINT('',(-3.655077089796,5.099999367,-11.37589193203)
  );
#2562 = CARTESIAN_POINT('',(-3.655077089796,5.102999367,-11.37589193203)
  );
#2563 = ORIENTED_EDGE('',*,*,#2564,.F.);
#2564 = EDGE_CURVE('',#2522,#2558,#2565,.T.);
#2565 = B_SPLINE_CURVE_WITH_KNOTS('',3,(#2566,#2567,#2568,#2569),
  .UNSPECIFIED.,.F.,.F.,(4,4),(0.E+000,1.),.PIECEWISE_BEZIER_KNOTS.);
#2566 = CARTESIAN_POINT('',(-3.68329615018,5.099999367,-11.44736742058)
  );
#2567 = CARTESIAN_POINT('',(-3.684831881358,5.099999367,-11.42062010257)
  );
#2568 = CARTESIAN_POINT('',(-3.674529684709,5.099999367,-11.39438469496)
  );
#2569 = CARTESIAN_POINT('',(-3.655077089796,5.099999367,-11.37589193203)
  );
#2570 = B_SPLINE_SURFACE_WITH_KNOTS('',3,1,(
    (#2571,#2572)
    ,(#2573,#2574)
    ,(#2575,#2576)
    ,(#2577,#2578
    )),.UNSPECIFIED.,.F.,.F.,.F.,(4,4),(2,2),(0.E+000,1.),(-3.E-003,
    0.E+000),.PIECEWISE_BEZIER_KNOTS.);
#2571 = CARTESIAN_POINT('',(-3.68329615018,5.102999367,-11.44736742058)
  );
#2572 = CARTESIAN_POINT('',(-3.68329615018,5.099999367,-11.44736742058)
  );
#2573 = CARTESIAN_POINT('',(-3.684831881358,5.102999367,-11.42062010257)
  );
#2574 = CARTESIAN_POINT('',(-3.684831881358,5.099999367,-11.42062010257)
  );
#2575 = CARTESIAN_POINT('',(-3.674529684709,5.102999367,-11.39438469496)
  );
#2576 = CARTESIAN_POINT('',(-3.674529684709,5.099999367,-11.39438469496)
  );
#2577 = CARTESIAN_POINT('',(-3.655077089796,5.102999367,-11.37589193203)
  );
#2578 = CARTESIAN_POINT('',(-3.655077089796,5.099999367,-11.37589193203)
  );
#2579 = ADVANCED_FACE('',(#2580),#2606,.F.);
#2580 = FACE_BOUND('',#2581,.F.);
#2581 = EDGE_LOOP('',(#2582,#2583,#2592,#2599));
#2582 = ORIENTED_EDGE('',*,*,#2557,.T.);
#2583 = ORIENTED_EDGE('',*,*,#2584,.T.);
#2584 = EDGE_CURVE('',#2549,#2585,#2587,.T.);
#2585 = VERTEX_POINT('',#2586);
#2586 = CARTESIAN_POINT('',(-3.582065870069,5.102999367,-11.35138422199)
  );
#2587 = B_SPLINE_CURVE_WITH_KNOTS('',3,(#2588,#2589,#2590,#2591),
  .UNSPECIFIED.,.F.,.F.,(4,4),(0.E+000,1.),.PIECEWISE_BEZIER_KNOTS.);
#2588 = CARTESIAN_POINT('',(-3.655077089796,5.102999367,-11.37589193203)
  );
#2589 = CARTESIAN_POINT('',(-3.635560506083,5.102999367,-11.3573991691)
  );
#2590 = CARTESIAN_POINT('',(-3.608813188076,5.102999367,-11.34837674843)
  );
#2591 = CARTESIAN_POINT('',(-3.582065870069,5.102999367,-11.35138422199)
  );
#2592 = ORIENTED_EDGE('',*,*,#2593,.F.);
#2593 = EDGE_CURVE('',#2594,#2585,#2596,.T.);
#2594 = VERTEX_POINT('',#2595);
#2595 = CARTESIAN_POINT('',(-3.582065870069,5.099999367,-11.35138422199)
  );
#2596 = B_SPLINE_CURVE_WITH_KNOTS('',1,(#2597,#2598),.UNSPECIFIED.,.F.,
  .F.,(2,2),(0.E+000,3.E-003),.PIECEWISE_BEZIER_KNOTS.);
#2597 = CARTESIAN_POINT('',(-3.582065870069,5.099999367,-11.35138422199)
  );
#2598 = CARTESIAN_POINT('',(-3.582065870069,5.102999367,-11.35138422199)
  );
#2599 = ORIENTED_EDGE('',*,*,#2600,.F.);
#2600 = EDGE_CURVE('',#2558,#2594,#2601,.T.);
#2601 = B_SPLINE_CURVE_WITH_KNOTS('',3,(#2602,#2603,#2604,#2605),
  .UNSPECIFIED.,.F.,.F.,(4,4),(0.E+000,1.),.PIECEWISE_BEZIER_KNOTS.);
#2602 = CARTESIAN_POINT('',(-3.655077089796,5.099999367,-11.37589193203)
  );
#2603 = CARTESIAN_POINT('',(-3.635560506083,5.099999367,-11.3573991691)
  );
#2604 = CARTESIAN_POINT('',(-3.608813188076,5.099999367,-11.34837674843)
  );
#2605 = CARTESIAN_POINT('',(-3.582065870069,5.099999367,-11.35138422199)
  );
#2606 = B_SPLINE_SURFACE_WITH_KNOTS('',3,1,(
    (#2607,#2608)
    ,(#2609,#2610)
    ,(#2611,#2612)
    ,(#2613,#2614
    )),.UNSPECIFIED.,.F.,.F.,.F.,(4,4),(2,2),(0.E+000,1.),(-3.E-003,
    0.E+000),.PIECEWISE_BEZIER_KNOTS.);
#2607 = CARTESIAN_POINT('',(-3.655077089796,5.102999367,-11.37589193203)
  );
#2608 = CARTESIAN_POINT('',(-3.655077089796,5.099999367,-11.37589193203)
  );
#2609 = CARTESIAN_POINT('',(-3.635560506083,5.102999367,-11.3573991691)
  );
#2610 = CARTESIAN_POINT('',(-3.635560506083,5.099999367,-11.3573991691)
  );
#2611 = CARTESIAN_POINT('',(-3.608813188076,5.102999367,-11.34837674843)
  );
#2612 = CARTESIAN_POINT('',(-3.608813188076,5.099999367,-11.34837674843)
  );
#2613 = CARTESIAN_POINT('',(-3.582065870069,5.102999367,-11.35138422199)
  );
#2614 = CARTESIAN_POINT('',(-3.582065870069,5.099999367,-11.35138422199)
  );
#2615 = ADVANCED_FACE('',(#2616),#2642,.F.);
#2616 = FACE_BOUND('',#2617,.F.);
#2617 = EDGE_LOOP('',(#2618,#2619,#2628,#2635));
#2618 = ORIENTED_EDGE('',*,*,#2593,.T.);
#2619 = ORIENTED_EDGE('',*,*,#2620,.T.);
#2620 = EDGE_CURVE('',#2585,#2621,#2623,.T.);
#2621 = VERTEX_POINT('',#2622);
#2622 = CARTESIAN_POINT('',(-3.498112565703,5.102999367,-11.38011519277)
  );
#2623 = B_SPLINE_CURVE_WITH_KNOTS('',3,(#2624,#2625,#2626,#2627),
  .UNSPECIFIED.,.F.,.F.,(4,4),(0.E+000,1.),.PIECEWISE_BEZIER_KNOTS.);
#2624 = CARTESIAN_POINT('',(-3.582065870069,5.102999367,-11.35138422199)
  );
#2625 = CARTESIAN_POINT('',(-3.551607201717,5.102999367,-11.3506163564)
  );
#2626 = CARTESIAN_POINT('',(-3.521852410154,5.102999367,-11.36091855305)
  );
#2627 = CARTESIAN_POINT('',(-3.498112565703,5.102999367,-11.38011519277)
  );
#2628 = ORIENTED_EDGE('',*,*,#2629,.F.);
#2629 = EDGE_CURVE('',#2630,#2621,#2632,.T.);
#2630 = VERTEX_POINT('',#2631);
#2631 = CARTESIAN_POINT('',(-3.498112565703,5.099999367,-11.38011519277)
  );
#2632 = B_SPLINE_CURVE_WITH_KNOTS('',1,(#2633,#2634),.UNSPECIFIED.,.F.,
  .F.,(2,2),(0.E+000,3.E-003),.PIECEWISE_BEZIER_KNOTS.);
#2633 = CARTESIAN_POINT('',(-3.498112565703,5.099999367,-11.38011519277)
  );
#2634 = CARTESIAN_POINT('',(-3.498112565703,5.102999367,-11.38011519277)
  );
#2635 = ORIENTED_EDGE('',*,*,#2636,.F.);
#2636 = EDGE_CURVE('',#2594,#2630,#2637,.T.);
#2637 = B_SPLINE_CURVE_WITH_KNOTS('',3,(#2638,#2639,#2640,#2641),
  .UNSPECIFIED.,.F.,.F.,(4,4),(0.E+000,1.),.PIECEWISE_BEZIER_KNOTS.);
#2638 = CARTESIAN_POINT('',(-3.582065870069,5.099999367,-11.35138422199)
  );
#2639 = CARTESIAN_POINT('',(-3.551607201717,5.099999367,-11.3506163564)
  );
#2640 = CARTESIAN_POINT('',(-3.521852410154,5.099999367,-11.36091855305)
  );
#2641 = CARTESIAN_POINT('',(-3.498112565703,5.099999367,-11.38011519277)
  );
#2642 = B_SPLINE_SURFACE_WITH_KNOTS('',3,1,(
    (#2643,#2644)
    ,(#2645,#2646)
    ,(#2647,#2648)
    ,(#2649,#2650
    )),.UNSPECIFIED.,.F.,.F.,.F.,(4,4),(2,2),(0.E+000,1.),(-3.E-003,
    0.E+000),.PIECEWISE_BEZIER_KNOTS.);
#2643 = CARTESIAN_POINT('',(-3.582065870069,5.102999367,-11.35138422199)
  );
#2644 = CARTESIAN_POINT('',(-3.582065870069,5.099999367,-11.35138422199)
  );
#2645 = CARTESIAN_POINT('',(-3.551607201717,5.102999367,-11.3506163564)
  );
#2646 = CARTESIAN_POINT('',(-3.551607201717,5.099999367,-11.3506163564)
  );
#2647 = CARTESIAN_POINT('',(-3.521852410154,5.102999367,-11.36091855305)
  );
#2648 = CARTESIAN_POINT('',(-3.521852410154,5.099999367,-11.36091855305)
  );
#2649 = CARTESIAN_POINT('',(-3.498112565703,5.102999367,-11.38011519277)
  );
#2650 = CARTESIAN_POINT('',(-3.498112565703,5.099999367,-11.38011519277)
  );
#2651 = ADVANCED_FACE('',(#2652),#2674,.F.);
#2652 = FACE_BOUND('',#2653,.F.);
#2653 = EDGE_LOOP('',(#2654,#2655,#2662,#2669));
#2654 = ORIENTED_EDGE('',*,*,#2629,.T.);
#2655 = ORIENTED_EDGE('',*,*,#2656,.T.);
#2656 = EDGE_CURVE('',#2621,#2657,#2659,.T.);
#2657 = VERTEX_POINT('',#2658);
#2658 = CARTESIAN_POINT('',(-3.526587581285,5.102999367,-11.4186364498)
  );
#2659 = B_SPLINE_CURVE_WITH_KNOTS('',1,(#2660,#2661),.UNSPECIFIED.,.F.,
  .F.,(2,2),(0.E+000,0.935772575202),.PIECEWISE_BEZIER_KNOTS.);
#2660 = CARTESIAN_POINT('',(-3.498112565703,5.102999367,-11.38011519277)
  );
#2661 = CARTESIAN_POINT('',(-3.526587581285,5.102999367,-11.4186364498)
  );
#2662 = ORIENTED_EDGE('',*,*,#2663,.F.);
#2663 = EDGE_CURVE('',#2664,#2657,#2666,.T.);
#2664 = VERTEX_POINT('',#2665);
#2665 = CARTESIAN_POINT('',(-3.526587581285,5.099999367,-11.4186364498)
  );
#2666 = B_SPLINE_CURVE_WITH_KNOTS('',1,(#2667,#2668),.UNSPECIFIED.,.F.,
  .F.,(2,2),(0.E+000,3.E-003),.PIECEWISE_BEZIER_KNOTS.);
#2667 = CARTESIAN_POINT('',(-3.526587581285,5.099999367,-11.4186364498)
  );
#2668 = CARTESIAN_POINT('',(-3.526587581285,5.102999367,-11.4186364498)
  );
#2669 = ORIENTED_EDGE('',*,*,#2670,.F.);
#2670 = EDGE_CURVE('',#2630,#2664,#2671,.T.);
#2671 = B_SPLINE_CURVE_WITH_KNOTS('',1,(#2672,#2673),.UNSPECIFIED.,.F.,
  .F.,(2,2),(0.E+000,0.935772575202),.PIECEWISE_BEZIER_KNOTS.);
#2672 = CARTESIAN_POINT('',(-3.498112565703,5.099999367,-11.38011519277)
  );
#2673 = CARTESIAN_POINT('',(-3.526587581285,5.099999367,-11.4186364498)
  );
#2674 = B_SPLINE_SURFACE_WITH_KNOTS('',1,1,(
    (#2675,#2676)
    ,(#2677,#2678
    )),.UNSPECIFIED.,.F.,.F.,.F.,(2,2),(2,2),(0.E+000,0.935772575202),(
    -3.E-003,0.E+000),.PIECEWISE_BEZIER_KNOTS.);
#2675 = CARTESIAN_POINT('',(-3.498112565703,5.102999367,-11.38011519277)
  );
#2676 = CARTESIAN_POINT('',(-3.498112565703,5.099999367,-11.38011519277)
  );
#2677 = CARTESIAN_POINT('',(-3.526587581285,5.102999367,-11.4186364498)
  );
#2678 = CARTESIAN_POINT('',(-3.526587581285,5.099999367,-11.4186364498)
  );
#2679 = ADVANCED_FACE('',(#2680),#2706,.F.);
#2680 = FACE_BOUND('',#2681,.F.);
#2681 = EDGE_LOOP('',(#2682,#2683,#2692,#2699));
#2682 = ORIENTED_EDGE('',*,*,#2663,.T.);
#2683 = ORIENTED_EDGE('',*,*,#2684,.T.);
#2684 = EDGE_CURVE('',#2657,#2685,#2687,.T.);
#2685 = VERTEX_POINT('',#2686);
#2686 = CARTESIAN_POINT('',(-3.574579180579,5.102999367,-11.40135947406)
  );
#2687 = B_SPLINE_CURVE_WITH_KNOTS('',3,(#2688,#2689,#2690,#2691),
  .UNSPECIFIED.,.F.,.F.,(4,4),(0.E+000,1.),.PIECEWISE_BEZIER_KNOTS.);
#2688 = CARTESIAN_POINT('',(-3.526587581285,5.102999367,-11.4186364498)
  );
#2689 = CARTESIAN_POINT('',(-3.540345173082,5.102999367,-11.40788633156)
  );
#2690 = CARTESIAN_POINT('',(-3.557046249637,5.102999367,-11.40161542925)
  );
#2691 = CARTESIAN_POINT('',(-3.574579180579,5.102999367,-11.40135947406)
  );
#2692 = ORIENTED_EDGE('',*,*,#2693,.F.);
#2693 = EDGE_CURVE('',#2694,#2685,#2696,.T.);
#2694 = VERTEX_POINT('',#2695);
#2695 = CARTESIAN_POINT('',(-3.574579180579,5.099999367,-11.40135947406)
  );
#2696 = B_SPLINE_CURVE_WITH_KNOTS('',1,(#2697,#2698),.UNSPECIFIED.,.F.,
  .F.,(2,2),(0.E+000,3.E-003),.PIECEWISE_BEZIER_KNOTS.);
#2697 = CARTESIAN_POINT('',(-3.574579180579,5.099999367,-11.40135947406)
  );
#2698 = CARTESIAN_POINT('',(-3.574579180579,5.102999367,-11.40135947406)
  );
#2699 = ORIENTED_EDGE('',*,*,#2700,.F.);
#2700 = EDGE_CURVE('',#2664,#2694,#2701,.T.);
#2701 = B_SPLINE_CURVE_WITH_KNOTS('',3,(#2702,#2703,#2704,#2705),
  .UNSPECIFIED.,.F.,.F.,(4,4),(0.E+000,1.),.PIECEWISE_BEZIER_KNOTS.);
#2702 = CARTESIAN_POINT('',(-3.526587581285,5.099999367,-11.4186364498)
  );
#2703 = CARTESIAN_POINT('',(-3.540345173082,5.099999367,-11.40788633156)
  );
#2704 = CARTESIAN_POINT('',(-3.557046249637,5.099999367,-11.40161542925)
  );
#2705 = CARTESIAN_POINT('',(-3.574579180579,5.099999367,-11.40135947406)
  );
#2706 = B_SPLINE_SURFACE_WITH_KNOTS('',3,1,(
    (#2707,#2708)
    ,(#2709,#2710)
    ,(#2711,#2712)
    ,(#2713,#2714
    )),.UNSPECIFIED.,.F.,.F.,.F.,(4,4),(2,2),(0.E+000,1.),(-3.E-003,
    0.E+000),.PIECEWISE_BEZIER_KNOTS.);
#2707 = CARTESIAN_POINT('',(-3.526587581285,5.102999367,-11.4186364498)
  );
#2708 = CARTESIAN_POINT('',(-3.526587581285,5.099999367,-11.4186364498)
  );
#2709 = CARTESIAN_POINT('',(-3.540345173082,5.102999367,-11.40788633156)
  );
#2710 = CARTESIAN_POINT('',(-3.540345173082,5.099999367,-11.40788633156)
  );
#2711 = CARTESIAN_POINT('',(-3.557046249637,5.102999367,-11.40161542925)
  );
#2712 = CARTESIAN_POINT('',(-3.557046249637,5.099999367,-11.40161542925)
  );
#2713 = CARTESIAN_POINT('',(-3.574579180579,5.102999367,-11.40135947406)
  );
#2714 = CARTESIAN_POINT('',(-3.574579180579,5.099999367,-11.40135947406)
  );
#2715 = ADVANCED_FACE('',(#2716),#2742,.F.);
#2716 = FACE_BOUND('',#2717,.F.);
#2717 = EDGE_LOOP('',(#2718,#2719,#2728,#2735));
#2718 = ORIENTED_EDGE('',*,*,#2693,.T.);
#2719 = ORIENTED_EDGE('',*,*,#2720,.T.);
#2720 = EDGE_CURVE('',#2685,#2721,#2723,.T.);
#2721 = VERTEX_POINT('',#2722);
#2722 = CARTESIAN_POINT('',(-3.609837008861,5.102999367,-11.41140571551)
  );
#2723 = B_SPLINE_CURVE_WITH_KNOTS('',3,(#2724,#2725,#2726,#2727),
  .UNSPECIFIED.,.F.,.F.,(4,4),(0.E+000,1.),.PIECEWISE_BEZIER_KNOTS.);
#2724 = CARTESIAN_POINT('',(-3.574579180579,5.102999367,-11.40135947406)
  );
#2725 = CARTESIAN_POINT('',(-3.587056996395,5.102999367,-11.39937838084)
  );
#2726 = CARTESIAN_POINT('',(-3.600046722605,5.102999367,-11.40289520523)
  );
#2727 = CARTESIAN_POINT('',(-3.609837008861,5.102999367,-11.41140571551)
  );
#2728 = ORIENTED_EDGE('',*,*,#2729,.F.);
#2729 = EDGE_CURVE('',#2730,#2721,#2732,.T.);
#2730 = VERTEX_POINT('',#2731);
#2731 = CARTESIAN_POINT('',(-3.609837008861,5.099999367,-11.41140571551)
  );
#2732 = B_SPLINE_CURVE_WITH_KNOTS('',1,(#2733,#2734),.UNSPECIFIED.,.F.,
  .F.,(2,2),(0.E+000,3.E-003),.PIECEWISE_BEZIER_KNOTS.);
#2733 = CARTESIAN_POINT('',(-3.609837008861,5.099999367,-11.41140571551)
  );
#2734 = CARTESIAN_POINT('',(-3.609837008861,5.102999367,-11.41140571551)
  );
#2735 = ORIENTED_EDGE('',*,*,#2736,.F.);
#2736 = EDGE_CURVE('',#2694,#2730,#2737,.T.);
#2737 = B_SPLINE_CURVE_WITH_KNOTS('',3,(#2738,#2739,#2740,#2741),
  .UNSPECIFIED.,.F.,.F.,(4,4),(0.E+000,1.),.PIECEWISE_BEZIER_KNOTS.);
#2738 = CARTESIAN_POINT('',(-3.574579180579,5.099999367,-11.40135947406)
  );
#2739 = CARTESIAN_POINT('',(-3.587056996395,5.099999367,-11.39937838084)
  );
#2740 = CARTESIAN_POINT('',(-3.600046722605,5.099999367,-11.40289520523)
  );
#2741 = CARTESIAN_POINT('',(-3.609837008861,5.099999367,-11.41140571551)
  );
#2742 = B_SPLINE_SURFACE_WITH_KNOTS('',3,1,(
    (#2743,#2744)
    ,(#2745,#2746)
    ,(#2747,#2748)
    ,(#2749,#2750
    )),.UNSPECIFIED.,.F.,.F.,.F.,(4,4),(2,2),(0.E+000,1.),(-3.E-003,
    0.E+000),.PIECEWISE_BEZIER_KNOTS.);
#2743 = CARTESIAN_POINT('',(-3.574579180579,5.102999367,-11.40135947406)
  );
#2744 = CARTESIAN_POINT('',(-3.574579180579,5.099999367,-11.40135947406)
  );
#2745 = CARTESIAN_POINT('',(-3.587056996395,5.102999367,-11.39937838084)
  );
#2746 = CARTESIAN_POINT('',(-3.587056996395,5.099999367,-11.39937838084)
  );
#2747 = CARTESIAN_POINT('',(-3.600046722605,5.102999367,-11.40289520523)
  );
#2748 = CARTESIAN_POINT('',(-3.600046722605,5.099999367,-11.40289520523)
  );
#2749 = CARTESIAN_POINT('',(-3.609837008861,5.102999367,-11.41140571551)
  );
#2750 = CARTESIAN_POINT('',(-3.609837008861,5.099999367,-11.41140571551)
  );
#2751 = ADVANCED_FACE('',(#2752),#2778,.F.);
#2752 = FACE_BOUND('',#2753,.F.);
#2753 = EDGE_LOOP('',(#2754,#2755,#2764,#2771));
#2754 = ORIENTED_EDGE('',*,*,#2729,.T.);
#2755 = ORIENTED_EDGE('',*,*,#2756,.T.);
#2756 = EDGE_CURVE('',#2721,#2757,#2759,.T.);
#2757 = VERTEX_POINT('',#2758);
#2758 = CARTESIAN_POINT('',(-3.625333789143,5.102999367,-11.44366392114)
  );
#2759 = B_SPLINE_CURVE_WITH_KNOTS('',3,(#2760,#2761,#2762,#2763),
  .UNSPECIFIED.,.F.,.F.,(4,4),(0.E+000,1.),.PIECEWISE_BEZIER_KNOTS.);
#2760 = CARTESIAN_POINT('',(-3.609837008861,5.102999367,-11.41140571551)
  );
#2761 = CARTESIAN_POINT('',(-3.619563306318,5.102999367,-11.41985223698)
  );
#2762 = CARTESIAN_POINT('',(-3.625066343037,5.102999367,-11.4321380864)
  );
#2763 = CARTESIAN_POINT('',(-3.625333789143,5.102999367,-11.44366392114)
  );
#2764 = ORIENTED_EDGE('',*,*,#2765,.F.);
#2765 = EDGE_CURVE('',#2766,#2757,#2768,.T.);
#2766 = VERTEX_POINT('',#2767);
#2767 = CARTESIAN_POINT('',(-3.625333789143,5.099999367,-11.44366392114)
  );
#2768 = B_SPLINE_CURVE_WITH_KNOTS('',1,(#2769,#2770),.UNSPECIFIED.,.F.,
  .F.,(2,2),(0.E+000,3.E-003),.PIECEWISE_BEZIER_KNOTS.);
#2769 = CARTESIAN_POINT('',(-3.625333789143,5.099999367,-11.44366392114)
  );
#2770 = CARTESIAN_POINT('',(-3.625333789143,5.102999367,-11.44366392114)
  );
#2771 = ORIENTED_EDGE('',*,*,#2772,.F.);
#2772 = EDGE_CURVE('',#2730,#2766,#2773,.T.);
#2773 = B_SPLINE_CURVE_WITH_KNOTS('',3,(#2774,#2775,#2776,#2777),
  .UNSPECIFIED.,.F.,.F.,(4,4),(0.E+000,1.),.PIECEWISE_BEZIER_KNOTS.);
#2774 = CARTESIAN_POINT('',(-3.609837008861,5.099999367,-11.41140571551)
  );
#2775 = CARTESIAN_POINT('',(-3.619563306318,5.099999367,-11.41985223698)
  );
#2776 = CARTESIAN_POINT('',(-3.625066343037,5.099999367,-11.4321380864)
  );
#2777 = CARTESIAN_POINT('',(-3.625333789143,5.099999367,-11.44366392114)
  );
#2778 = B_SPLINE_SURFACE_WITH_KNOTS('',3,1,(
    (#2779,#2780)
    ,(#2781,#2782)
    ,(#2783,#2784)
    ,(#2785,#2786
    )),.UNSPECIFIED.,.F.,.F.,.F.,(4,4),(2,2),(0.E+000,1.),(-3.E-003,
    0.E+000),.PIECEWISE_BEZIER_KNOTS.);
#2779 = CARTESIAN_POINT('',(-3.609837008861,5.102999367,-11.41140571551)
  );
#2780 = CARTESIAN_POINT('',(-3.609837008861,5.099999367,-11.41140571551)
  );
#2781 = CARTESIAN_POINT('',(-3.619563306318,5.102999367,-11.41985223698)
  );
#2782 = CARTESIAN_POINT('',(-3.619563306318,5.099999367,-11.41985223698)
  );
#2783 = CARTESIAN_POINT('',(-3.625066343037,5.102999367,-11.4321380864)
  );
#2784 = CARTESIAN_POINT('',(-3.625066343037,5.099999367,-11.4321380864)
  );
#2785 = CARTESIAN_POINT('',(-3.625333789143,5.102999367,-11.44366392114)
  );
#2786 = CARTESIAN_POINT('',(-3.625333789143,5.099999367,-11.44366392114)
  );
#2787 = ADVANCED_FACE('',(#2788),#2802,.F.);
#2788 = FACE_BOUND('',#2789,.F.);
#2789 = EDGE_LOOP('',(#2790,#2791,#2796,#2797));
#2790 = ORIENTED_EDGE('',*,*,#2765,.T.);
#2791 = ORIENTED_EDGE('',*,*,#2792,.T.);
#2792 = EDGE_CURVE('',#2757,#2370,#2793,.T.);
#2793 = B_SPLINE_CURVE_WITH_KNOTS('',1,(#2794,#2795),.UNSPECIFIED.,.F.,
  .F.,(2,2),(0.E+000,2.2360679775E-002),.PIECEWISE_BEZIER_KNOTS.);
#2794 = CARTESIAN_POINT('',(-3.625333789143,5.102999367,-11.44366392114)
  );
#2795 = CARTESIAN_POINT('',(-3.625322298233,5.102999367,-11.44384803663)
  );
#2796 = ORIENTED_EDGE('',*,*,#2367,.F.);
#2797 = ORIENTED_EDGE('',*,*,#2798,.F.);
#2798 = EDGE_CURVE('',#2766,#2368,#2799,.T.);
#2799 = B_SPLINE_CURVE_WITH_KNOTS('',1,(#2800,#2801),.UNSPECIFIED.,.F.,
  .F.,(2,2),(0.E+000,2.2360679775E-002),.PIECEWISE_BEZIER_KNOTS.);
#2800 = CARTESIAN_POINT('',(-3.625333789143,5.099999367,-11.44366392114)
  );
#2801 = CARTESIAN_POINT('',(-3.625322298233,5.099999367,-11.44384803663)
  );
#2802 = B_SPLINE_SURFACE_WITH_KNOTS('',1,1,(
    (#2803,#2804)
    ,(#2805,#2806
    )),.UNSPECIFIED.,.F.,.F.,.F.,(2,2),(2,2),(0.E+000,2.2360679775E-002)
  ,(-3.E-003,0.E+000),.PIECEWISE_BEZIER_KNOTS.);
#2803 = CARTESIAN_POINT('',(-3.625333789143,5.102999367,-11.44366392114)
  );
#2804 = CARTESIAN_POINT('',(-3.625333789143,5.099999367,-11.44366392114)
  );
#2805 = CARTESIAN_POINT('',(-3.625322298233,5.102999367,-11.44384803663)
  );
#2806 = CARTESIAN_POINT('',(-3.625322298233,5.099999367,-11.44384803663)
  );
#2807 = ADVANCED_FACE('',(#2808),#2842,.F.);
#2808 = FACE_BOUND('',#2809,.F.);
#2809 = EDGE_LOOP('',(#2810,#2819,#2828,#2835));
#2810 = ORIENTED_EDGE('',*,*,#2811,.T.);
#2811 = EDGE_CURVE('',#2812,#2814,#2816,.T.);
#2812 = VERTEX_POINT('',#2813);
#2813 = CARTESIAN_POINT('',(-3.619563306318,5.099999367,-11.48236929366)
  );
#2814 = VERTEX_POINT('',#2815);
#2815 = CARTESIAN_POINT('',(-3.619563306318,5.102999367,-11.48236929366)
  );
#2816 = B_SPLINE_CURVE_WITH_KNOTS('',1,(#2817,#2818),.UNSPECIFIED.,.F.,
  .F.,(2,2),(0.E+000,3.E-003),.PIECEWISE_BEZIER_KNOTS.);
#2817 = CARTESIAN_POINT('',(-3.619563306318,5.099999367,-11.48236929366)
  );
#2818 = CARTESIAN_POINT('',(-3.619563306318,5.102999367,-11.48236929366)
  );
#2819 = ORIENTED_EDGE('',*,*,#2820,.T.);
#2820 = EDGE_CURVE('',#2814,#2821,#2823,.T.);
#2821 = VERTEX_POINT('',#2822);
#2822 = CARTESIAN_POINT('',(-3.558070070422,5.102999367,-11.53036089296)
  );
#2823 = B_SPLINE_CURVE_WITH_KNOTS('',3,(#2824,#2825,#2826,#2827),
  .UNSPECIFIED.,.F.,.F.,(4,4),(0.E+000,1.),.PIECEWISE_BEZIER_KNOTS.);
#2824 = CARTESIAN_POINT('',(-3.619563306318,5.102999367,-11.48236929366)
  );
#2825 = CARTESIAN_POINT('',(-3.611820661632,5.102999367,-11.51014043246)
  );
#2826 = CARTESIAN_POINT('',(-3.5868010412,5.102999367,-11.52933707217));
#2827 = CARTESIAN_POINT('',(-3.558070070422,5.102999367,-11.53036089296)
  );
#2828 = ORIENTED_EDGE('',*,*,#2829,.F.);
#2829 = EDGE_CURVE('',#2830,#2821,#2832,.T.);
#2830 = VERTEX_POINT('',#2831);
#2831 = CARTESIAN_POINT('',(-3.558070070422,5.099999367,-11.53036089296)
  );
#2832 = B_SPLINE_CURVE_WITH_KNOTS('',1,(#2833,#2834),.UNSPECIFIED.,.F.,
  .F.,(2,2),(0.E+000,3.E-003),.PIECEWISE_BEZIER_KNOTS.);
#2833 = CARTESIAN_POINT('',(-3.558070070422,5.099999367,-11.53036089296)
  );
#2834 = CARTESIAN_POINT('',(-3.558070070422,5.102999367,-11.53036089296)
  );
#2835 = ORIENTED_EDGE('',*,*,#2836,.F.);
#2836 = EDGE_CURVE('',#2812,#2830,#2837,.T.);
#2837 = B_SPLINE_CURVE_WITH_KNOTS('',3,(#2838,#2839,#2840,#2841),
  .UNSPECIFIED.,.F.,.F.,(4,4),(0.E+000,1.),.PIECEWISE_BEZIER_KNOTS.);
#2838 = CARTESIAN_POINT('',(-3.619563306318,5.099999367,-11.48236929366)
  );
#2839 = CARTESIAN_POINT('',(-3.611820661632,5.099999367,-11.51014043246)
  );
#2840 = CARTESIAN_POINT('',(-3.5868010412,5.099999367,-11.52933707217));
#2841 = CARTESIAN_POINT('',(-3.558070070422,5.099999367,-11.53036089296)
  );
#2842 = B_SPLINE_SURFACE_WITH_KNOTS('',3,1,(
    (#2843,#2844)
    ,(#2845,#2846)
    ,(#2847,#2848)
    ,(#2849,#2850
    )),.UNSPECIFIED.,.F.,.F.,.F.,(4,4),(2,2),(0.E+000,1.),(-3.E-003,
    0.E+000),.PIECEWISE_BEZIER_KNOTS.);
#2843 = CARTESIAN_POINT('',(-3.619563306318,5.102999367,-11.48236929366)
  );
#2844 = CARTESIAN_POINT('',(-3.619563306318,5.099999367,-11.48236929366)
  );
#2845 = CARTESIAN_POINT('',(-3.611820661632,5.102999367,-11.51014043246)
  );
#2846 = CARTESIAN_POINT('',(-3.611820661632,5.099999367,-11.51014043246)
  );
#2847 = CARTESIAN_POINT('',(-3.5868010412,5.102999367,-11.52933707217));
#2848 = CARTESIAN_POINT('',(-3.5868010412,5.099999367,-11.52933707217));
#2849 = CARTESIAN_POINT('',(-3.558070070422,5.102999367,-11.53036089296)
  );
#2850 = CARTESIAN_POINT('',(-3.558070070422,5.099999367,-11.53036089296)
  );
#2851 = ADVANCED_FACE('',(#2852),#2878,.F.);
#2852 = FACE_BOUND('',#2853,.F.);
#2853 = EDGE_LOOP('',(#2854,#2855,#2864,#2871));
#2854 = ORIENTED_EDGE('',*,*,#2829,.T.);
#2855 = ORIENTED_EDGE('',*,*,#2856,.T.);
#2856 = EDGE_CURVE('',#2821,#2857,#2859,.T.);
#2857 = VERTEX_POINT('',#2858);
#2858 = CARTESIAN_POINT('',(-3.532602528396,5.102999367,-11.52287420347)
  );
#2859 = B_SPLINE_CURVE_WITH_KNOTS('',3,(#2860,#2861,#2862,#2863),
  .UNSPECIFIED.,.F.,.F.,(4,4),(0.E+000,1.),.PIECEWISE_BEZIER_KNOTS.);
#2860 = CARTESIAN_POINT('',(-3.558070070422,5.102999367,-11.53036089296)
  );
#2861 = CARTESIAN_POINT('',(-3.548855683357,5.102999367,-11.53183519489)
  );
#2862 = CARTESIAN_POINT('',(-3.539577307494,5.102999367,-11.52908111698)
  );
#2863 = CARTESIAN_POINT('',(-3.532602528396,5.102999367,-11.52287420347)
  );
#2864 = ORIENTED_EDGE('',*,*,#2865,.F.);
#2865 = EDGE_CURVE('',#2866,#2857,#2868,.T.);
#2866 = VERTEX_POINT('',#2867);
#2867 = CARTESIAN_POINT('',(-3.532602528396,5.099999367,-11.52287420347)
  );
#2868 = B_SPLINE_CURVE_WITH_KNOTS('',1,(#2869,#2870),.UNSPECIFIED.,.F.,
  .F.,(2,2),(0.E+000,3.E-003),.PIECEWISE_BEZIER_KNOTS.);
#2869 = CARTESIAN_POINT('',(-3.532602528396,5.099999367,-11.52287420347)
  );
#2870 = CARTESIAN_POINT('',(-3.532602528396,5.102999367,-11.52287420347)
  );
#2871 = ORIENTED_EDGE('',*,*,#2872,.F.);
#2872 = EDGE_CURVE('',#2830,#2866,#2873,.T.);
#2873 = B_SPLINE_CURVE_WITH_KNOTS('',3,(#2874,#2875,#2876,#2877),
  .UNSPECIFIED.,.F.,.F.,(4,4),(0.E+000,1.),.PIECEWISE_BEZIER_KNOTS.);
#2874 = CARTESIAN_POINT('',(-3.558070070422,5.099999367,-11.53036089296)
  );
#2875 = CARTESIAN_POINT('',(-3.548855683357,5.099999367,-11.53183519489)
  );
#2876 = CARTESIAN_POINT('',(-3.539577307494,5.099999367,-11.52908111698)
  );
#2877 = CARTESIAN_POINT('',(-3.532602528396,5.099999367,-11.52287420347)
  );
#2878 = B_SPLINE_SURFACE_WITH_KNOTS('',3,1,(
    (#2879,#2880)
    ,(#2881,#2882)
    ,(#2883,#2884)
    ,(#2885,#2886
    )),.UNSPECIFIED.,.F.,.F.,.F.,(4,4),(2,2),(0.E+000,1.),(-3.E-003,
    0.E+000),.PIECEWISE_BEZIER_KNOTS.);
#2879 = CARTESIAN_POINT('',(-3.558070070422,5.102999367,-11.53036089296)
  );
#2880 = CARTESIAN_POINT('',(-3.558070070422,5.099999367,-11.53036089296)
  );
#2881 = CARTESIAN_POINT('',(-3.548855683357,5.102999367,-11.53183519489)
  );
#2882 = CARTESIAN_POINT('',(-3.548855683357,5.099999367,-11.53183519489)
  );
#2883 = CARTESIAN_POINT('',(-3.539577307494,5.102999367,-11.52908111698)
  );
#2884 = CARTESIAN_POINT('',(-3.539577307494,5.099999367,-11.52908111698)
  );
#2885 = CARTESIAN_POINT('',(-3.532602528396,5.102999367,-11.52287420347)
  );
#2886 = CARTESIAN_POINT('',(-3.532602528396,5.099999367,-11.52287420347)
  );
#2887 = ADVANCED_FACE('',(#2888),#2914,.F.);
#2888 = FACE_BOUND('',#2889,.F.);
#2889 = EDGE_LOOP('',(#2890,#2891,#2900,#2907));
#2890 = ORIENTED_EDGE('',*,*,#2865,.T.);
#2891 = ORIENTED_EDGE('',*,*,#2892,.T.);
#2892 = EDGE_CURVE('',#2857,#2893,#2895,.T.);
#2893 = VERTEX_POINT('',#2894);
#2894 = CARTESIAN_POINT('',(-3.52210836535,5.102999367,-11.49811053823)
  );
#2895 = B_SPLINE_CURVE_WITH_KNOTS('',3,(#2896,#2897,#2898,#2899),
  .UNSPECIFIED.,.F.,.F.,(4,4),(0.E+000,1.),.PIECEWISE_BEZIER_KNOTS.);
#2896 = CARTESIAN_POINT('',(-3.532602528396,5.102999367,-11.52287420347)
  );
#2897 = CARTESIAN_POINT('',(-3.5255637605,5.102999367,-11.51660330116));
#2898 = CARTESIAN_POINT('',(-3.521852410154,5.102999367,-11.50764486929)
  );
#2899 = CARTESIAN_POINT('',(-3.52210836535,5.102999367,-11.49811053823)
  );
#2900 = ORIENTED_EDGE('',*,*,#2901,.F.);
#2901 = EDGE_CURVE('',#2902,#2893,#2904,.T.);
#2902 = VERTEX_POINT('',#2903);
#2903 = CARTESIAN_POINT('',(-3.52210836535,5.099999367,-11.49811053823)
  );
#2904 = B_SPLINE_CURVE_WITH_KNOTS('',1,(#2905,#2906),.UNSPECIFIED.,.F.,
  .F.,(2,2),(0.E+000,3.E-003),.PIECEWISE_BEZIER_KNOTS.);
#2905 = CARTESIAN_POINT('',(-3.52210836535,5.099999367,-11.49811053823)
  );
#2906 = CARTESIAN_POINT('',(-3.52210836535,5.102999367,-11.49811053823)
  );
#2907 = ORIENTED_EDGE('',*,*,#2908,.F.);
#2908 = EDGE_CURVE('',#2866,#2902,#2909,.T.);
#2909 = B_SPLINE_CURVE_WITH_KNOTS('',3,(#2910,#2911,#2912,#2913),
  .UNSPECIFIED.,.F.,.F.,(4,4),(0.E+000,1.),.PIECEWISE_BEZIER_KNOTS.);
#2910 = CARTESIAN_POINT('',(-3.532602528396,5.099999367,-11.52287420347)
  );
#2911 = CARTESIAN_POINT('',(-3.5255637605,5.099999367,-11.51660330116));
#2912 = CARTESIAN_POINT('',(-3.521852410154,5.099999367,-11.50764486929)
  );
#2913 = CARTESIAN_POINT('',(-3.52210836535,5.099999367,-11.49811053823)
  );
#2914 = B_SPLINE_SURFACE_WITH_KNOTS('',3,1,(
    (#2915,#2916)
    ,(#2917,#2918)
    ,(#2919,#2920)
    ,(#2921,#2922
    )),.UNSPECIFIED.,.F.,.F.,.F.,(4,4),(2,2),(0.E+000,1.),(-3.E-003,
    0.E+000),.PIECEWISE_BEZIER_KNOTS.);
#2915 = CARTESIAN_POINT('',(-3.532602528396,5.102999367,-11.52287420347)
  );
#2916 = CARTESIAN_POINT('',(-3.532602528396,5.099999367,-11.52287420347)
  );
#2917 = CARTESIAN_POINT('',(-3.5255637605,5.102999367,-11.51660330116));
#2918 = CARTESIAN_POINT('',(-3.5255637605,5.099999367,-11.51660330116));
#2919 = CARTESIAN_POINT('',(-3.521852410154,5.102999367,-11.50764486929)
  );
#2920 = CARTESIAN_POINT('',(-3.521852410154,5.099999367,-11.50764486929)
  );
#2921 = CARTESIAN_POINT('',(-3.52210836535,5.102999367,-11.49811053823)
  );
#2922 = CARTESIAN_POINT('',(-3.52210836535,5.099999367,-11.49811053823)
  );
#2923 = ADVANCED_FACE('',(#2924),#2950,.F.);
#2924 = FACE_BOUND('',#2925,.F.);
#2925 = EDGE_LOOP('',(#2926,#2927,#2936,#2943));
#2926 = ORIENTED_EDGE('',*,*,#2901,.T.);
#2927 = ORIENTED_EDGE('',*,*,#2928,.T.);
#2928 = EDGE_CURVE('',#2893,#2929,#2931,.T.);
#2929 = VERTEX_POINT('',#2930);
#2930 = CARTESIAN_POINT('',(-3.52210836535,5.102999367,-11.48384103604)
  );
#2931 = B_SPLINE_CURVE_WITH_KNOTS('',3,(#2932,#2933,#2934,#2935),
  .UNSPECIFIED.,.F.,.F.,(4,4),(0.E+000,1.),.PIECEWISE_BEZIER_KNOTS.);
#2932 = CARTESIAN_POINT('',(-3.52210836535,5.102999367,-11.49811053823)
  );
#2933 = CARTESIAN_POINT('',(-3.521340499763,5.102999367,-11.4933753671)
  );
#2934 = CARTESIAN_POINT('',(-3.521340499763,5.102999367,-11.48864019597)
  );
#2935 = CARTESIAN_POINT('',(-3.52210836535,5.102999367,-11.48384103604)
  );
#2936 = ORIENTED_EDGE('',*,*,#2937,.F.);
#2937 = EDGE_CURVE('',#2938,#2929,#2940,.T.);
#2938 = VERTEX_POINT('',#2939);
#2939 = CARTESIAN_POINT('',(-3.52210836535,5.099999367,-11.48384103604)
  );
#2940 = B_SPLINE_CURVE_WITH_KNOTS('',1,(#2941,#2942),.UNSPECIFIED.,.F.,
  .F.,(2,2),(0.E+000,3.E-003),.PIECEWISE_BEZIER_KNOTS.);
#2941 = CARTESIAN_POINT('',(-3.52210836535,5.099999367,-11.48384103604)
  );
#2942 = CARTESIAN_POINT('',(-3.52210836535,5.102999367,-11.48384103604)
  );
#2943 = ORIENTED_EDGE('',*,*,#2944,.F.);
#2944 = EDGE_CURVE('',#2902,#2938,#2945,.T.);
#2945 = B_SPLINE_CURVE_WITH_KNOTS('',3,(#2946,#2947,#2948,#2949),
  .UNSPECIFIED.,.F.,.F.,(4,4),(0.E+000,1.),.PIECEWISE_BEZIER_KNOTS.);
#2946 = CARTESIAN_POINT('',(-3.52210836535,5.099999367,-11.49811053823)
  );
#2947 = CARTESIAN_POINT('',(-3.521340499763,5.099999367,-11.4933753671)
  );
#2948 = CARTESIAN_POINT('',(-3.521340499763,5.099999367,-11.48864019597)
  );
#2949 = CARTESIAN_POINT('',(-3.52210836535,5.099999367,-11.48384103604)
  );
#2950 = B_SPLINE_SURFACE_WITH_KNOTS('',3,1,(
    (#2951,#2952)
    ,(#2953,#2954)
    ,(#2955,#2956)
    ,(#2957,#2958
    )),.UNSPECIFIED.,.F.,.F.,.F.,(4,4),(2,2),(0.E+000,1.),(-3.E-003,
    0.E+000),.PIECEWISE_BEZIER_KNOTS.);
#2951 = CARTESIAN_POINT('',(-3.52210836535,5.102999367,-11.49811053823)
  );
#2952 = CARTESIAN_POINT('',(-3.52210836535,5.099999367,-11.49811053823)
  );
#2953 = CARTESIAN_POINT('',(-3.521340499763,5.102999367,-11.4933753671)
  );
#2954 = CARTESIAN_POINT('',(-3.521340499763,5.099999367,-11.4933753671)
  );
#2955 = CARTESIAN_POINT('',(-3.521340499763,5.102999367,-11.48864019597)
  );
#2956 = CARTESIAN_POINT('',(-3.521340499763,5.099999367,-11.48864019597)
  );
#2957 = CARTESIAN_POINT('',(-3.52210836535,5.102999367,-11.48384103604)
  );
#2958 = CARTESIAN_POINT('',(-3.52210836535,5.099999367,-11.48384103604)
  );
#2959 = ADVANCED_FACE('',(#2960),#2982,.F.);
#2960 = FACE_BOUND('',#2961,.F.);
#2961 = EDGE_LOOP('',(#2962,#2963,#2970,#2977));
#2962 = ORIENTED_EDGE('',*,*,#2937,.T.);
#2963 = ORIENTED_EDGE('',*,*,#2964,.T.);
#2964 = EDGE_CURVE('',#2929,#2965,#2967,.T.);
#2965 = VERTEX_POINT('',#2966);
#2966 = CARTESIAN_POINT('',(-3.618091563939,5.102999367,-11.48384103604)
  );
#2967 = B_SPLINE_CURVE_WITH_KNOTS('',1,(#2968,#2969),.UNSPECIFIED.,.F.,
  .F.,(2,2),(0.E+000,1.875),.PIECEWISE_BEZIER_KNOTS.);
#2968 = CARTESIAN_POINT('',(-3.52210836535,5.102999367,-11.48384103604)
  );
#2969 = CARTESIAN_POINT('',(-3.618091563939,5.102999367,-11.48384103604)
  );
#2970 = ORIENTED_EDGE('',*,*,#2971,.F.);
#2971 = EDGE_CURVE('',#2972,#2965,#2974,.T.);
#2972 = VERTEX_POINT('',#2973);
#2973 = CARTESIAN_POINT('',(-3.618091563939,5.099999367,-11.48384103604)
  );
#2974 = B_SPLINE_CURVE_WITH_KNOTS('',1,(#2975,#2976),.UNSPECIFIED.,.F.,
  .F.,(2,2),(0.E+000,3.E-003),.PIECEWISE_BEZIER_KNOTS.);
#2975 = CARTESIAN_POINT('',(-3.618091563939,5.099999367,-11.48384103604)
  );
#2976 = CARTESIAN_POINT('',(-3.618091563939,5.102999367,-11.48384103604)
  );
#2977 = ORIENTED_EDGE('',*,*,#2978,.F.);
#2978 = EDGE_CURVE('',#2938,#2972,#2979,.T.);
#2979 = B_SPLINE_CURVE_WITH_KNOTS('',1,(#2980,#2981),.UNSPECIFIED.,.F.,
  .F.,(2,2),(0.E+000,1.875),.PIECEWISE_BEZIER_KNOTS.);
#2980 = CARTESIAN_POINT('',(-3.52210836535,5.099999367,-11.48384103604)
  );
#2981 = CARTESIAN_POINT('',(-3.618091563939,5.099999367,-11.48384103604)
  );
#2982 = B_SPLINE_SURFACE_WITH_KNOTS('',1,1,(
    (#2983,#2984)
    ,(#2985,#2986
    )),.UNSPECIFIED.,.F.,.F.,.F.,(2,2),(2,2),(0.E+000,1.875),(-3.E-003,
    0.E+000),.PIECEWISE_BEZIER_KNOTS.);
#2983 = CARTESIAN_POINT('',(-3.52210836535,5.102999367,-11.48384103604)
  );
#2984 = CARTESIAN_POINT('',(-3.52210836535,5.099999367,-11.48384103604)
  );
#2985 = CARTESIAN_POINT('',(-3.618091563939,5.102999367,-11.48384103604)
  );
#2986 = CARTESIAN_POINT('',(-3.618091563939,5.099999367,-11.48384103604)
  );
#2987 = ADVANCED_FACE('',(#2988),#3020,.F.);
#2988 = FACE_BOUND('',#2989,.F.);
#2989 = EDGE_LOOP('',(#2990,#2991,#2996,#3003,#3010,#3015));
#2990 = ORIENTED_EDGE('',*,*,#2971,.T.);
#2991 = ORIENTED_EDGE('',*,*,#2992,.T.);
#2992 = EDGE_CURVE('',#2965,#2814,#2993,.T.);
#2993 = B_SPLINE_CURVE_WITH_KNOTS('',1,(#2994,#2995),.UNSPECIFIED.,.F.,
  .F.,(2,2),(0.E+000,4.072935059635E-002),.PIECEWISE_BEZIER_KNOTS.);
#2994 = CARTESIAN_POINT('',(-3.618091563939,5.102999367,-11.48384103604)
  );
#2995 = CARTESIAN_POINT('',(-3.619565865869,5.102999367,-11.48236673411)
  );
#2996 = ORIENTED_EDGE('',*,*,#2997,.F.);
#2997 = EDGE_CURVE('',#2998,#2814,#3000,.T.);
#2998 = VERTEX_POINT('',#2999);
#2999 = CARTESIAN_POINT('',(-3.619565865869,5.102999367,-11.48236673411)
  );
#3000 = B_SPLINE_CURVE_WITH_KNOTS('',1,(#3001,#3002),.UNSPECIFIED.,.F.,
  .F.,(2,2),(0.E+000,7.0710678121E-005),.PIECEWISE_BEZIER_KNOTS.);
#3001 = CARTESIAN_POINT('',(-3.619565865869,5.102999367,-11.48236673411)
  );
#3002 = CARTESIAN_POINT('',(-3.619563306318,5.102999367,-11.48236929366)
  );
#3003 = ORIENTED_EDGE('',*,*,#3004,.F.);
#3004 = EDGE_CURVE('',#3005,#2998,#3007,.T.);
#3005 = VERTEX_POINT('',#3006);
#3006 = CARTESIAN_POINT('',(-3.619565865869,5.099999367,-11.48236673411)
  );
#3007 = B_SPLINE_CURVE_WITH_KNOTS('',1,(#3008,#3009),.UNSPECIFIED.,.F.,
  .F.,(2,2),(0.E+000,3.E-003),.PIECEWISE_BEZIER_KNOTS.);
#3008 = CARTESIAN_POINT('',(-3.619565865869,5.099999367,-11.48236673411)
  );
#3009 = CARTESIAN_POINT('',(-3.619565865869,5.102999367,-11.48236673411)
  );
#3010 = ORIENTED_EDGE('',*,*,#3011,.T.);
#3011 = EDGE_CURVE('',#3005,#2812,#3012,.T.);
#3012 = B_SPLINE_CURVE_WITH_KNOTS('',1,(#3013,#3014),.UNSPECIFIED.,.F.,
  .F.,(2,2),(0.E+000,7.0710678121E-005),.PIECEWISE_BEZIER_KNOTS.);
#3013 = CARTESIAN_POINT('',(-3.619565865869,5.099999367,-11.48236673411)
  );
#3014 = CARTESIAN_POINT('',(-3.619563306318,5.099999367,-11.48236929366)
  );
#3015 = ORIENTED_EDGE('',*,*,#3016,.F.);
#3016 = EDGE_CURVE('',#2972,#2812,#3017,.T.);
#3017 = B_SPLINE_CURVE_WITH_KNOTS('',1,(#3018,#3019),.UNSPECIFIED.,.F.,
  .F.,(2,2),(0.E+000,4.072935059635E-002),.PIECEWISE_BEZIER_KNOTS.);
#3018 = CARTESIAN_POINT('',(-3.618091563939,5.099999367,-11.48384103604)
  );
#3019 = CARTESIAN_POINT('',(-3.619565865869,5.099999367,-11.48236673411)
  );
#3020 = B_SPLINE_SURFACE_WITH_KNOTS('',1,1,(
    (#3021,#3022)
    ,(#3023,#3024
    )),.UNSPECIFIED.,.F.,.F.,.F.,(2,2),(2,2),(0.E+000,
    4.072935059635E-002),(-3.E-003,0.E+000),.PIECEWISE_BEZIER_KNOTS.);
#3021 = CARTESIAN_POINT('',(-3.618091563939,5.102999367,-11.48384103604)
  );
#3022 = CARTESIAN_POINT('',(-3.618091563939,5.099999367,-11.48384103604)
  );
#3023 = CARTESIAN_POINT('',(-3.619565865869,5.102999367,-11.48236673411)
  );
#3024 = CARTESIAN_POINT('',(-3.619565865869,5.099999367,-11.48236673411)
  );
#3025 = ADVANCED_FACE('',(#3026),#3032,.F.);
#3026 = FACE_BOUND('',#3027,.F.);
#3027 = EDGE_LOOP('',(#3028,#3029,#3030,#3031));
#3028 = ORIENTED_EDGE('',*,*,#3004,.T.);
#3029 = ORIENTED_EDGE('',*,*,#2997,.T.);
#3030 = ORIENTED_EDGE('',*,*,#2811,.F.);
#3031 = ORIENTED_EDGE('',*,*,#3011,.F.);
#3032 = B_SPLINE_SURFACE_WITH_KNOTS('',1,1,(
    (#3033,#3034)
    ,(#3035,#3036
    )),.UNSPECIFIED.,.F.,.F.,.F.,(2,2),(2,2),(0.E+000,7.0710678121E-005)
  ,(-3.E-003,0.E+000),.PIECEWISE_BEZIER_KNOTS.);
#3033 = CARTESIAN_POINT('',(-3.619565865869,5.102999367,-11.48236673411)
  );
#3034 = CARTESIAN_POINT('',(-3.619565865869,5.099999367,-11.48236673411)
  );
#3035 = CARTESIAN_POINT('',(-3.619563306318,5.102999367,-11.48236929366)
  );
#3036 = CARTESIAN_POINT('',(-3.619563306318,5.099999367,-11.48236929366)
  );
#3037 = ADVANCED_FACE('',(#3038,#3053),#3061,.F.);
#3038 = FACE_BOUND('',#3039,.F.);
#3039 = EDGE_LOOP('',(#3040,#3041,#3042,#3043,#3044,#3045,#3046,#3047,
    #3048,#3049,#3050,#3051,#3052));
#3040 = ORIENTED_EDGE('',*,*,#2390,.T.);
#3041 = ORIENTED_EDGE('',*,*,#2420,.T.);
#3042 = ORIENTED_EDGE('',*,*,#2456,.T.);
#3043 = ORIENTED_EDGE('',*,*,#2492,.T.);
#3044 = ORIENTED_EDGE('',*,*,#2528,.T.);
#3045 = ORIENTED_EDGE('',*,*,#2564,.T.);
#3046 = ORIENTED_EDGE('',*,*,#2600,.T.);
#3047 = ORIENTED_EDGE('',*,*,#2636,.T.);
#3048 = ORIENTED_EDGE('',*,*,#2670,.T.);
#3049 = ORIENTED_EDGE('',*,*,#2700,.T.);
#3050 = ORIENTED_EDGE('',*,*,#2736,.T.);
#3051 = ORIENTED_EDGE('',*,*,#2772,.T.);
#3052 = ORIENTED_EDGE('',*,*,#2798,.T.);
#3053 = FACE_BOUND('',#3054,.F.);
#3054 = EDGE_LOOP('',(#3055,#3056,#3057,#3058,#3059,#3060));
#3055 = ORIENTED_EDGE('',*,*,#2836,.T.);
#3056 = ORIENTED_EDGE('',*,*,#2872,.T.);
#3057 = ORIENTED_EDGE('',*,*,#2908,.T.);
#3058 = ORIENTED_EDGE('',*,*,#2944,.T.);
#3059 = ORIENTED_EDGE('',*,*,#2978,.T.);
#3060 = ORIENTED_EDGE('',*,*,#3016,.T.);
#3061 = B_SPLINE_SURFACE_WITH_KNOTS('',1,1,(
    (#3062,#3063)
    ,(#3064,#3065
    )),.UNSPECIFIED.,.F.,.F.,.F.,(2,2),(2,2),(15.970002360224,
    24.778720752607),(-36.57538795842,-27.37064999853),
  .PIECEWISE_BEZIER_KNOTS.);
#3062 = CARTESIAN_POINT('',(-3.684831881358,5.099999367,-11.34837674843)
  );
#3063 = CARTESIAN_POINT('',(-3.684831881358,5.099999367,-11.58033614502)
  );
#3064 = CARTESIAN_POINT('',(-3.462852177871,5.099999367,-11.34837674843)
  );
#3065 = CARTESIAN_POINT('',(-3.462852177871,5.099999367,-11.58033614502)
  );
#3066 = ADVANCED_FACE('',(#3067,#3082),#3090,.T.);
#3067 = FACE_BOUND('',#3068,.T.);
#3068 = EDGE_LOOP('',(#3069,#3070,#3071,#3072,#3073,#3074,#3075,#3076,
    #3077,#3078,#3079,#3080,#3081));
#3069 = ORIENTED_EDGE('',*,*,#2376,.T.);
#3070 = ORIENTED_EDGE('',*,*,#2404,.T.);
#3071 = ORIENTED_EDGE('',*,*,#2440,.T.);
#3072 = ORIENTED_EDGE('',*,*,#2476,.T.);
#3073 = ORIENTED_EDGE('',*,*,#2512,.T.);
#3074 = ORIENTED_EDGE('',*,*,#2548,.T.);
#3075 = ORIENTED_EDGE('',*,*,#2584,.T.);
#3076 = ORIENTED_EDGE('',*,*,#2620,.T.);
#3077 = ORIENTED_EDGE('',*,*,#2656,.T.);
#3078 = ORIENTED_EDGE('',*,*,#2684,.T.);
#3079 = ORIENTED_EDGE('',*,*,#2720,.T.);
#3080 = ORIENTED_EDGE('',*,*,#2756,.T.);
#3081 = ORIENTED_EDGE('',*,*,#2792,.T.);
#3082 = FACE_BOUND('',#3083,.T.);
#3083 = EDGE_LOOP('',(#3084,#3085,#3086,#3087,#3088,#3089));
#3084 = ORIENTED_EDGE('',*,*,#2820,.T.);
#3085 = ORIENTED_EDGE('',*,*,#2856,.T.);
#3086 = ORIENTED_EDGE('',*,*,#2892,.T.);
#3087 = ORIENTED_EDGE('',*,*,#2928,.T.);
#3088 = ORIENTED_EDGE('',*,*,#2964,.T.);
#3089 = ORIENTED_EDGE('',*,*,#2992,.T.);
#3090 = B_SPLINE_SURFACE_WITH_KNOTS('',1,1,(
    (#3091,#3092)
    ,(#3093,#3094
    )),.UNSPECIFIED.,.F.,.F.,.F.,(2,2),(2,2),(15.970002360224,
    24.778720752607),(-36.57538795842,-27.37064999853),
  .PIECEWISE_BEZIER_KNOTS.);
#3091 = CARTESIAN_POINT('',(-3.684831881358,5.102999367,-11.34837674843)
  );
#3092 = CARTESIAN_POINT('',(-3.684831881358,5.102999367,-11.58033614502)
  );
#3093 = CARTESIAN_POINT('',(-3.462852177871,5.102999367,-11.34837674843)
  );
#3094 = CARTESIAN_POINT('',(-3.462852177871,5.102999367,-11.58033614502)
  );
#3095 = MANIFOLD_SOLID_BREP('',#3096);
#3096 = CLOSED_SHELL('',(#3097,#3141,#3169,#3205,#3241,#3277,#3313,#3341
    ,#3369,#3397,#3425,#3453,#3481,#3509,#3537,#3565,#3593,#3621,#3657,
    #3693,#3729,#3757,#3777,#3807));
#3097 = ADVANCED_FACE('',(#3098),#3132,.F.);
#3098 = FACE_BOUND('',#3099,.F.);
#3099 = EDGE_LOOP('',(#3100,#3109,#3118,#3125));
#3100 = ORIENTED_EDGE('',*,*,#3101,.T.);
#3101 = EDGE_CURVE('',#3102,#3104,#3106,.T.);
#3102 = VERTEX_POINT('',#3103);
#3103 = CARTESIAN_POINT('',(-2.485715121543,5.099999367,-11.35186057314)
  );
#3104 = VERTEX_POINT('',#3105);
#3105 = CARTESIAN_POINT('',(-2.485715121543,5.102999367,-11.35186057314)
  );
#3106 = B_SPLINE_CURVE_WITH_KNOTS('',1,(#3107,#3108),.UNSPECIFIED.,.F.,
  .F.,(2,2),(0.E+000,3.E-003),.PIECEWISE_BEZIER_KNOTS.);
#3107 = CARTESIAN_POINT('',(-2.485715121543,5.099999367,-11.35186057314)
  );
#3108 = CARTESIAN_POINT('',(-2.485715121543,5.102999367,-11.35186057314)
  );
#3109 = ORIENTED_EDGE('',*,*,#3110,.T.);
#3110 = EDGE_CURVE('',#3104,#3111,#3113,.T.);
#3111 = VERTEX_POINT('',#3112);
#3112 = CARTESIAN_POINT('',(-2.442297381228,5.102999367,-11.3609211126)
  );
#3113 = B_SPLINE_CURVE_WITH_KNOTS('',3,(#3114,#3115,#3116,#3117),
  .UNSPECIFIED.,.F.,.F.,(4,4),(0.E+000,1.),.PIECEWISE_BEZIER_KNOTS.);
#3114 = CARTESIAN_POINT('',(-2.485715121543,5.102999367,-11.35186057314)
  );
#3115 = CARTESIAN_POINT('',(-2.471988183991,5.102999367,-11.35164273674)
  );
#3116 = CARTESIAN_POINT('',(-2.456502894619,5.102999367,-11.35465276985)
  );
#3117 = CARTESIAN_POINT('',(-2.442297381228,5.102999367,-11.3609211126)
  );
#3118 = ORIENTED_EDGE('',*,*,#3119,.F.);
#3119 = EDGE_CURVE('',#3120,#3111,#3122,.T.);
#3120 = VERTEX_POINT('',#3121);
#3121 = CARTESIAN_POINT('',(-2.442297381228,5.099999367,-11.3609211126)
  );
#3122 = B_SPLINE_CURVE_WITH_KNOTS('',1,(#3123,#3124),.UNSPECIFIED.,.F.,
  .F.,(2,2),(0.E+000,3.E-003),.PIECEWISE_BEZIER_KNOTS.);
#3123 = CARTESIAN_POINT('',(-2.442297381228,5.099999367,-11.3609211126)
  );
#3124 = CARTESIAN_POINT('',(-2.442297381228,5.102999367,-11.3609211126)
  );
#3125 = ORIENTED_EDGE('',*,*,#3126,.F.);
#3126 = EDGE_CURVE('',#3102,#3120,#3127,.T.);
#3127 = B_SPLINE_CURVE_WITH_KNOTS('',3,(#3128,#3129,#3130,#3131),
  .UNSPECIFIED.,.F.,.F.,(4,4),(0.E+000,1.),.PIECEWISE_BEZIER_KNOTS.);
#3128 = CARTESIAN_POINT('',(-2.485715121543,5.099999367,-11.35186057314)
  );
#3129 = CARTESIAN_POINT('',(-2.471988183991,5.099999367,-11.35164273674)
  );
#3130 = CARTESIAN_POINT('',(-2.456502894619,5.099999367,-11.35465276985)
  );
#3131 = CARTESIAN_POINT('',(-2.442297381228,5.099999367,-11.3609211126)
  );
#3132 = B_SPLINE_SURFACE_WITH_KNOTS('',3,1,(
    (#3133,#3134)
    ,(#3135,#3136)
    ,(#3137,#3138)
    ,(#3139,#3140
    )),.UNSPECIFIED.,.F.,.F.,.F.,(4,4),(2,2),(0.E+000,1.),(-3.E-003,
    0.E+000),.PIECEWISE_BEZIER_KNOTS.);
#3133 = CARTESIAN_POINT('',(-2.485715121543,5.102999367,-11.35186057314)
  );
#3134 = CARTESIAN_POINT('',(-2.485715121543,5.099999367,-11.35186057314)
  );
#3135 = CARTESIAN_POINT('',(-2.471988183991,5.102999367,-11.35164273674)
  );
#3136 = CARTESIAN_POINT('',(-2.471988183991,5.099999367,-11.35164273674)
  );
#3137 = CARTESIAN_POINT('',(-2.456502894619,5.102999367,-11.35465276985)
  );
#3138 = CARTESIAN_POINT('',(-2.456502894619,5.099999367,-11.35465276985)
  );
#3139 = CARTESIAN_POINT('',(-2.442297381228,5.102999367,-11.3609211126)
  );
#3140 = CARTESIAN_POINT('',(-2.442297381228,5.099999367,-11.3609211126)
  );
#3141 = ADVANCED_FACE('',(#3142),#3164,.F.);
#3142 = FACE_BOUND('',#3143,.F.);
#3143 = EDGE_LOOP('',(#3144,#3145,#3152,#3159));
#3144 = ORIENTED_EDGE('',*,*,#3119,.T.);
#3145 = ORIENTED_EDGE('',*,*,#3146,.T.);
#3146 = EDGE_CURVE('',#3111,#3147,#3149,.T.);
#3147 = VERTEX_POINT('',#3148);
#3148 = CARTESIAN_POINT('',(-2.428027879037,5.102999367,-11.41364788303)
  );
#3149 = B_SPLINE_CURVE_WITH_KNOTS('',1,(#3150,#3151),.UNSPECIFIED.,.F.,
  .F.,(2,2),(0.E+000,1.067052745885),.PIECEWISE_BEZIER_KNOTS.);
#3150 = CARTESIAN_POINT('',(-2.442297381228,5.102999367,-11.3609211126)
  );
#3151 = CARTESIAN_POINT('',(-2.428027879037,5.102999367,-11.41364788303)
  );
#3152 = ORIENTED_EDGE('',*,*,#3153,.F.);
#3153 = EDGE_CURVE('',#3154,#3147,#3156,.T.);
#3154 = VERTEX_POINT('',#3155);
#3155 = CARTESIAN_POINT('',(-2.428027879037,5.099999367,-11.41364788303)
  );
#3156 = B_SPLINE_CURVE_WITH_KNOTS('',1,(#3157,#3158),.UNSPECIFIED.,.F.,
  .F.,(2,2),(0.E+000,3.E-003),.PIECEWISE_BEZIER_KNOTS.);
#3157 = CARTESIAN_POINT('',(-2.428027879037,5.099999367,-11.41364788303)
  );
#3158 = CARTESIAN_POINT('',(-2.428027879037,5.102999367,-11.41364788303)
  );
#3159 = ORIENTED_EDGE('',*,*,#3160,.F.);
#3160 = EDGE_CURVE('',#3120,#3154,#3161,.T.);
#3161 = B_SPLINE_CURVE_WITH_KNOTS('',1,(#3162,#3163),.UNSPECIFIED.,.F.,
  .F.,(2,2),(0.E+000,1.067052745885),.PIECEWISE_BEZIER_KNOTS.);
#3162 = CARTESIAN_POINT('',(-2.442297381228,5.099999367,-11.3609211126)
  );
#3163 = CARTESIAN_POINT('',(-2.428027879037,5.099999367,-11.41364788303)
  );
#3164 = B_SPLINE_SURFACE_WITH_KNOTS('',1,1,(
    (#3165,#3166)
    ,(#3167,#3168
    )),.UNSPECIFIED.,.F.,.F.,.F.,(2,2),(2,2),(0.E+000,1.067052745885),(
    -3.E-003,0.E+000),.PIECEWISE_BEZIER_KNOTS.);
#3165 = CARTESIAN_POINT('',(-2.442297381228,5.102999367,-11.3609211126)
  );
#3166 = CARTESIAN_POINT('',(-2.442297381228,5.099999367,-11.3609211126)
  );
#3167 = CARTESIAN_POINT('',(-2.428027879037,5.102999367,-11.41364788303)
  );
#3168 = CARTESIAN_POINT('',(-2.428027879037,5.099999367,-11.41364788303)
  );
#3169 = ADVANCED_FACE('',(#3170),#3196,.F.);
#3170 = FACE_BOUND('',#3171,.F.);
#3171 = EDGE_LOOP('',(#3172,#3173,#3182,#3189));
#3172 = ORIENTED_EDGE('',*,*,#3153,.T.);
#3173 = ORIENTED_EDGE('',*,*,#3174,.T.);
#3174 = EDGE_CURVE('',#3147,#3175,#3177,.T.);
#3175 = VERTEX_POINT('',#3176);
#3176 = CARTESIAN_POINT('',(-2.460022278568,5.102999367,-11.40660911513)
  );
#3177 = B_SPLINE_CURVE_WITH_KNOTS('',3,(#3178,#3179,#3180,#3181),
  .UNSPECIFIED.,.F.,.F.,(4,4),(0.E+000,1.),.PIECEWISE_BEZIER_KNOTS.);
#3178 = CARTESIAN_POINT('',(-2.428027879037,5.102999367,-11.41364788303)
  );
#3179 = CARTESIAN_POINT('',(-2.438010131691,5.102999367,-11.40910211874)
  );
#3180 = CARTESIAN_POINT('',(-2.449016205129,5.102999367,-11.40686507033)
  );
#3181 = CARTESIAN_POINT('',(-2.460022278568,5.102999367,-11.40660911513)
  );
#3182 = ORIENTED_EDGE('',*,*,#3183,.F.);
#3183 = EDGE_CURVE('',#3184,#3175,#3186,.T.);
#3184 = VERTEX_POINT('',#3185);
#3185 = CARTESIAN_POINT('',(-2.460022278568,5.099999367,-11.40660911513)
  );
#3186 = B_SPLINE_CURVE_WITH_KNOTS('',1,(#3187,#3188),.UNSPECIFIED.,.F.,
  .F.,(2,2),(0.E+000,3.E-003),.PIECEWISE_BEZIER_KNOTS.);
#3187 = CARTESIAN_POINT('',(-2.460022278568,5.099999367,-11.40660911513)
  );
#3188 = CARTESIAN_POINT('',(-2.460022278568,5.102999367,-11.40660911513)
  );
#3189 = ORIENTED_EDGE('',*,*,#3190,.F.);
#3190 = EDGE_CURVE('',#3154,#3184,#3191,.T.);
#3191 = B_SPLINE_CURVE_WITH_KNOTS('',3,(#3192,#3193,#3194,#3195),
  .UNSPECIFIED.,.F.,.F.,(4,4),(0.E+000,1.),.PIECEWISE_BEZIER_KNOTS.);
#3192 = CARTESIAN_POINT('',(-2.428027879037,5.099999367,-11.41364788303)
  );
#3193 = CARTESIAN_POINT('',(-2.438010131691,5.099999367,-11.40910211874)
  );
#3194 = CARTESIAN_POINT('',(-2.449016205129,5.099999367,-11.40686507033)
  );
#3195 = CARTESIAN_POINT('',(-2.460022278568,5.099999367,-11.40660911513)
  );
#3196 = B_SPLINE_SURFACE_WITH_KNOTS('',3,1,(
    (#3197,#3198)
    ,(#3199,#3200)
    ,(#3201,#3202)
    ,(#3203,#3204
    )),.UNSPECIFIED.,.F.,.F.,.F.,(4,4),(2,2),(0.E+000,1.),(-3.E-003,
    0.E+000),.PIECEWISE_BEZIER_KNOTS.);
#3197 = CARTESIAN_POINT('',(-2.428027879037,5.102999367,-11.41364788303)
  );
#3198 = CARTESIAN_POINT('',(-2.428027879037,5.099999367,-11.41364788303)
  );
#3199 = CARTESIAN_POINT('',(-2.438010131691,5.102999367,-11.40910211874)
  );
#3200 = CARTESIAN_POINT('',(-2.438010131691,5.099999367,-11.40910211874)
  );
#3201 = CARTESIAN_POINT('',(-2.449016205129,5.102999367,-11.40686507033)
  );
#3202 = CARTESIAN_POINT('',(-2.449016205129,5.099999367,-11.40686507033)
  );
#3203 = CARTESIAN_POINT('',(-2.460022278568,5.102999367,-11.40660911513)
  );
#3204 = CARTESIAN_POINT('',(-2.460022278568,5.099999367,-11.40660911513)
  );
#3205 = ADVANCED_FACE('',(#3206),#3232,.F.);
#3206 = FACE_BOUND('',#3207,.F.);
#3207 = EDGE_LOOP('',(#3208,#3209,#3218,#3225));
#3208 = ORIENTED_EDGE('',*,*,#3183,.T.);
#3209 = ORIENTED_EDGE('',*,*,#3210,.T.);
#3210 = EDGE_CURVE('',#3175,#3211,#3213,.T.);
#3211 = VERTEX_POINT('',#3212);
#3212 = CARTESIAN_POINT('',(-2.471796217595,5.102999367,-11.4089127119)
  );
#3213 = B_SPLINE_CURVE_WITH_KNOTS('',3,(#3214,#3215,#3216,#3217),
  .UNSPECIFIED.,.F.,.F.,(4,4),(0.E+000,1.),.PIECEWISE_BEZIER_KNOTS.);
#3214 = CARTESIAN_POINT('',(-2.460022278568,5.102999367,-11.40660911513)
  );
#3215 = CARTESIAN_POINT('',(-2.463989584109,5.102999367,-11.4053958875)
  );
#3216 = CARTESIAN_POINT('',(-2.468532788843,5.102999367,-11.40635315993)
  );
#3217 = CARTESIAN_POINT('',(-2.471796217595,5.102999367,-11.4089127119)
  );
#3218 = ORIENTED_EDGE('',*,*,#3219,.F.);
#3219 = EDGE_CURVE('',#3220,#3211,#3222,.T.);
#3220 = VERTEX_POINT('',#3221);
#3221 = CARTESIAN_POINT('',(-2.471796217595,5.099999367,-11.4089127119)
  );
#3222 = B_SPLINE_CURVE_WITH_KNOTS('',1,(#3223,#3224),.UNSPECIFIED.,.F.,
  .F.,(2,2),(0.E+000,3.E-003),.PIECEWISE_BEZIER_KNOTS.);
#3223 = CARTESIAN_POINT('',(-2.471796217595,5.099999367,-11.4089127119)
  );
#3224 = CARTESIAN_POINT('',(-2.471796217595,5.102999367,-11.4089127119)
  );
#3225 = ORIENTED_EDGE('',*,*,#3226,.F.);
#3226 = EDGE_CURVE('',#3184,#3220,#3227,.T.);
#3227 = B_SPLINE_CURVE_WITH_KNOTS('',3,(#3228,#3229,#3230,#3231),
  .UNSPECIFIED.,.F.,.F.,(4,4),(0.E+000,1.),.PIECEWISE_BEZIER_KNOTS.);
#3228 = CARTESIAN_POINT('',(-2.460022278568,5.099999367,-11.40660911513)
  );
#3229 = CARTESIAN_POINT('',(-2.463989584109,5.099999367,-11.4053958875)
  );
#3230 = CARTESIAN_POINT('',(-2.468532788843,5.099999367,-11.40635315993)
  );
#3231 = CARTESIAN_POINT('',(-2.471796217595,5.099999367,-11.4089127119)
  );
#3232 = B_SPLINE_SURFACE_WITH_KNOTS('',3,1,(
    (#3233,#3234)
    ,(#3235,#3236)
    ,(#3237,#3238)
    ,(#3239,#3240
    )),.UNSPECIFIED.,.F.,.F.,.F.,(4,4),(2,2),(0.E+000,1.),(-3.E-003,
    0.E+000),.PIECEWISE_BEZIER_KNOTS.);
#3233 = CARTESIAN_POINT('',(-2.460022278568,5.102999367,-11.40660911513)
  );
#3234 = CARTESIAN_POINT('',(-2.460022278568,5.099999367,-11.40660911513)
  );
#3235 = CARTESIAN_POINT('',(-2.463989584109,5.102999367,-11.4053958875)
  );
#3236 = CARTESIAN_POINT('',(-2.463989584109,5.099999367,-11.4053958875)
  );
#3237 = CARTESIAN_POINT('',(-2.468532788843,5.102999367,-11.40635315993)
  );
#3238 = CARTESIAN_POINT('',(-2.468532788843,5.099999367,-11.40635315993)
  );
#3239 = CARTESIAN_POINT('',(-2.471796217595,5.102999367,-11.4089127119)
  );
#3240 = CARTESIAN_POINT('',(-2.471796217595,5.099999367,-11.4089127119)
  );
#3241 = ADVANCED_FACE('',(#3242),#3268,.F.);
#3242 = FACE_BOUND('',#3243,.F.);
#3243 = EDGE_LOOP('',(#3244,#3245,#3254,#3261));
#3244 = ORIENTED_EDGE('',*,*,#3219,.T.);
#3245 = ORIENTED_EDGE('',*,*,#3246,.T.);
#3246 = EDGE_CURVE('',#3211,#3247,#3249,.T.);
#3247 = VERTEX_POINT('',#3248);
#3248 = CARTESIAN_POINT('',(-2.477043299117,5.102999367,-11.41940687494)
  );
#3249 = B_SPLINE_CURVE_WITH_KNOTS('',3,(#3250,#3251,#3252,#3253),
  .UNSPECIFIED.,.F.,.F.,(4,4),(0.E+000,1.),.PIECEWISE_BEZIER_KNOTS.);
#3250 = CARTESIAN_POINT('',(-2.471796217595,5.102999367,-11.4089127119)
  );
#3251 = CARTESIAN_POINT('',(-2.474995657547,5.102999367,-11.41140571551)
  );
#3252 = CARTESIAN_POINT('',(-2.477043299117,5.102999367,-11.4153755806)
  );
#3253 = CARTESIAN_POINT('',(-2.477043299117,5.102999367,-11.41940687494)
  );
#3254 = ORIENTED_EDGE('',*,*,#3255,.F.);
#3255 = EDGE_CURVE('',#3256,#3247,#3258,.T.);
#3256 = VERTEX_POINT('',#3257);
#3257 = CARTESIAN_POINT('',(-2.477043299117,5.099999367,-11.41940687494)
  );
#3258 = B_SPLINE_CURVE_WITH_KNOTS('',1,(#3259,#3260),.UNSPECIFIED.,.F.,
  .F.,(2,2),(0.E+000,3.E-003),.PIECEWISE_BEZIER_KNOTS.);
#3259 = CARTESIAN_POINT('',(-2.477043299117,5.099999367,-11.41940687494)
  );
#3260 = CARTESIAN_POINT('',(-2.477043299117,5.102999367,-11.41940687494)
  );
#3261 = ORIENTED_EDGE('',*,*,#3262,.F.);
#3262 = EDGE_CURVE('',#3220,#3256,#3263,.T.);
#3263 = B_SPLINE_CURVE_WITH_KNOTS('',3,(#3264,#3265,#3266,#3267),
  .UNSPECIFIED.,.F.,.F.,(4,4),(0.E+000,1.),.PIECEWISE_BEZIER_KNOTS.);
#3264 = CARTESIAN_POINT('',(-2.471796217595,5.099999367,-11.4089127119)
  );
#3265 = CARTESIAN_POINT('',(-2.474995657547,5.099999367,-11.41140571551)
  );
#3266 = CARTESIAN_POINT('',(-2.477043299117,5.099999367,-11.4153755806)
  );
#3267 = CARTESIAN_POINT('',(-2.477043299117,5.099999367,-11.41940687494)
  );
#3268 = B_SPLINE_SURFACE_WITH_KNOTS('',3,1,(
    (#3269,#3270)
    ,(#3271,#3272)
    ,(#3273,#3274)
    ,(#3275,#3276
    )),.UNSPECIFIED.,.F.,.F.,.F.,(4,4),(2,2),(0.E+000,1.),(-3.E-003,
    0.E+000),.PIECEWISE_BEZIER_KNOTS.);
#3269 = CARTESIAN_POINT('',(-2.471796217595,5.102999367,-11.4089127119)
  );
#3270 = CARTESIAN_POINT('',(-2.471796217595,5.099999367,-11.4089127119)
  );
#3271 = CARTESIAN_POINT('',(-2.474995657547,5.102999367,-11.41140571551)
  );
#3272 = CARTESIAN_POINT('',(-2.474995657547,5.099999367,-11.41140571551)
  );
#3273 = CARTESIAN_POINT('',(-2.477043299117,5.102999367,-11.4153755806)
  );
#3274 = CARTESIAN_POINT('',(-2.477043299117,5.099999367,-11.4153755806)
  );
#3275 = CARTESIAN_POINT('',(-2.477043299117,5.102999367,-11.41940687494)
  );
#3276 = CARTESIAN_POINT('',(-2.477043299117,5.099999367,-11.41940687494)
  );
#3277 = ADVANCED_FACE('',(#3278),#3304,.F.);
#3278 = FACE_BOUND('',#3279,.F.);
#3279 = EDGE_LOOP('',(#3280,#3281,#3290,#3297));
#3280 = ORIENTED_EDGE('',*,*,#3255,.T.);
#3281 = ORIENTED_EDGE('',*,*,#3282,.T.);
#3282 = EDGE_CURVE('',#3247,#3283,#3285,.T.);
#3283 = VERTEX_POINT('',#3284);
#3284 = CARTESIAN_POINT('',(-2.477043299117,5.102999367,-11.4291331724)
  );
#3285 = B_SPLINE_CURVE_WITH_KNOTS('',3,(#3286,#3287,#3288,#3289),
  .UNSPECIFIED.,.F.,.F.,(4,4),(0.E+000,1.),.PIECEWISE_BEZIER_KNOTS.);
#3286 = CARTESIAN_POINT('',(-2.477043299117,5.102999367,-11.41940687494)
  );
#3287 = CARTESIAN_POINT('',(-2.477248063274,5.102999367,-11.4226063149)
  );
#3288 = CARTESIAN_POINT('',(-2.477248063274,5.102999367,-11.42586974365)
  );
#3289 = CARTESIAN_POINT('',(-2.477043299117,5.102999367,-11.4291331724)
  );
#3290 = ORIENTED_EDGE('',*,*,#3291,.F.);
#3291 = EDGE_CURVE('',#3292,#3283,#3294,.T.);
#3292 = VERTEX_POINT('',#3293);
#3293 = CARTESIAN_POINT('',(-2.477043299117,5.099999367,-11.4291331724)
  );
#3294 = B_SPLINE_CURVE_WITH_KNOTS('',1,(#3295,#3296),.UNSPECIFIED.,.F.,
  .F.,(2,2),(0.E+000,3.E-003),.PIECEWISE_BEZIER_KNOTS.);
#3295 = CARTESIAN_POINT('',(-2.477043299117,5.099999367,-11.4291331724)
  );
#3296 = CARTESIAN_POINT('',(-2.477043299117,5.102999367,-11.4291331724)
  );
#3297 = ORIENTED_EDGE('',*,*,#3298,.F.);
#3298 = EDGE_CURVE('',#3256,#3292,#3299,.T.);
#3299 = B_SPLINE_CURVE_WITH_KNOTS('',3,(#3300,#3301,#3302,#3303),
  .UNSPECIFIED.,.F.,.F.,(4,4),(0.E+000,1.),.PIECEWISE_BEZIER_KNOTS.);
#3300 = CARTESIAN_POINT('',(-2.477043299117,5.099999367,-11.41940687494)
  );
#3301 = CARTESIAN_POINT('',(-2.477248063274,5.099999367,-11.4226063149)
  );
#3302 = CARTESIAN_POINT('',(-2.477248063274,5.099999367,-11.42586974365)
  );
#3303 = CARTESIAN_POINT('',(-2.477043299117,5.099999367,-11.4291331724)
  );
#3304 = B_SPLINE_SURFACE_WITH_KNOTS('',3,1,(
    (#3305,#3306)
    ,(#3307,#3308)
    ,(#3309,#3310)
    ,(#3311,#3312
    )),.UNSPECIFIED.,.F.,.F.,.F.,(4,4),(2,2),(0.E+000,1.),(-3.E-003,
    0.E+000),.PIECEWISE_BEZIER_KNOTS.);
#3305 = CARTESIAN_POINT('',(-2.477043299117,5.102999367,-11.41940687494)
  );
#3306 = CARTESIAN_POINT('',(-2.477043299117,5.099999367,-11.41940687494)
  );
#3307 = CARTESIAN_POINT('',(-2.477248063274,5.102999367,-11.4226063149)
  );
#3308 = CARTESIAN_POINT('',(-2.477248063274,5.099999367,-11.4226063149)
  );
#3309 = CARTESIAN_POINT('',(-2.477248063274,5.102999367,-11.42586974365)
  );
#3310 = CARTESIAN_POINT('',(-2.477248063274,5.099999367,-11.42586974365)
  );
#3311 = CARTESIAN_POINT('',(-2.477043299117,5.102999367,-11.4291331724)
  );
#3312 = CARTESIAN_POINT('',(-2.477043299117,5.099999367,-11.4291331724)
  );
#3313 = ADVANCED_FACE('',(#3314),#3336,.F.);
#3314 = FACE_BOUND('',#3315,.F.);
#3315 = EDGE_LOOP('',(#3316,#3317,#3324,#3331));
#3316 = ORIENTED_EDGE('',*,*,#3291,.T.);
#3317 = ORIENTED_EDGE('',*,*,#3318,.T.);
#3318 = EDGE_CURVE('',#3283,#3319,#3321,.T.);
#3319 = VERTEX_POINT('',#3320);
#3320 = CARTESIAN_POINT('',(-2.452535589078,5.102999367,-11.52134103184)
  );
#3321 = B_SPLINE_CURVE_WITH_KNOTS('',1,(#3322,#3323),.UNSPECIFIED.,.F.,
  .F.,(2,2),(0.E+000,1.863787306803),.PIECEWISE_BEZIER_KNOTS.);
#3322 = CARTESIAN_POINT('',(-2.477043299117,5.102999367,-11.4291331724)
  );
#3323 = CARTESIAN_POINT('',(-2.452535589078,5.102999367,-11.52134103184)
  );
#3324 = ORIENTED_EDGE('',*,*,#3325,.F.);
#3325 = EDGE_CURVE('',#3326,#3319,#3328,.T.);
#3326 = VERTEX_POINT('',#3327);
#3327 = CARTESIAN_POINT('',(-2.452535589078,5.099999367,-11.52134103184)
  );
#3328 = B_SPLINE_CURVE_WITH_KNOTS('',1,(#3329,#3330),.UNSPECIFIED.,.F.,
  .F.,(2,2),(0.E+000,3.E-003),.PIECEWISE_BEZIER_KNOTS.);
#3329 = CARTESIAN_POINT('',(-2.452535589078,5.099999367,-11.52134103184)
  );
#3330 = CARTESIAN_POINT('',(-2.452535589078,5.102999367,-11.52134103184)
  );
#3331 = ORIENTED_EDGE('',*,*,#3332,.F.);
#3332 = EDGE_CURVE('',#3292,#3326,#3333,.T.);
#3333 = B_SPLINE_CURVE_WITH_KNOTS('',1,(#3334,#3335),.UNSPECIFIED.,.F.,
  .F.,(2,2),(0.E+000,1.863787306803),.PIECEWISE_BEZIER_KNOTS.);
#3334 = CARTESIAN_POINT('',(-2.477043299117,5.099999367,-11.4291331724)
  );
#3335 = CARTESIAN_POINT('',(-2.452535589078,5.099999367,-11.52134103184)
  );
#3336 = B_SPLINE_SURFACE_WITH_KNOTS('',1,1,(
    (#3337,#3338)
    ,(#3339,#3340
    )),.UNSPECIFIED.,.F.,.F.,.F.,(2,2),(2,2),(0.E+000,1.863787306803),(
    -3.E-003,0.E+000),.PIECEWISE_BEZIER_KNOTS.);
#3337 = CARTESIAN_POINT('',(-2.477043299117,5.102999367,-11.4291331724)
  );
#3338 = CARTESIAN_POINT('',(-2.477043299117,5.099999367,-11.4291331724)
  );
#3339 = CARTESIAN_POINT('',(-2.452535589078,5.102999367,-11.52134103184)
  );
#3340 = CARTESIAN_POINT('',(-2.452535589078,5.099999367,-11.52134103184)
  );
#3341 = ADVANCED_FACE('',(#3342),#3364,.F.);
#3342 = FACE_BOUND('',#3343,.F.);
#3343 = EDGE_LOOP('',(#3344,#3345,#3352,#3359));
#3344 = ORIENTED_EDGE('',*,*,#3325,.T.);
#3345 = ORIENTED_EDGE('',*,*,#3346,.T.);
#3346 = EDGE_CURVE('',#3319,#3347,#3349,.T.);
#3347 = VERTEX_POINT('',#3348);
#3348 = CARTESIAN_POINT('',(-2.401024605834,5.102999367,-11.52134103184)
  );
#3349 = B_SPLINE_CURVE_WITH_KNOTS('',1,(#3350,#3351),.UNSPECIFIED.,.F.,
  .F.,(2,2),(0.E+000,1.00625),.PIECEWISE_BEZIER_KNOTS.);
#3350 = CARTESIAN_POINT('',(-2.452535589078,5.102999367,-11.52134103184)
  );
#3351 = CARTESIAN_POINT('',(-2.401024605834,5.102999367,-11.52134103184)
  );
#3352 = ORIENTED_EDGE('',*,*,#3353,.F.);
#3353 = EDGE_CURVE('',#3354,#3347,#3356,.T.);
#3354 = VERTEX_POINT('',#3355);
#3355 = CARTESIAN_POINT('',(-2.401024605834,5.099999367,-11.52134103184)
  );
#3356 = B_SPLINE_CURVE_WITH_KNOTS('',1,(#3357,#3358),.UNSPECIFIED.,.F.,
  .F.,(2,2),(0.E+000,3.E-003),.PIECEWISE_BEZIER_KNOTS.);
#3357 = CARTESIAN_POINT('',(-2.401024605834,5.099999367,-11.52134103184)
  );
#3358 = CARTESIAN_POINT('',(-2.401024605834,5.102999367,-11.52134103184)
  );
#3359 = ORIENTED_EDGE('',*,*,#3360,.F.);
#3360 = EDGE_CURVE('',#3326,#3354,#3361,.T.);
#3361 = B_SPLINE_CURVE_WITH_KNOTS('',1,(#3362,#3363),.UNSPECIFIED.,.F.,
  .F.,(2,2),(0.E+000,1.00625),.PIECEWISE_BEZIER_KNOTS.);
#3362 = CARTESIAN_POINT('',(-2.452535589078,5.099999367,-11.52134103184)
  );
#3363 = CARTESIAN_POINT('',(-2.401024605834,5.099999367,-11.52134103184)
  );
#3364 = B_SPLINE_SURFACE_WITH_KNOTS('',1,1,(
    (#3365,#3366)
    ,(#3367,#3368
    )),.UNSPECIFIED.,.F.,.F.,.F.,(2,2),(2,2),(0.E+000,1.00625),(-3.E-003
    ,0.E+000),.PIECEWISE_BEZIER_KNOTS.);
#3365 = CARTESIAN_POINT('',(-2.452535589078,5.102999367,-11.52134103184)
  );
#3366 = CARTESIAN_POINT('',(-2.452535589078,5.099999367,-11.52134103184)
  );
#3367 = CARTESIAN_POINT('',(-2.401024605834,5.102999367,-11.52134103184)
  );
#3368 = CARTESIAN_POINT('',(-2.401024605834,5.099999367,-11.52134103184)
  );
#3369 = ADVANCED_FACE('',(#3370),#3392,.F.);
#3370 = FACE_BOUND('',#3371,.F.);
#3371 = EDGE_LOOP('',(#3372,#3373,#3380,#3387));
#3372 = ORIENTED_EDGE('',*,*,#3353,.T.);
#3373 = ORIENTED_EDGE('',*,*,#3374,.T.);
#3374 = EDGE_CURVE('',#3347,#3375,#3377,.T.);
#3375 = VERTEX_POINT('',#3376);
#3376 = CARTESIAN_POINT('',(-2.386755103646,5.102999367,-11.57457971266)
  );
#3377 = B_SPLINE_CURVE_WITH_KNOTS('',1,(#3378,#3379),.UNSPECIFIED.,.F.,
  .F.,(2,2),(0.E+000,1.076708671136),.PIECEWISE_BEZIER_KNOTS.);
#3378 = CARTESIAN_POINT('',(-2.401024605834,5.102999367,-11.52134103184)
  );
#3379 = CARTESIAN_POINT('',(-2.386755103646,5.102999367,-11.57457971266)
  );
#3380 = ORIENTED_EDGE('',*,*,#3381,.F.);
#3381 = EDGE_CURVE('',#3382,#3375,#3384,.T.);
#3382 = VERTEX_POINT('',#3383);
#3383 = CARTESIAN_POINT('',(-2.386755103646,5.099999367,-11.57457971266)
  );
#3384 = B_SPLINE_CURVE_WITH_KNOTS('',1,(#3385,#3386),.UNSPECIFIED.,.F.,
  .F.,(2,2),(0.E+000,3.E-003),.PIECEWISE_BEZIER_KNOTS.);
#3385 = CARTESIAN_POINT('',(-2.386755103646,5.099999367,-11.57457971266)
  );
#3386 = CARTESIAN_POINT('',(-2.386755103646,5.102999367,-11.57457971266)
  );
#3387 = ORIENTED_EDGE('',*,*,#3388,.F.);
#3388 = EDGE_CURVE('',#3354,#3382,#3389,.T.);
#3389 = B_SPLINE_CURVE_WITH_KNOTS('',1,(#3390,#3391),.UNSPECIFIED.,.F.,
  .F.,(2,2),(0.E+000,1.076708671136),.PIECEWISE_BEZIER_KNOTS.);
#3390 = CARTESIAN_POINT('',(-2.401024605834,5.099999367,-11.52134103184)
  );
#3391 = CARTESIAN_POINT('',(-2.386755103646,5.099999367,-11.57457971266)
  );
#3392 = B_SPLINE_SURFACE_WITH_KNOTS('',1,1,(
    (#3393,#3394)
    ,(#3395,#3396
    )),.UNSPECIFIED.,.F.,.F.,.F.,(2,2),(2,2),(0.E+000,1.076708671136),(
    -3.E-003,0.E+000),.PIECEWISE_BEZIER_KNOTS.);
#3393 = CARTESIAN_POINT('',(-2.401024605834,5.102999367,-11.52134103184)
  );
#3394 = CARTESIAN_POINT('',(-2.401024605834,5.099999367,-11.52134103184)
  );
#3395 = CARTESIAN_POINT('',(-2.386755103646,5.102999367,-11.57457971266)
  );
#3396 = CARTESIAN_POINT('',(-2.386755103646,5.099999367,-11.57457971266)
  );
#3397 = ADVANCED_FACE('',(#3398),#3420,.F.);
#3398 = FACE_BOUND('',#3399,.F.);
#3399 = EDGE_LOOP('',(#3400,#3401,#3408,#3415));
#3400 = ORIENTED_EDGE('',*,*,#3381,.T.);
#3401 = ORIENTED_EDGE('',*,*,#3402,.T.);
#3402 = EDGE_CURVE('',#3375,#3403,#3405,.T.);
#3403 = VERTEX_POINT('',#3404);
#3404 = CARTESIAN_POINT('',(-2.438010131691,5.102999367,-11.57457971266)
  );
#3405 = B_SPLINE_CURVE_WITH_KNOTS('',1,(#3406,#3407),.UNSPECIFIED.,.F.,
  .F.,(2,2),(0.E+000,1.00125),.PIECEWISE_BEZIER_KNOTS.);
#3406 = CARTESIAN_POINT('',(-2.386755103646,5.102999367,-11.57457971266)
  );
#3407 = CARTESIAN_POINT('',(-2.438010131691,5.102999367,-11.57457971266)
  );
#3408 = ORIENTED_EDGE('',*,*,#3409,.F.);
#3409 = EDGE_CURVE('',#3410,#3403,#3412,.T.);
#3410 = VERTEX_POINT('',#3411);
#3411 = CARTESIAN_POINT('',(-2.438010131691,5.099999367,-11.57457971266)
  );
#3412 = B_SPLINE_CURVE_WITH_KNOTS('',1,(#3413,#3414),.UNSPECIFIED.,.F.,
  .F.,(2,2),(0.E+000,3.E-003),.PIECEWISE_BEZIER_KNOTS.);
#3413 = CARTESIAN_POINT('',(-2.438010131691,5.099999367,-11.57457971266)
  );
#3414 = CARTESIAN_POINT('',(-2.438010131691,5.102999367,-11.57457971266)
  );
#3415 = ORIENTED_EDGE('',*,*,#3416,.F.);
#3416 = EDGE_CURVE('',#3382,#3410,#3417,.T.);
#3417 = B_SPLINE_CURVE_WITH_KNOTS('',1,(#3418,#3419),.UNSPECIFIED.,.F.,
  .F.,(2,2),(0.E+000,1.00125),.PIECEWISE_BEZIER_KNOTS.);
#3418 = CARTESIAN_POINT('',(-2.386755103646,5.099999367,-11.57457971266)
  );
#3419 = CARTESIAN_POINT('',(-2.438010131691,5.099999367,-11.57457971266)
  );
#3420 = B_SPLINE_SURFACE_WITH_KNOTS('',1,1,(
    (#3421,#3422)
    ,(#3423,#3424
    )),.UNSPECIFIED.,.F.,.F.,.F.,(2,2),(2,2),(0.E+000,1.00125),(-3.E-003
    ,0.E+000),.PIECEWISE_BEZIER_KNOTS.);
#3421 = CARTESIAN_POINT('',(-2.386755103646,5.102999367,-11.57457971266)
  );
#3422 = CARTESIAN_POINT('',(-2.386755103646,5.099999367,-11.57457971266)
  );
#3423 = CARTESIAN_POINT('',(-2.438010131691,5.102999367,-11.57457971266)
  );
#3424 = CARTESIAN_POINT('',(-2.438010131691,5.099999367,-11.57457971266)
  );
#3425 = ADVANCED_FACE('',(#3426),#3448,.F.);
#3426 = FACE_BOUND('',#3427,.F.);
#3427 = EDGE_LOOP('',(#3428,#3429,#3436,#3443));
#3428 = ORIENTED_EDGE('',*,*,#3409,.T.);
#3429 = ORIENTED_EDGE('',*,*,#3430,.T.);
#3430 = EDGE_CURVE('',#3403,#3431,#3433,.T.);
#3431 = VERTEX_POINT('',#3432);
#3432 = CARTESIAN_POINT('',(-2.423292707907,5.102999367,-11.63056991184)
  );
#3433 = B_SPLINE_CURVE_WITH_KNOTS('',1,(#3434,#3435),.UNSPECIFIED.,.F.,
  .F.,(2,2),(0.E+000,1.130904643416),.PIECEWISE_BEZIER_KNOTS.);
#3434 = CARTESIAN_POINT('',(-2.438010131691,5.102999367,-11.57457971266)
  );
#3435 = CARTESIAN_POINT('',(-2.423292707907,5.102999367,-11.63056991184)
  );
#3436 = ORIENTED_EDGE('',*,*,#3437,.F.);
#3437 = EDGE_CURVE('',#3438,#3431,#3440,.T.);
#3438 = VERTEX_POINT('',#3439);
#3439 = CARTESIAN_POINT('',(-2.423292707907,5.099999367,-11.63056991184)
  );
#3440 = B_SPLINE_CURVE_WITH_KNOTS('',1,(#3441,#3442),.UNSPECIFIED.,.F.,
  .F.,(2,2),(0.E+000,3.E-003),.PIECEWISE_BEZIER_KNOTS.);
#3441 = CARTESIAN_POINT('',(-2.423292707907,5.099999367,-11.63056991184)
  );
#3442 = CARTESIAN_POINT('',(-2.423292707907,5.102999367,-11.63056991184)
  );
#3443 = ORIENTED_EDGE('',*,*,#3444,.F.);
#3444 = EDGE_CURVE('',#3410,#3438,#3445,.T.);
#3445 = B_SPLINE_CURVE_WITH_KNOTS('',1,(#3446,#3447),.UNSPECIFIED.,.F.,
  .F.,(2,2),(0.E+000,1.130904643416),.PIECEWISE_BEZIER_KNOTS.);
#3446 = CARTESIAN_POINT('',(-2.438010131691,5.099999367,-11.57457971266)
  );
#3447 = CARTESIAN_POINT('',(-2.423292707907,5.099999367,-11.63056991184)
  );
#3448 = B_SPLINE_SURFACE_WITH_KNOTS('',1,1,(
    (#3449,#3450)
    ,(#3451,#3452
    )),.UNSPECIFIED.,.F.,.F.,.F.,(2,2),(2,2),(0.E+000,1.130904643416),(
    -3.E-003,0.E+000),.PIECEWISE_BEZIER_KNOTS.);
#3449 = CARTESIAN_POINT('',(-2.438010131691,5.102999367,-11.57457971266)
  );
#3450 = CARTESIAN_POINT('',(-2.438010131691,5.099999367,-11.57457971266)
  );
#3451 = CARTESIAN_POINT('',(-2.423292707907,5.102999367,-11.63056991184)
  );
#3452 = CARTESIAN_POINT('',(-2.423292707907,5.099999367,-11.63056991184)
  );
#3453 = ADVANCED_FACE('',(#3454),#3476,.F.);
#3454 = FACE_BOUND('',#3455,.F.);
#3455 = EDGE_LOOP('',(#3456,#3457,#3464,#3471));
#3456 = ORIENTED_EDGE('',*,*,#3437,.T.);
#3457 = ORIENTED_EDGE('',*,*,#3458,.T.);
#3458 = EDGE_CURVE('',#3431,#3459,#3461,.T.);
#3459 = VERTEX_POINT('',#3460);
#3460 = CARTESIAN_POINT('',(-2.485041899,5.102999367,-11.63056991184));
#3461 = B_SPLINE_CURVE_WITH_KNOTS('',1,(#3462,#3463),.UNSPECIFIED.,.F.,
  .F.,(2,2),(0.E+000,1.20625),.PIECEWISE_BEZIER_KNOTS.);
#3462 = CARTESIAN_POINT('',(-2.423292707907,5.102999367,-11.63056991184)
  );
#3463 = CARTESIAN_POINT('',(-2.485041899,5.102999367,-11.63056991184));
#3464 = ORIENTED_EDGE('',*,*,#3465,.F.);
#3465 = EDGE_CURVE('',#3466,#3459,#3468,.T.);
#3466 = VERTEX_POINT('',#3467);
#3467 = CARTESIAN_POINT('',(-2.485041899,5.099999367,-11.63056991184));
#3468 = B_SPLINE_CURVE_WITH_KNOTS('',1,(#3469,#3470),.UNSPECIFIED.,.F.,
  .F.,(2,2),(0.E+000,3.E-003),.PIECEWISE_BEZIER_KNOTS.);
#3469 = CARTESIAN_POINT('',(-2.485041899,5.099999367,-11.63056991184));
#3470 = CARTESIAN_POINT('',(-2.485041899,5.102999367,-11.63056991184));
#3471 = ORIENTED_EDGE('',*,*,#3472,.F.);
#3472 = EDGE_CURVE('',#3438,#3466,#3473,.T.);
#3473 = B_SPLINE_CURVE_WITH_KNOTS('',1,(#3474,#3475),.UNSPECIFIED.,.F.,
  .F.,(2,2),(0.E+000,1.20625),.PIECEWISE_BEZIER_KNOTS.);
#3474 = CARTESIAN_POINT('',(-2.423292707907,5.099999367,-11.63056991184)
  );
#3475 = CARTESIAN_POINT('',(-2.485041899,5.099999367,-11.63056991184));
#3476 = B_SPLINE_SURFACE_WITH_KNOTS('',1,1,(
    (#3477,#3478)
    ,(#3479,#3480
    )),.UNSPECIFIED.,.F.,.F.,.F.,(2,2),(2,2),(0.E+000,1.20625),(-3.E-003
    ,0.E+000),.PIECEWISE_BEZIER_KNOTS.);
#3477 = CARTESIAN_POINT('',(-2.423292707907,5.102999367,-11.63056991184)
  );
#3478 = CARTESIAN_POINT('',(-2.423292707907,5.099999367,-11.63056991184)
  );
#3479 = CARTESIAN_POINT('',(-2.485041899,5.102999367,-11.63056991184));
#3480 = CARTESIAN_POINT('',(-2.485041899,5.099999367,-11.63056991184));
#3481 = ADVANCED_FACE('',(#3482),#3504,.F.);
#3482 = FACE_BOUND('',#3483,.F.);
#3483 = EDGE_LOOP('',(#3484,#3485,#3492,#3499));
#3484 = ORIENTED_EDGE('',*,*,#3465,.T.);
#3485 = ORIENTED_EDGE('',*,*,#3486,.T.);
#3486 = EDGE_CURVE('',#3459,#3487,#3489,.T.);
#3487 = VERTEX_POINT('',#3488);
#3488 = CARTESIAN_POINT('',(-2.496495894032,5.102999367,-11.5783550518)
  );
#3489 = B_SPLINE_CURVE_WITH_KNOTS('',1,(#3490,#3491),.UNSPECIFIED.,.F.,
  .F.,(2,2),(0.E+000,1.044252872871),.PIECEWISE_BEZIER_KNOTS.);
#3490 = CARTESIAN_POINT('',(-2.485041899,5.102999367,-11.63056991184));
#3491 = CARTESIAN_POINT('',(-2.496495894032,5.102999367,-11.5783550518)
  );
#3492 = ORIENTED_EDGE('',*,*,#3493,.F.);
#3493 = EDGE_CURVE('',#3494,#3487,#3496,.T.);
#3494 = VERTEX_POINT('',#3495);
#3495 = CARTESIAN_POINT('',(-2.496495894032,5.099999367,-11.5783550518)
  );
#3496 = B_SPLINE_CURVE_WITH_KNOTS('',1,(#3497,#3498),.UNSPECIFIED.,.F.,
  .F.,(2,2),(0.E+000,3.E-003),.PIECEWISE_BEZIER_KNOTS.);
#3497 = CARTESIAN_POINT('',(-2.496495894032,5.099999367,-11.5783550518)
  );
#3498 = CARTESIAN_POINT('',(-2.496495894032,5.102999367,-11.5783550518)
  );
#3499 = ORIENTED_EDGE('',*,*,#3500,.F.);
#3500 = EDGE_CURVE('',#3466,#3494,#3501,.T.);
#3501 = B_SPLINE_CURVE_WITH_KNOTS('',1,(#3502,#3503),.UNSPECIFIED.,.F.,
  .F.,(2,2),(0.E+000,1.044252872871),.PIECEWISE_BEZIER_KNOTS.);
#3502 = CARTESIAN_POINT('',(-2.485041899,5.099999367,-11.63056991184));
#3503 = CARTESIAN_POINT('',(-2.496495894032,5.099999367,-11.5783550518)
  );
#3504 = B_SPLINE_SURFACE_WITH_KNOTS('',1,1,(
    (#3505,#3506)
    ,(#3507,#3508
    )),.UNSPECIFIED.,.F.,.F.,.F.,(2,2),(2,2),(0.E+000,1.044252872871),(
    -3.E-003,0.E+000),.PIECEWISE_BEZIER_KNOTS.);
#3505 = CARTESIAN_POINT('',(-2.485041899,5.102999367,-11.63056991184));
#3506 = CARTESIAN_POINT('',(-2.485041899,5.099999367,-11.63056991184));
#3507 = CARTESIAN_POINT('',(-2.496495894032,5.102999367,-11.5783550518)
  );
#3508 = CARTESIAN_POINT('',(-2.496495894032,5.099999367,-11.5783550518)
  );
#3509 = ADVANCED_FACE('',(#3510),#3532,.F.);
#3510 = FACE_BOUND('',#3511,.F.);
#3511 = EDGE_LOOP('',(#3512,#3513,#3520,#3527));
#3512 = ORIENTED_EDGE('',*,*,#3493,.T.);
#3513 = ORIENTED_EDGE('',*,*,#3514,.T.);
#3514 = EDGE_CURVE('',#3487,#3515,#3517,.T.);
#3515 = VERTEX_POINT('',#3516);
#3516 = CARTESIAN_POINT('',(-2.522987256841,5.102999367,-11.5783550518)
  );
#3517 = B_SPLINE_CURVE_WITH_KNOTS('',1,(#3518,#3519),.UNSPECIFIED.,.F.,
  .F.,(2,2),(0.E+000,0.5175),.PIECEWISE_BEZIER_KNOTS.);
#3518 = CARTESIAN_POINT('',(-2.496495894032,5.102999367,-11.5783550518)
  );
#3519 = CARTESIAN_POINT('',(-2.522987256841,5.102999367,-11.5783550518)
  );
#3520 = ORIENTED_EDGE('',*,*,#3521,.F.);
#3521 = EDGE_CURVE('',#3522,#3515,#3524,.T.);
#3522 = VERTEX_POINT('',#3523);
#3523 = CARTESIAN_POINT('',(-2.522987256841,5.099999367,-11.5783550518)
  );
#3524 = B_SPLINE_CURVE_WITH_KNOTS('',1,(#3525,#3526),.UNSPECIFIED.,.F.,
  .F.,(2,2),(0.E+000,3.E-003),.PIECEWISE_BEZIER_KNOTS.);
#3525 = CARTESIAN_POINT('',(-2.522987256841,5.099999367,-11.5783550518)
  );
#3526 = CARTESIAN_POINT('',(-2.522987256841,5.102999367,-11.5783550518)
  );
#3527 = ORIENTED_EDGE('',*,*,#3528,.F.);
#3528 = EDGE_CURVE('',#3494,#3522,#3529,.T.);
#3529 = B_SPLINE_CURVE_WITH_KNOTS('',1,(#3530,#3531),.UNSPECIFIED.,.F.,
  .F.,(2,2),(0.E+000,0.5175),.PIECEWISE_BEZIER_KNOTS.);
#3530 = CARTESIAN_POINT('',(-2.496495894032,5.099999367,-11.5783550518)
  );
#3531 = CARTESIAN_POINT('',(-2.522987256841,5.099999367,-11.5783550518)
  );
#3532 = B_SPLINE_SURFACE_WITH_KNOTS('',1,1,(
    (#3533,#3534)
    ,(#3535,#3536
    )),.UNSPECIFIED.,.F.,.F.,.F.,(2,2),(2,2),(0.E+000,0.5175),(-3.E-003,
    0.E+000),.PIECEWISE_BEZIER_KNOTS.);
#3533 = CARTESIAN_POINT('',(-2.496495894032,5.102999367,-11.5783550518)
  );
#3534 = CARTESIAN_POINT('',(-2.496495894032,5.099999367,-11.5783550518)
  );
#3535 = CARTESIAN_POINT('',(-2.522987256841,5.102999367,-11.5783550518)
  );
#3536 = CARTESIAN_POINT('',(-2.522987256841,5.099999367,-11.5783550518)
  );
#3537 = ADVANCED_FACE('',(#3538),#3560,.F.);
#3538 = FACE_BOUND('',#3539,.F.);
#3539 = EDGE_LOOP('',(#3540,#3541,#3548,#3555));
#3540 = ORIENTED_EDGE('',*,*,#3521,.T.);
#3541 = ORIENTED_EDGE('',*,*,#3542,.T.);
#3542 = EDGE_CURVE('',#3515,#3543,#3545,.T.);
#3543 = VERTEX_POINT('',#3544);
#3544 = CARTESIAN_POINT('',(-2.537512714227,5.102999367,-11.52511637099)
  );
#3545 = B_SPLINE_CURVE_WITH_KNOTS('',1,(#3546,#3547),.UNSPECIFIED.,.F.,
  .F.,(2,2),(0.E+000,1.078013943555),.PIECEWISE_BEZIER_KNOTS.);
#3546 = CARTESIAN_POINT('',(-2.522987256841,5.102999367,-11.5783550518)
  );
#3547 = CARTESIAN_POINT('',(-2.537512714227,5.102999367,-11.52511637099)
  );
#3548 = ORIENTED_EDGE('',*,*,#3549,.F.);
#3549 = EDGE_CURVE('',#3550,#3543,#3552,.T.);
#3550 = VERTEX_POINT('',#3551);
#3551 = CARTESIAN_POINT('',(-2.537512714227,5.099999367,-11.52511637099)
  );
#3552 = B_SPLINE_CURVE_WITH_KNOTS('',1,(#3553,#3554),.UNSPECIFIED.,.F.,
  .F.,(2,2),(0.E+000,3.E-003),.PIECEWISE_BEZIER_KNOTS.);
#3553 = CARTESIAN_POINT('',(-2.537512714227,5.099999367,-11.52511637099)
  );
#3554 = CARTESIAN_POINT('',(-2.537512714227,5.102999367,-11.52511637099)
  );
#3555 = ORIENTED_EDGE('',*,*,#3556,.F.);
#3556 = EDGE_CURVE('',#3522,#3550,#3557,.T.);
#3557 = B_SPLINE_CURVE_WITH_KNOTS('',1,(#3558,#3559),.UNSPECIFIED.,.F.,
  .F.,(2,2),(0.E+000,1.078013943555),.PIECEWISE_BEZIER_KNOTS.);
#3558 = CARTESIAN_POINT('',(-2.522987256841,5.099999367,-11.5783550518)
  );
#3559 = CARTESIAN_POINT('',(-2.537512714227,5.099999367,-11.52511637099)
  );
#3560 = B_SPLINE_SURFACE_WITH_KNOTS('',1,1,(
    (#3561,#3562)
    ,(#3563,#3564
    )),.UNSPECIFIED.,.F.,.F.,.F.,(2,2),(2,2),(0.E+000,1.078013943555),(
    -3.E-003,0.E+000),.PIECEWISE_BEZIER_KNOTS.);
#3561 = CARTESIAN_POINT('',(-2.522987256841,5.102999367,-11.5783550518)
  );
#3562 = CARTESIAN_POINT('',(-2.522987256841,5.099999367,-11.5783550518)
  );
#3563 = CARTESIAN_POINT('',(-2.537512714227,5.102999367,-11.52511637099)
  );
#3564 = CARTESIAN_POINT('',(-2.537512714227,5.099999367,-11.52511637099)
  );
#3565 = ADVANCED_FACE('',(#3566),#3588,.F.);
#3566 = FACE_BOUND('',#3567,.F.);
#3567 = EDGE_LOOP('',(#3568,#3569,#3576,#3583));
#3568 = ORIENTED_EDGE('',*,*,#3549,.T.);
#3569 = ORIENTED_EDGE('',*,*,#3570,.T.);
#3570 = EDGE_CURVE('',#3543,#3571,#3573,.T.);
#3571 = VERTEX_POINT('',#3572);
#3572 = CARTESIAN_POINT('',(-2.509997530633,5.102999367,-11.52511637099)
  );
#3573 = B_SPLINE_CURVE_WITH_KNOTS('',1,(#3574,#3575),.UNSPECIFIED.,.F.,
  .F.,(2,2),(0.E+000,0.5375),.PIECEWISE_BEZIER_KNOTS.);
#3574 = CARTESIAN_POINT('',(-2.537512714227,5.102999367,-11.52511637099)
  );
#3575 = CARTESIAN_POINT('',(-2.509997530633,5.102999367,-11.52511637099)
  );
#3576 = ORIENTED_EDGE('',*,*,#3577,.F.);
#3577 = EDGE_CURVE('',#3578,#3571,#3580,.T.);
#3578 = VERTEX_POINT('',#3579);
#3579 = CARTESIAN_POINT('',(-2.509997530633,5.099999367,-11.52511637099)
  );
#3580 = B_SPLINE_CURVE_WITH_KNOTS('',1,(#3581,#3582),.UNSPECIFIED.,.F.,
  .F.,(2,2),(0.E+000,3.E-003),.PIECEWISE_BEZIER_KNOTS.);
#3581 = CARTESIAN_POINT('',(-2.509997530633,5.099999367,-11.52511637099)
  );
#3582 = CARTESIAN_POINT('',(-2.509997530633,5.102999367,-11.52511637099)
  );
#3583 = ORIENTED_EDGE('',*,*,#3584,.F.);
#3584 = EDGE_CURVE('',#3550,#3578,#3585,.T.);
#3585 = B_SPLINE_CURVE_WITH_KNOTS('',1,(#3586,#3587),.UNSPECIFIED.,.F.,
  .F.,(2,2),(0.E+000,0.5375),.PIECEWISE_BEZIER_KNOTS.);
#3586 = CARTESIAN_POINT('',(-2.537512714227,5.099999367,-11.52511637099)
  );
#3587 = CARTESIAN_POINT('',(-2.509997530633,5.099999367,-11.52511637099)
  );
#3588 = B_SPLINE_SURFACE_WITH_KNOTS('',1,1,(
    (#3589,#3590)
    ,(#3591,#3592
    )),.UNSPECIFIED.,.F.,.F.,.F.,(2,2),(2,2),(0.E+000,0.5375),(-3.E-003,
    0.E+000),.PIECEWISE_BEZIER_KNOTS.);
#3589 = CARTESIAN_POINT('',(-2.537512714227,5.102999367,-11.52511637099)
  );
#3590 = CARTESIAN_POINT('',(-2.537512714227,5.099999367,-11.52511637099)
  );
#3591 = CARTESIAN_POINT('',(-2.509997530633,5.102999367,-11.52511637099)
  );
#3592 = CARTESIAN_POINT('',(-2.509997530633,5.099999367,-11.52511637099)
  );
#3593 = ADVANCED_FACE('',(#3594),#3616,.F.);
#3594 = FACE_BOUND('',#3595,.F.);
#3595 = EDGE_LOOP('',(#3596,#3597,#3604,#3611));
#3596 = ORIENTED_EDGE('',*,*,#3577,.T.);
#3597 = ORIENTED_EDGE('',*,*,#3598,.T.);
#3598 = EDGE_CURVE('',#3571,#3599,#3601,.T.);
#3599 = VERTEX_POINT('',#3600);
#3600 = CARTESIAN_POINT('',(-2.536488893442,5.102999367,-11.42561378845)
  );
#3601 = B_SPLINE_CURVE_WITH_KNOTS('',1,(#3602,#3603),.UNSPECIFIED.,.F.,
  .F.,(2,2),(0.E+000,2.011459746677),.PIECEWISE_BEZIER_KNOTS.);
#3602 = CARTESIAN_POINT('',(-2.509997530633,5.102999367,-11.52511637099)
  );
#3603 = CARTESIAN_POINT('',(-2.536488893442,5.102999367,-11.42561378845)
  );
#3604 = ORIENTED_EDGE('',*,*,#3605,.F.);
#3605 = EDGE_CURVE('',#3606,#3599,#3608,.T.);
#3606 = VERTEX_POINT('',#3607);
#3607 = CARTESIAN_POINT('',(-2.536488893442,5.099999367,-11.42561378845)
  );
#3608 = B_SPLINE_CURVE_WITH_KNOTS('',1,(#3609,#3610),.UNSPECIFIED.,.F.,
  .F.,(2,2),(0.E+000,3.E-003),.PIECEWISE_BEZIER_KNOTS.);
#3609 = CARTESIAN_POINT('',(-2.536488893442,5.099999367,-11.42561378845)
  );
#3610 = CARTESIAN_POINT('',(-2.536488893442,5.102999367,-11.42561378845)
  );
#3611 = ORIENTED_EDGE('',*,*,#3612,.F.);
#3612 = EDGE_CURVE('',#3578,#3606,#3613,.T.);
#3613 = B_SPLINE_CURVE_WITH_KNOTS('',1,(#3614,#3615),.UNSPECIFIED.,.F.,
  .F.,(2,2),(0.E+000,2.011459746677),.PIECEWISE_BEZIER_KNOTS.);
#3614 = CARTESIAN_POINT('',(-2.509997530633,5.099999367,-11.52511637099)
  );
#3615 = CARTESIAN_POINT('',(-2.536488893442,5.099999367,-11.42561378845)
  );
#3616 = B_SPLINE_SURFACE_WITH_KNOTS('',1,1,(
    (#3617,#3618)
    ,(#3619,#3620
    )),.UNSPECIFIED.,.F.,.F.,.F.,(2,2),(2,2),(0.E+000,2.011459746677),(
    -3.E-003,0.E+000),.PIECEWISE_BEZIER_KNOTS.);
#3617 = CARTESIAN_POINT('',(-2.509997530633,5.102999367,-11.52511637099)
  );
#3618 = CARTESIAN_POINT('',(-2.509997530633,5.099999367,-11.52511637099)
  );
#3619 = CARTESIAN_POINT('',(-2.536488893442,5.102999367,-11.42561378845)
  );
#3620 = CARTESIAN_POINT('',(-2.536488893442,5.099999367,-11.42561378845)
  );
#3621 = ADVANCED_FACE('',(#3622),#3648,.F.);
#3622 = FACE_BOUND('',#3623,.F.);
#3623 = EDGE_LOOP('',(#3624,#3625,#3634,#3641));
#3624 = ORIENTED_EDGE('',*,*,#3605,.T.);
#3625 = ORIENTED_EDGE('',*,*,#3626,.T.);
#3626 = EDGE_CURVE('',#3599,#3627,#3629,.T.);
#3627 = VERTEX_POINT('',#3628);
#3628 = CARTESIAN_POINT('',(-2.540778702532,5.102999367,-11.39841854885)
  );
#3629 = B_SPLINE_CURVE_WITH_KNOTS('',3,(#3630,#3631,#3632,#3633),
  .UNSPECIFIED.,.F.,.F.,(4,4),(0.E+000,1.),.PIECEWISE_BEZIER_KNOTS.);
#3630 = CARTESIAN_POINT('',(-2.536488893442,5.102999367,-11.42561378845)
  );
#3631 = CARTESIAN_POINT('',(-2.538987016158,5.102999367,-11.41691131178)
  );
#3632 = CARTESIAN_POINT('',(-2.540522747336,5.102999367,-11.40763293591)
  );
#3633 = CARTESIAN_POINT('',(-2.540778702532,5.102999367,-11.39841854885)
  );
#3634 = ORIENTED_EDGE('',*,*,#3635,.F.);
#3635 = EDGE_CURVE('',#3636,#3627,#3638,.T.);
#3636 = VERTEX_POINT('',#3637);
#3637 = CARTESIAN_POINT('',(-2.540778702532,5.099999367,-11.39841854885)
  );
#3638 = B_SPLINE_CURVE_WITH_KNOTS('',1,(#3639,#3640),.UNSPECIFIED.,.F.,
  .F.,(2,2),(0.E+000,3.E-003),.PIECEWISE_BEZIER_KNOTS.);
#3639 = CARTESIAN_POINT('',(-2.540778702532,5.099999367,-11.39841854885)
  );
#3640 = CARTESIAN_POINT('',(-2.540778702532,5.102999367,-11.39841854885)
  );
#3641 = ORIENTED_EDGE('',*,*,#3642,.F.);
#3642 = EDGE_CURVE('',#3606,#3636,#3643,.T.);
#3643 = B_SPLINE_CURVE_WITH_KNOTS('',3,(#3644,#3645,#3646,#3647),
  .UNSPECIFIED.,.F.,.F.,(4,4),(0.E+000,1.),.PIECEWISE_BEZIER_KNOTS.);
#3644 = CARTESIAN_POINT('',(-2.536488893442,5.099999367,-11.42561378845)
  );
#3645 = CARTESIAN_POINT('',(-2.538987016158,5.099999367,-11.41691131178)
  );
#3646 = CARTESIAN_POINT('',(-2.540522747336,5.099999367,-11.40763293591)
  );
#3647 = CARTESIAN_POINT('',(-2.540778702532,5.099999367,-11.39841854885)
  );
#3648 = B_SPLINE_SURFACE_WITH_KNOTS('',3,1,(
    (#3649,#3650)
    ,(#3651,#3652)
    ,(#3653,#3654)
    ,(#3655,#3656
    )),.UNSPECIFIED.,.F.,.F.,.F.,(4,4),(2,2),(0.E+000,1.),(-3.E-003,
    0.E+000),.PIECEWISE_BEZIER_KNOTS.);
#3649 = CARTESIAN_POINT('',(-2.536488893442,5.102999367,-11.42561378845)
  );
#3650 = CARTESIAN_POINT('',(-2.536488893442,5.099999367,-11.42561378845)
  );
#3651 = CARTESIAN_POINT('',(-2.538987016158,5.102999367,-11.41691131178)
  );
#3652 = CARTESIAN_POINT('',(-2.538987016158,5.099999367,-11.41691131178)
  );
#3653 = CARTESIAN_POINT('',(-2.540522747336,5.102999367,-11.40763293591)
  );
#3654 = CARTESIAN_POINT('',(-2.540522747336,5.099999367,-11.40763293591)
  );
#3655 = CARTESIAN_POINT('',(-2.540778702532,5.102999367,-11.39841854885)
  );
#3656 = CARTESIAN_POINT('',(-2.540778702532,5.099999367,-11.39841854885)
  );
#3657 = ADVANCED_FACE('',(#3658),#3684,.F.);
#3658 = FACE_BOUND('',#3659,.F.);
#3659 = EDGE_LOOP('',(#3660,#3661,#3670,#3677));
#3660 = ORIENTED_EDGE('',*,*,#3635,.T.);
#3661 = ORIENTED_EDGE('',*,*,#3662,.T.);
#3662 = EDGE_CURVE('',#3627,#3663,#3665,.T.);
#3663 = VERTEX_POINT('',#3664);
#3664 = CARTESIAN_POINT('',(-2.52324577159,5.102999367,-11.36367263096)
  );
#3665 = B_SPLINE_CURVE_WITH_KNOTS('',3,(#3666,#3667,#3668,#3669),
  .UNSPECIFIED.,.F.,.F.,(4,4),(0.E+000,1.),.PIECEWISE_BEZIER_KNOTS.);
#3666 = CARTESIAN_POINT('',(-2.540778702532,5.102999367,-11.39841854885)
  );
#3667 = CARTESIAN_POINT('',(-2.540010836943,5.102999367,-11.38491691225)
  );
#3668 = CARTESIAN_POINT('',(-2.533739934636,5.102999367,-11.37237510763)
  );
#3669 = CARTESIAN_POINT('',(-2.52324577159,5.102999367,-11.36367263096)
  );
#3670 = ORIENTED_EDGE('',*,*,#3671,.F.);
#3671 = EDGE_CURVE('',#3672,#3663,#3674,.T.);
#3672 = VERTEX_POINT('',#3673);
#3673 = CARTESIAN_POINT('',(-2.52324577159,5.099999367,-11.36367263096)
  );
#3674 = B_SPLINE_CURVE_WITH_KNOTS('',1,(#3675,#3676),.UNSPECIFIED.,.F.,
  .F.,(2,2),(0.E+000,3.E-003),.PIECEWISE_BEZIER_KNOTS.);
#3675 = CARTESIAN_POINT('',(-2.52324577159,5.099999367,-11.36367263096)
  );
#3676 = CARTESIAN_POINT('',(-2.52324577159,5.102999367,-11.36367263096)
  );
#3677 = ORIENTED_EDGE('',*,*,#3678,.F.);
#3678 = EDGE_CURVE('',#3636,#3672,#3679,.T.);
#3679 = B_SPLINE_CURVE_WITH_KNOTS('',3,(#3680,#3681,#3682,#3683),
  .UNSPECIFIED.,.F.,.F.,(4,4),(0.E+000,1.),.PIECEWISE_BEZIER_KNOTS.);
#3680 = CARTESIAN_POINT('',(-2.540778702532,5.099999367,-11.39841854885)
  );
#3681 = CARTESIAN_POINT('',(-2.540010836943,5.099999367,-11.38491691225)
  );
#3682 = CARTESIAN_POINT('',(-2.533739934636,5.099999367,-11.37237510763)
  );
#3683 = CARTESIAN_POINT('',(-2.52324577159,5.099999367,-11.36367263096)
  );
#3684 = B_SPLINE_SURFACE_WITH_KNOTS('',3,1,(
    (#3685,#3686)
    ,(#3687,#3688)
    ,(#3689,#3690)
    ,(#3691,#3692
    )),.UNSPECIFIED.,.F.,.F.,.F.,(4,4),(2,2),(0.E+000,1.),(-3.E-003,
    0.E+000),.PIECEWISE_BEZIER_KNOTS.);
#3685 = CARTESIAN_POINT('',(-2.540778702532,5.102999367,-11.39841854885)
  );
#3686 = CARTESIAN_POINT('',(-2.540778702532,5.099999367,-11.39841854885)
  );
#3687 = CARTESIAN_POINT('',(-2.540010836943,5.102999367,-11.38491691225)
  );
#3688 = CARTESIAN_POINT('',(-2.540010836943,5.099999367,-11.38491691225)
  );
#3689 = CARTESIAN_POINT('',(-2.533739934636,5.102999367,-11.37237510763)
  );
#3690 = CARTESIAN_POINT('',(-2.533739934636,5.099999367,-11.37237510763)
  );
#3691 = CARTESIAN_POINT('',(-2.52324577159,5.102999367,-11.36367263096)
  );
#3692 = CARTESIAN_POINT('',(-2.52324577159,5.099999367,-11.36367263096)
  );
#3693 = ADVANCED_FACE('',(#3694),#3720,.F.);
#3694 = FACE_BOUND('',#3695,.F.);
#3695 = EDGE_LOOP('',(#3696,#3697,#3706,#3713));
#3696 = ORIENTED_EDGE('',*,*,#3671,.T.);
#3697 = ORIENTED_EDGE('',*,*,#3698,.T.);
#3698 = EDGE_CURVE('',#3663,#3699,#3701,.T.);
#3699 = VERTEX_POINT('',#3700);
#3700 = CARTESIAN_POINT('',(-2.489243121543,5.102999367,-11.35191306474)
  );
#3701 = B_SPLINE_CURVE_WITH_KNOTS('',3,(#3702,#3703,#3704,#3705),
  .UNSPECIFIED.,.F.,.F.,(4,4),(0.E+000,1.),.PIECEWISE_BEZIER_KNOTS.);
#3702 = CARTESIAN_POINT('',(-2.52324577159,5.102999367,-11.36367263096)
  );
#3703 = CARTESIAN_POINT('',(-2.51300756374,5.102999367,-11.35516212069)
  );
#3704 = CARTESIAN_POINT('',(-2.499505927139,5.102999367,-11.35138678154)
  );
#3705 = CARTESIAN_POINT('',(-2.489243121543,5.102999367,-11.35191306474)
  );
#3706 = ORIENTED_EDGE('',*,*,#3707,.F.);
#3707 = EDGE_CURVE('',#3708,#3699,#3710,.T.);
#3708 = VERTEX_POINT('',#3709);
#3709 = CARTESIAN_POINT('',(-2.489243121543,5.099999367,-11.35191306474)
  );
#3710 = B_SPLINE_CURVE_WITH_KNOTS('',1,(#3711,#3712),.UNSPECIFIED.,.F.,
  .F.,(2,2),(0.E+000,3.E-003),.PIECEWISE_BEZIER_KNOTS.);
#3711 = CARTESIAN_POINT('',(-2.489243121543,5.099999367,-11.35191306474)
  );
#3712 = CARTESIAN_POINT('',(-2.489243121543,5.102999367,-11.35191306474)
  );
#3713 = ORIENTED_EDGE('',*,*,#3714,.F.);
#3714 = EDGE_CURVE('',#3672,#3708,#3715,.T.);
#3715 = B_SPLINE_CURVE_WITH_KNOTS('',3,(#3716,#3717,#3718,#3719),
  .UNSPECIFIED.,.F.,.F.,(4,4),(0.E+000,1.),.PIECEWISE_BEZIER_KNOTS.);
#3716 = CARTESIAN_POINT('',(-2.52324577159,5.099999367,-11.36367263096)
  );
#3717 = CARTESIAN_POINT('',(-2.51300756374,5.099999367,-11.35516212069)
  );
#3718 = CARTESIAN_POINT('',(-2.499505927139,5.099999367,-11.35138678154)
  );
#3719 = CARTESIAN_POINT('',(-2.489243121543,5.099999367,-11.35191306474)
  );
#3720 = B_SPLINE_SURFACE_WITH_KNOTS('',3,1,(
    (#3721,#3722)
    ,(#3723,#3724)
    ,(#3725,#3726)
    ,(#3727,#3728
    )),.UNSPECIFIED.,.F.,.F.,.F.,(4,4),(2,2),(0.E+000,1.),(-3.E-003,
    0.E+000),.PIECEWISE_BEZIER_KNOTS.);
#3721 = CARTESIAN_POINT('',(-2.52324577159,5.102999367,-11.36367263096)
  );
#3722 = CARTESIAN_POINT('',(-2.52324577159,5.099999367,-11.36367263096)
  );
#3723 = CARTESIAN_POINT('',(-2.51300756374,5.102999367,-11.35516212069)
  );
#3724 = CARTESIAN_POINT('',(-2.51300756374,5.099999367,-11.35516212069)
  );
#3725 = CARTESIAN_POINT('',(-2.499505927139,5.102999367,-11.35138678154)
  );
#3726 = CARTESIAN_POINT('',(-2.499505927139,5.099999367,-11.35138678154)
  );
#3727 = CARTESIAN_POINT('',(-2.489243121543,5.102999367,-11.35191306474)
  );
#3728 = CARTESIAN_POINT('',(-2.489243121543,5.099999367,-11.35191306474)
  );
#3729 = ADVANCED_FACE('',(#3730),#3752,.F.);
#3730 = FACE_BOUND('',#3731,.F.);
#3731 = EDGE_LOOP('',(#3732,#3733,#3740,#3747));
#3732 = ORIENTED_EDGE('',*,*,#3707,.T.);
#3733 = ORIENTED_EDGE('',*,*,#3734,.T.);
#3734 = EDGE_CURVE('',#3699,#3735,#3737,.T.);
#3735 = VERTEX_POINT('',#3736);
#3736 = CARTESIAN_POINT('',(-2.487540021716,5.102999367,-11.35189613238)
  );
#3737 = B_SPLINE_CURVE_WITH_KNOTS('',1,(#3738,#3739),.UNSPECIFIED.,.F.,
  .F.,(2,2),(0.E+000,4.158653628279E-002),.PIECEWISE_BEZIER_KNOTS.);
#3738 = CARTESIAN_POINT('',(-2.489243121543,5.102999367,-11.35191306474)
  );
#3739 = CARTESIAN_POINT('',(-2.487540021716,5.102999367,-11.35189613238)
  );
#3740 = ORIENTED_EDGE('',*,*,#3741,.F.);
#3741 = EDGE_CURVE('',#3742,#3735,#3744,.T.);
#3742 = VERTEX_POINT('',#3743);
#3743 = CARTESIAN_POINT('',(-2.487540021716,5.099999367,-11.35189613238)
  );
#3744 = B_SPLINE_CURVE_WITH_KNOTS('',1,(#3745,#3746),.UNSPECIFIED.,.F.,
  .F.,(2,2),(0.E+000,3.E-003),.PIECEWISE_BEZIER_KNOTS.);
#3745 = CARTESIAN_POINT('',(-2.487540021716,5.099999367,-11.35189613238)
  );
#3746 = CARTESIAN_POINT('',(-2.487540021716,5.102999367,-11.35189613238)
  );
#3747 = ORIENTED_EDGE('',*,*,#3748,.F.);
#3748 = EDGE_CURVE('',#3708,#3742,#3749,.T.);
#3749 = B_SPLINE_CURVE_WITH_KNOTS('',1,(#3750,#3751),.UNSPECIFIED.,.F.,
  .F.,(2,2),(0.E+000,4.158653628279E-002),.PIECEWISE_BEZIER_KNOTS.);
#3750 = CARTESIAN_POINT('',(-2.489243121543,5.099999367,-11.35191306474)
  );
#3751 = CARTESIAN_POINT('',(-2.487540021716,5.099999367,-11.35189613238)
  );
#3752 = B_SPLINE_SURFACE_WITH_KNOTS('',1,1,(
    (#3753,#3754)
    ,(#3755,#3756
    )),.UNSPECIFIED.,.F.,.F.,.F.,(2,2),(2,2),(0.E+000,
    4.158653628279E-002),(-3.E-003,0.E+000),.PIECEWISE_BEZIER_KNOTS.);
#3753 = CARTESIAN_POINT('',(-2.489243121543,5.102999367,-11.35191306474)
  );
#3754 = CARTESIAN_POINT('',(-2.489243121543,5.099999367,-11.35191306474)
  );
#3755 = CARTESIAN_POINT('',(-2.487540021716,5.102999367,-11.35189613238)
  );
#3756 = CARTESIAN_POINT('',(-2.487540021716,5.099999367,-11.35189613238)
  );
#3757 = ADVANCED_FACE('',(#3758),#3772,.F.);
#3758 = FACE_BOUND('',#3759,.F.);
#3759 = EDGE_LOOP('',(#3760,#3761,#3766,#3767));
#3760 = ORIENTED_EDGE('',*,*,#3741,.T.);
#3761 = ORIENTED_EDGE('',*,*,#3762,.T.);
#3762 = EDGE_CURVE('',#3735,#3104,#3763,.T.);
#3763 = B_SPLINE_CURVE_WITH_KNOTS('',1,(#3764,#3765),.UNSPECIFIED.,.F.,
  .F.,(2,2),(0.E+000,7.071067811095E-005),.PIECEWISE_BEZIER_KNOTS.);
#3764 = CARTESIAN_POINT('',(-2.487540021716,5.102999367,-11.35189613238)
  );
#3765 = CARTESIAN_POINT('',(-2.485715121543,5.102999367,-11.35186057314)
  );
#3766 = ORIENTED_EDGE('',*,*,#3101,.F.);
#3767 = ORIENTED_EDGE('',*,*,#3768,.F.);
#3768 = EDGE_CURVE('',#3742,#3102,#3769,.T.);
#3769 = B_SPLINE_CURVE_WITH_KNOTS('',1,(#3770,#3771),.UNSPECIFIED.,.F.,
  .F.,(2,2),(0.E+000,7.071067811095E-005),.PIECEWISE_BEZIER_KNOTS.);
#3770 = CARTESIAN_POINT('',(-2.487540021716,5.099999367,-11.35189613238)
  );
#3771 = CARTESIAN_POINT('',(-2.485715121543,5.099999367,-11.35186057314)
  );
#3772 = B_SPLINE_SURFACE_WITH_KNOTS('',1,1,(
    (#3773,#3774)
    ,(#3775,#3776
    )),.UNSPECIFIED.,.F.,.F.,.F.,(2,2),(2,2),(0.E+000,
    7.071067811095E-005),(-3.E-003,0.E+000),.PIECEWISE_BEZIER_KNOTS.);
#3773 = CARTESIAN_POINT('',(-2.487540021716,5.102999367,-11.35189613238)
  );
#3774 = CARTESIAN_POINT('',(-2.487540021716,5.099999367,-11.35189613238)
  );
#3775 = CARTESIAN_POINT('',(-2.485715121543,5.102999367,-11.35186057314)
  );
#3776 = CARTESIAN_POINT('',(-2.485715121543,5.099999367,-11.35186057314)
  );
#3777 = ADVANCED_FACE('',(#3778),#3802,.F.);
#3778 = FACE_BOUND('',#3779,.F.);
#3779 = EDGE_LOOP('',(#3780,#3781,#3782,#3783,#3784,#3785,#3786,#3787,
    #3788,#3789,#3790,#3791,#3792,#3793,#3794,#3795,#3796,#3797,#3798,
    #3799,#3800,#3801));
#3780 = ORIENTED_EDGE('',*,*,#3126,.T.);
#3781 = ORIENTED_EDGE('',*,*,#3160,.T.);
#3782 = ORIENTED_EDGE('',*,*,#3190,.T.);
#3783 = ORIENTED_EDGE('',*,*,#3226,.T.);
#3784 = ORIENTED_EDGE('',*,*,#3262,.T.);
#3785 = ORIENTED_EDGE('',*,*,#3298,.T.);
#3786 = ORIENTED_EDGE('',*,*,#3332,.T.);
#3787 = ORIENTED_EDGE('',*,*,#3360,.T.);
#3788 = ORIENTED_EDGE('',*,*,#3388,.T.);
#3789 = ORIENTED_EDGE('',*,*,#3416,.T.);
#3790 = ORIENTED_EDGE('',*,*,#3444,.T.);
#3791 = ORIENTED_EDGE('',*,*,#3472,.T.);
#3792 = ORIENTED_EDGE('',*,*,#3500,.T.);
#3793 = ORIENTED_EDGE('',*,*,#3528,.T.);
#3794 = ORIENTED_EDGE('',*,*,#3556,.T.);
#3795 = ORIENTED_EDGE('',*,*,#3584,.T.);
#3796 = ORIENTED_EDGE('',*,*,#3612,.T.);
#3797 = ORIENTED_EDGE('',*,*,#3642,.T.);
#3798 = ORIENTED_EDGE('',*,*,#3678,.T.);
#3799 = ORIENTED_EDGE('',*,*,#3714,.T.);
#3800 = ORIENTED_EDGE('',*,*,#3748,.T.);
#3801 = ORIENTED_EDGE('',*,*,#3768,.T.);
#3802 = B_SPLINE_SURFACE_WITH_KNOTS('',1,1,(
    (#3803,#3804)
    ,(#3805,#3806
    )),.UNSPECIFIED.,.F.,.F.,.F.,(2,2),(2,2),(61.368938027926,
    67.480985602817),(-36.45594220018,-25.37724655355),
  .PIECEWISE_BEZIER_KNOTS.);
#3803 = CARTESIAN_POINT('',(-2.540778702532,5.099999367,-11.35138678154)
  );
#3804 = CARTESIAN_POINT('',(-2.540778702532,5.099999367,-11.63056991184)
  );
#3805 = CARTESIAN_POINT('',(-2.386755103646,5.099999367,-11.35138678154)
  );
#3806 = CARTESIAN_POINT('',(-2.386755103646,5.099999367,-11.63056991184)
  );
#3807 = ADVANCED_FACE('',(#3808),#3832,.T.);
#3808 = FACE_BOUND('',#3809,.T.);
#3809 = EDGE_LOOP('',(#3810,#3811,#3812,#3813,#3814,#3815,#3816,#3817,
    #3818,#3819,#3820,#3821,#3822,#3823,#3824,#3825,#3826,#3827,#3828,
    #3829,#3830,#3831));
#3810 = ORIENTED_EDGE('',*,*,#3110,.T.);
#3811 = ORIENTED_EDGE('',*,*,#3146,.T.);
#3812 = ORIENTED_EDGE('',*,*,#3174,.T.);
#3813 = ORIENTED_EDGE('',*,*,#3210,.T.);
#3814 = ORIENTED_EDGE('',*,*,#3246,.T.);
#3815 = ORIENTED_EDGE('',*,*,#3282,.T.);
#3816 = ORIENTED_EDGE('',*,*,#3318,.T.);
#3817 = ORIENTED_EDGE('',*,*,#3346,.T.);
#3818 = ORIENTED_EDGE('',*,*,#3374,.T.);
#3819 = ORIENTED_EDGE('',*,*,#3402,.T.);
#3820 = ORIENTED_EDGE('',*,*,#3430,.T.);
#3821 = ORIENTED_EDGE('',*,*,#3458,.T.);
#3822 = ORIENTED_EDGE('',*,*,#3486,.T.);
#3823 = ORIENTED_EDGE('',*,*,#3514,.T.);
#3824 = ORIENTED_EDGE('',*,*,#3542,.T.);
#3825 = ORIENTED_EDGE('',*,*,#3570,.T.);
#3826 = ORIENTED_EDGE('',*,*,#3598,.T.);
#3827 = ORIENTED_EDGE('',*,*,#3626,.T.);
#3828 = ORIENTED_EDGE('',*,*,#3662,.T.);
#3829 = ORIENTED_EDGE('',*,*,#3698,.T.);
#3830 = ORIENTED_EDGE('',*,*,#3734,.T.);
#3831 = ORIENTED_EDGE('',*,*,#3762,.T.);
#3832 = B_SPLINE_SURFACE_WITH_KNOTS('',1,1,(
    (#3833,#3834)
    ,(#3835,#3836
    )),.UNSPECIFIED.,.F.,.F.,.F.,(2,2),(2,2),(61.368938027926,
    67.480985602817),(-36.45594220018,-25.37724655355),
  .PIECEWISE_BEZIER_KNOTS.);
#3833 = CARTESIAN_POINT('',(-2.540778702532,5.102999367,-11.35138678154)
  );
#3834 = CARTESIAN_POINT('',(-2.540778702532,5.102999367,-11.63056991184)
  );
#3835 = CARTESIAN_POINT('',(-2.386755103646,5.102999367,-11.35138678154)
  );
#3836 = CARTESIAN_POINT('',(-2.386755103646,5.102999367,-11.63056991184)
  );
#3837 = MANIFOLD_SOLID_BREP('',#3838);
#3838 = CLOSED_SHELL('',(#3839,#3875,#3903,#3931,#3959,#3987,#4015,#4035
    ,#4050));
#3839 = ADVANCED_FACE('',(#3840),#3870,.F.);
#3840 = FACE_BOUND('',#3841,.F.);
#3841 = EDGE_LOOP('',(#3842,#3851,#3858,#3865));
#3842 = ORIENTED_EDGE('',*,*,#3843,.T.);
#3843 = EDGE_CURVE('',#3844,#3846,#3848,.T.);
#3844 = VERTEX_POINT('',#3845);
#3845 = CARTESIAN_POINT('',(-2.869934525341,5.099999367,-11.35567403108)
  );
#3846 = VERTEX_POINT('',#3847);
#3847 = CARTESIAN_POINT('',(-2.869934525341,5.102999367,-11.35567403108)
  );
#3848 = B_SPLINE_CURVE_WITH_KNOTS('',1,(#3849,#3850),.UNSPECIFIED.,.F.,
  .F.,(2,2),(0.E+000,3.E-003),.PIECEWISE_BEZIER_KNOTS.);
#3849 = CARTESIAN_POINT('',(-2.869934525341,5.099999367,-11.35567403108)
  );
#3850 = CARTESIAN_POINT('',(-2.869934525341,5.102999367,-11.35567403108)
  );
#3851 = ORIENTED_EDGE('',*,*,#3852,.T.);
#3852 = EDGE_CURVE('',#3846,#3853,#3855,.T.);
#3853 = VERTEX_POINT('',#3854);
#3854 = CARTESIAN_POINT('',(-2.813688370967,5.102999367,-11.35567403108)
  );
#3855 = B_SPLINE_CURVE_WITH_KNOTS('',1,(#3856,#3857),.UNSPECIFIED.,.F.,
  .F.,(2,2),(0.E+000,1.09875),.PIECEWISE_BEZIER_KNOTS.);
#3856 = CARTESIAN_POINT('',(-2.869934525341,5.102999367,-11.35567403108)
  );
#3857 = CARTESIAN_POINT('',(-2.813688370967,5.102999367,-11.35567403108)
  );
#3858 = ORIENTED_EDGE('',*,*,#3859,.F.);
#3859 = EDGE_CURVE('',#3860,#3853,#3862,.T.);
#3860 = VERTEX_POINT('',#3861);
#3861 = CARTESIAN_POINT('',(-2.813688370967,5.099999367,-11.35567403108)
  );
#3862 = B_SPLINE_CURVE_WITH_KNOTS('',1,(#3863,#3864),.UNSPECIFIED.,.F.,
  .F.,(2,2),(0.E+000,3.E-003),.PIECEWISE_BEZIER_KNOTS.);
#3863 = CARTESIAN_POINT('',(-2.813688370967,5.099999367,-11.35567403108)
  );
#3864 = CARTESIAN_POINT('',(-2.813688370967,5.102999367,-11.35567403108)
  );
#3865 = ORIENTED_EDGE('',*,*,#3866,.F.);
#3866 = EDGE_CURVE('',#3844,#3860,#3867,.T.);
#3867 = B_SPLINE_CURVE_WITH_KNOTS('',1,(#3868,#3869),.UNSPECIFIED.,.F.,
  .F.,(2,2),(0.E+000,1.09875),.PIECEWISE_BEZIER_KNOTS.);
#3868 = CARTESIAN_POINT('',(-2.869934525341,5.099999367,-11.35567403108)
  );
#3869 = CARTESIAN_POINT('',(-2.813688370967,5.099999367,-11.35567403108)
  );
#3870 = B_SPLINE_SURFACE_WITH_KNOTS('',1,1,(
    (#3871,#3872)
    ,(#3873,#3874
    )),.UNSPECIFIED.,.F.,.F.,.F.,(2,2),(2,2),(0.E+000,1.09875),(-3.E-003
    ,0.E+000),.PIECEWISE_BEZIER_KNOTS.);
#3871 = CARTESIAN_POINT('',(-2.869934525341,5.102999367,-11.35567403108)
  );
#3872 = CARTESIAN_POINT('',(-2.869934525341,5.099999367,-11.35567403108)
  );
#3873 = CARTESIAN_POINT('',(-2.813688370967,5.102999367,-11.35567403108)
  );
#3874 = CARTESIAN_POINT('',(-2.813688370967,5.099999367,-11.35567403108)
  );
#3875 = ADVANCED_FACE('',(#3876),#3898,.F.);
#3876 = FACE_BOUND('',#3877,.F.);
#3877 = EDGE_LOOP('',(#3878,#3879,#3886,#3893));
#3878 = ORIENTED_EDGE('',*,*,#3859,.T.);
#3879 = ORIENTED_EDGE('',*,*,#3880,.T.);
#3880 = EDGE_CURVE('',#3853,#3881,#3883,.T.);
#3881 = VERTEX_POINT('',#3882);
#3882 = CARTESIAN_POINT('',(-2.669713573084,5.102999367,-11.57637139903)
  );
#3883 = B_SPLINE_CURVE_WITH_KNOTS('',1,(#3884,#3885),.UNSPECIFIED.,.F.,
  .F.,(2,2),(0.E+000,5.147526863699),.PIECEWISE_BEZIER_KNOTS.);
#3884 = CARTESIAN_POINT('',(-2.813688370967,5.102999367,-11.35567403108)
  );
#3885 = CARTESIAN_POINT('',(-2.669713573084,5.102999367,-11.57637139903)
  );
#3886 = ORIENTED_EDGE('',*,*,#3887,.F.);
#3887 = EDGE_CURVE('',#3888,#3881,#3890,.T.);
#3888 = VERTEX_POINT('',#3889);
#3889 = CARTESIAN_POINT('',(-2.669713573084,5.099999367,-11.57637139903)
  );
#3890 = B_SPLINE_CURVE_WITH_KNOTS('',1,(#3891,#3892),.UNSPECIFIED.,.F.,
  .F.,(2,2),(0.E+000,3.E-003),.PIECEWISE_BEZIER_KNOTS.);
#3891 = CARTESIAN_POINT('',(-2.669713573084,5.099999367,-11.57637139903)
  );
#3892 = CARTESIAN_POINT('',(-2.669713573084,5.102999367,-11.57637139903)
  );
#3893 = ORIENTED_EDGE('',*,*,#3894,.F.);
#3894 = EDGE_CURVE('',#3860,#3888,#3895,.T.);
#3895 = B_SPLINE_CURVE_WITH_KNOTS('',1,(#3896,#3897),.UNSPECIFIED.,.F.,
  .F.,(2,2),(0.E+000,5.147526863699),.PIECEWISE_BEZIER_KNOTS.);
#3896 = CARTESIAN_POINT('',(-2.813688370967,5.099999367,-11.35567403108)
  );
#3897 = CARTESIAN_POINT('',(-2.669713573084,5.099999367,-11.57637139903)
  );
#3898 = B_SPLINE_SURFACE_WITH_KNOTS('',1,1,(
    (#3899,#3900)
    ,(#3901,#3902
    )),.UNSPECIFIED.,.F.,.F.,.F.,(2,2),(2,2),(0.E+000,5.147526863699),(
    -3.E-003,0.E+000),.PIECEWISE_BEZIER_KNOTS.);
#3899 = CARTESIAN_POINT('',(-2.813688370967,5.102999367,-11.35567403108)
  );
#3900 = CARTESIAN_POINT('',(-2.813688370967,5.099999367,-11.35567403108)
  );
#3901 = CARTESIAN_POINT('',(-2.669713573084,5.102999367,-11.57637139903)
  );
#3902 = CARTESIAN_POINT('',(-2.669713573084,5.099999367,-11.57637139903)
  );
#3903 = ADVANCED_FACE('',(#3904),#3926,.F.);
#3904 = FACE_BOUND('',#3905,.F.);
#3905 = EDGE_LOOP('',(#3906,#3907,#3914,#3921));
#3906 = ORIENTED_EDGE('',*,*,#3887,.T.);
#3907 = ORIENTED_EDGE('',*,*,#3908,.T.);
#3908 = EDGE_CURVE('',#3881,#3909,#3911,.T.);
#3909 = VERTEX_POINT('',#3910);
#3910 = CARTESIAN_POINT('',(-2.736453890504,5.102999367,-11.57637139903)
  );
#3911 = B_SPLINE_CURVE_WITH_KNOTS('',1,(#3912,#3913),.UNSPECIFIED.,.F.,
  .F.,(2,2),(0.E+000,1.30375),.PIECEWISE_BEZIER_KNOTS.);
#3912 = CARTESIAN_POINT('',(-2.669713573084,5.102999367,-11.57637139903)
  );
#3913 = CARTESIAN_POINT('',(-2.736453890504,5.102999367,-11.57637139903)
  );
#3914 = ORIENTED_EDGE('',*,*,#3915,.F.);
#3915 = EDGE_CURVE('',#3916,#3909,#3918,.T.);
#3916 = VERTEX_POINT('',#3917);
#3917 = CARTESIAN_POINT('',(-2.736453890504,5.099999367,-11.57637139903)
  );
#3918 = B_SPLINE_CURVE_WITH_KNOTS('',1,(#3919,#3920),.UNSPECIFIED.,.F.,
  .F.,(2,2),(0.E+000,3.E-003),.PIECEWISE_BEZIER_KNOTS.);
#3919 = CARTESIAN_POINT('',(-2.736453890504,5.099999367,-11.57637139903)
  );
#3920 = CARTESIAN_POINT('',(-2.736453890504,5.102999367,-11.57637139903)
  );
#3921 = ORIENTED_EDGE('',*,*,#3922,.F.);
#3922 = EDGE_CURVE('',#3888,#3916,#3923,.T.);
#3923 = B_SPLINE_CURVE_WITH_KNOTS('',1,(#3924,#3925),.UNSPECIFIED.,.F.,
  .F.,(2,2),(0.E+000,1.30375),.PIECEWISE_BEZIER_KNOTS.);
#3924 = CARTESIAN_POINT('',(-2.669713573084,5.099999367,-11.57637139903)
  );
#3925 = CARTESIAN_POINT('',(-2.736453890504,5.099999367,-11.57637139903)
  );
#3926 = B_SPLINE_SURFACE_WITH_KNOTS('',1,1,(
    (#3927,#3928)
    ,(#3929,#3930
    )),.UNSPECIFIED.,.F.,.F.,.F.,(2,2),(2,2),(0.E+000,1.30375),(-3.E-003
    ,0.E+000),.PIECEWISE_BEZIER_KNOTS.);
#3927 = CARTESIAN_POINT('',(-2.669713573084,5.102999367,-11.57637139903)
  );
#3928 = CARTESIAN_POINT('',(-2.669713573084,5.099999367,-11.57637139903)
  );
#3929 = CARTESIAN_POINT('',(-2.736453890504,5.102999367,-11.57637139903)
  );
#3930 = CARTESIAN_POINT('',(-2.736453890504,5.099999367,-11.57637139903)
  );
#3931 = ADVANCED_FACE('',(#3932),#3954,.F.);
#3932 = FACE_BOUND('',#3933,.F.);
#3933 = EDGE_LOOP('',(#3934,#3935,#3942,#3949));
#3934 = ORIENTED_EDGE('',*,*,#3915,.T.);
#3935 = ORIENTED_EDGE('',*,*,#3936,.T.);
#3936 = EDGE_CURVE('',#3909,#3937,#3939,.T.);
#3937 = VERTEX_POINT('',#3938);
#3938 = CARTESIAN_POINT('',(-2.823478657223,5.102999367,-11.43239660115)
  );
#3939 = B_SPLINE_CURVE_WITH_KNOTS('',1,(#3940,#3941),.UNSPECIFIED.,.F.,
  .F.,(2,2),(0.E+000,3.286359117625),.PIECEWISE_BEZIER_KNOTS.);
#3940 = CARTESIAN_POINT('',(-2.736453890504,5.102999367,-11.57637139903)
  );
#3941 = CARTESIAN_POINT('',(-2.823478657223,5.102999367,-11.43239660115)
  );
#3942 = ORIENTED_EDGE('',*,*,#3943,.F.);
#3943 = EDGE_CURVE('',#3944,#3937,#3946,.T.);
#3944 = VERTEX_POINT('',#3945);
#3945 = CARTESIAN_POINT('',(-2.823478657223,5.099999367,-11.43239660115)
  );
#3946 = B_SPLINE_CURVE_WITH_KNOTS('',1,(#3947,#3948),.UNSPECIFIED.,.F.,
  .F.,(2,2),(0.E+000,3.E-003),.PIECEWISE_BEZIER_KNOTS.);
#3947 = CARTESIAN_POINT('',(-2.823478657223,5.099999367,-11.43239660115)
  );
#3948 = CARTESIAN_POINT('',(-2.823478657223,5.102999367,-11.43239660115)
  );
#3949 = ORIENTED_EDGE('',*,*,#3950,.F.);
#3950 = EDGE_CURVE('',#3916,#3944,#3951,.T.);
#3951 = B_SPLINE_CURVE_WITH_KNOTS('',1,(#3952,#3953),.UNSPECIFIED.,.F.,
  .F.,(2,2),(0.E+000,3.286359117625),.PIECEWISE_BEZIER_KNOTS.);
#3952 = CARTESIAN_POINT('',(-2.736453890504,5.099999367,-11.57637139903)
  );
#3953 = CARTESIAN_POINT('',(-2.823478657223,5.099999367,-11.43239660115)
  );
#3954 = B_SPLINE_SURFACE_WITH_KNOTS('',1,1,(
    (#3955,#3956)
    ,(#3957,#3958
    )),.UNSPECIFIED.,.F.,.F.,.F.,(2,2),(2,2),(0.E+000,3.286359117625),(
    -3.E-003,0.E+000),.PIECEWISE_BEZIER_KNOTS.);
#3955 = CARTESIAN_POINT('',(-2.736453890504,5.102999367,-11.57637139903)
  );
#3956 = CARTESIAN_POINT('',(-2.736453890504,5.099999367,-11.57637139903)
  );
#3957 = CARTESIAN_POINT('',(-2.823478657223,5.102999367,-11.43239660115)
  );
#3958 = CARTESIAN_POINT('',(-2.823478657223,5.099999367,-11.43239660115)
  );
#3959 = ADVANCED_FACE('',(#3960),#3982,.F.);
#3960 = FACE_BOUND('',#3961,.F.);
#3961 = EDGE_LOOP('',(#3962,#3963,#3970,#3977));
#3962 = ORIENTED_EDGE('',*,*,#3943,.T.);
#3963 = ORIENTED_EDGE('',*,*,#3964,.T.);
#3964 = EDGE_CURVE('',#3937,#3965,#3967,.T.);
#3965 = VERTEX_POINT('',#3966);
#3966 = CARTESIAN_POINT('',(-2.833460909877,5.102999367,-11.57637139903)
  );
#3967 = B_SPLINE_CURVE_WITH_KNOTS('',1,(#3968,#3969),.UNSPECIFIED.,.F.,
  .F.,(2,2),(0.E+000,2.81925189545),.PIECEWISE_BEZIER_KNOTS.);
#3968 = CARTESIAN_POINT('',(-2.823478657223,5.102999367,-11.43239660115)
  );
#3969 = CARTESIAN_POINT('',(-2.833460909877,5.102999367,-11.57637139903)
  );
#3970 = ORIENTED_EDGE('',*,*,#3971,.F.);
#3971 = EDGE_CURVE('',#3972,#3965,#3974,.T.);
#3972 = VERTEX_POINT('',#3973);
#3973 = CARTESIAN_POINT('',(-2.833460909877,5.099999367,-11.57637139903)
  );
#3974 = B_SPLINE_CURVE_WITH_KNOTS('',1,(#3975,#3976),.UNSPECIFIED.,.F.,
  .F.,(2,2),(0.E+000,3.E-003),.PIECEWISE_BEZIER_KNOTS.);
#3975 = CARTESIAN_POINT('',(-2.833460909877,5.099999367,-11.57637139903)
  );
#3976 = CARTESIAN_POINT('',(-2.833460909877,5.102999367,-11.57637139903)
  );
#3977 = ORIENTED_EDGE('',*,*,#3978,.F.);
#3978 = EDGE_CURVE('',#3944,#3972,#3979,.T.);
#3979 = B_SPLINE_CURVE_WITH_KNOTS('',1,(#3980,#3981),.UNSPECIFIED.,.F.,
  .F.,(2,2),(0.E+000,2.81925189545),.PIECEWISE_BEZIER_KNOTS.);
#3980 = CARTESIAN_POINT('',(-2.823478657223,5.099999367,-11.43239660115)
  );
#3981 = CARTESIAN_POINT('',(-2.833460909877,5.099999367,-11.57637139903)
  );
#3982 = B_SPLINE_SURFACE_WITH_KNOTS('',1,1,(
    (#3983,#3984)
    ,(#3985,#3986
    )),.UNSPECIFIED.,.F.,.F.,.F.,(2,2),(2,2),(0.E+000,2.81925189545),(
    -3.E-003,0.E+000),.PIECEWISE_BEZIER_KNOTS.);
#3983 = CARTESIAN_POINT('',(-2.823478657223,5.102999367,-11.43239660115)
  );
#3984 = CARTESIAN_POINT('',(-2.823478657223,5.099999367,-11.43239660115)
  );
#3985 = CARTESIAN_POINT('',(-2.833460909877,5.102999367,-11.57637139903)
  );
#3986 = CARTESIAN_POINT('',(-2.833460909877,5.099999367,-11.57637139903)
  );
#3987 = ADVANCED_FACE('',(#3988),#4010,.F.);
#3988 = FACE_BOUND('',#3989,.F.);
#3989 = EDGE_LOOP('',(#3990,#3991,#3998,#4005));
#3990 = ORIENTED_EDGE('',*,*,#3971,.T.);
#3991 = ORIENTED_EDGE('',*,*,#3992,.T.);
#3992 = EDGE_CURVE('',#3965,#3993,#3995,.T.);
#3993 = VERTEX_POINT('',#3994);
#3994 = CARTESIAN_POINT('',(-2.893930324988,5.102999367,-11.57637139903)
  );
#3995 = B_SPLINE_CURVE_WITH_KNOTS('',1,(#3996,#3997),.UNSPECIFIED.,.F.,
  .F.,(2,2),(0.E+000,1.18125),.PIECEWISE_BEZIER_KNOTS.);
#3996 = CARTESIAN_POINT('',(-2.833460909877,5.102999367,-11.57637139903)
  );
#3997 = CARTESIAN_POINT('',(-2.893930324988,5.102999367,-11.57637139903)
  );
#3998 = ORIENTED_EDGE('',*,*,#3999,.F.);
#3999 = EDGE_CURVE('',#4000,#3993,#4002,.T.);
#4000 = VERTEX_POINT('',#4001);
#4001 = CARTESIAN_POINT('',(-2.893930324988,5.099999367,-11.57637139903)
  );
#4002 = B_SPLINE_CURVE_WITH_KNOTS('',1,(#4003,#4004),.UNSPECIFIED.,.F.,
  .F.,(2,2),(0.E+000,3.E-003),.PIECEWISE_BEZIER_KNOTS.);
#4003 = CARTESIAN_POINT('',(-2.893930324988,5.099999367,-11.57637139903)
  );
#4004 = CARTESIAN_POINT('',(-2.893930324988,5.102999367,-11.57637139903)
  );
#4005 = ORIENTED_EDGE('',*,*,#4006,.F.);
#4006 = EDGE_CURVE('',#3972,#4000,#4007,.T.);
#4007 = B_SPLINE_CURVE_WITH_KNOTS('',1,(#4008,#4009),.UNSPECIFIED.,.F.,
  .F.,(2,2),(0.E+000,1.18125),.PIECEWISE_BEZIER_KNOTS.);
#4008 = CARTESIAN_POINT('',(-2.833460909877,5.099999367,-11.57637139903)
  );
#4009 = CARTESIAN_POINT('',(-2.893930324988,5.099999367,-11.57637139903)
  );
#4010 = B_SPLINE_SURFACE_WITH_KNOTS('',1,1,(
    (#4011,#4012)
    ,(#4013,#4014
    )),.UNSPECIFIED.,.F.,.F.,.F.,(2,2),(2,2),(0.E+000,1.18125),(-3.E-003
    ,0.E+000),.PIECEWISE_BEZIER_KNOTS.);
#4011 = CARTESIAN_POINT('',(-2.833460909877,5.102999367,-11.57637139903)
  );
#4012 = CARTESIAN_POINT('',(-2.833460909877,5.099999367,-11.57637139903)
  );
#4013 = CARTESIAN_POINT('',(-2.893930324988,5.102999367,-11.57637139903)
  );
#4014 = CARTESIAN_POINT('',(-2.893930324988,5.099999367,-11.57637139903)
  );
#4015 = ADVANCED_FACE('',(#4016),#4030,.F.);
#4016 = FACE_BOUND('',#4017,.F.);
#4017 = EDGE_LOOP('',(#4018,#4019,#4024,#4025));
#4018 = ORIENTED_EDGE('',*,*,#3999,.T.);
#4019 = ORIENTED_EDGE('',*,*,#4020,.T.);
#4020 = EDGE_CURVE('',#3993,#3846,#4021,.T.);
#4021 = B_SPLINE_CURVE_WITH_KNOTS('',1,(#4022,#4023),.UNSPECIFIED.,.F.,
  .F.,(2,2),(0.E+000,4.336658059497),.PIECEWISE_BEZIER_KNOTS.);
#4022 = CARTESIAN_POINT('',(-2.893930324988,5.102999367,-11.57637139903)
  );
#4023 = CARTESIAN_POINT('',(-2.869934525341,5.102999367,-11.35567403108)
  );
#4024 = ORIENTED_EDGE('',*,*,#3843,.F.);
#4025 = ORIENTED_EDGE('',*,*,#4026,.F.);
#4026 = EDGE_CURVE('',#4000,#3844,#4027,.T.);
#4027 = B_SPLINE_CURVE_WITH_KNOTS('',1,(#4028,#4029),.UNSPECIFIED.,.F.,
  .F.,(2,2),(0.E+000,4.336658059497),.PIECEWISE_BEZIER_KNOTS.);
#4028 = CARTESIAN_POINT('',(-2.893930324988,5.099999367,-11.57637139903)
  );
#4029 = CARTESIAN_POINT('',(-2.869934525341,5.099999367,-11.35567403108)
  );
#4030 = B_SPLINE_SURFACE_WITH_KNOTS('',1,1,(
    (#4031,#4032)
    ,(#4033,#4034
    )),.UNSPECIFIED.,.F.,.F.,.F.,(2,2),(2,2),(0.E+000,4.336658059497),(
    -3.E-003,0.E+000),.PIECEWISE_BEZIER_KNOTS.);
#4031 = CARTESIAN_POINT('',(-2.893930324988,5.102999367,-11.57637139903)
  );
#4032 = CARTESIAN_POINT('',(-2.893930324988,5.099999367,-11.57637139903)
  );
#4033 = CARTESIAN_POINT('',(-2.869934525341,5.102999367,-11.35567403108)
  );
#4034 = CARTESIAN_POINT('',(-2.869934525341,5.099999367,-11.35567403108)
  );
#4035 = ADVANCED_FACE('',(#4036),#4045,.F.);
#4036 = FACE_BOUND('',#4037,.F.);
#4037 = EDGE_LOOP('',(#4038,#4039,#4040,#4041,#4042,#4043,#4044));
#4038 = ORIENTED_EDGE('',*,*,#3866,.T.);
#4039 = ORIENTED_EDGE('',*,*,#3894,.T.);
#4040 = ORIENTED_EDGE('',*,*,#3922,.T.);
#4041 = ORIENTED_EDGE('',*,*,#3950,.T.);
#4042 = ORIENTED_EDGE('',*,*,#3978,.T.);
#4043 = ORIENTED_EDGE('',*,*,#4006,.T.);
#4044 = ORIENTED_EDGE('',*,*,#4026,.T.);
#4045 = B_SPLINE_SURFACE_WITH_KNOTS('',1,1,(
    (#4046,#4047)
    ,(#4048,#4049
    )),.UNSPECIFIED.,.F.,.F.,.F.,(2,2),(2,2),(47.354984755889,
    56.252474910776),(-36.2858132503,-27.52798118859),
  .PIECEWISE_BEZIER_KNOTS.);
#4046 = CARTESIAN_POINT('',(-2.893930324988,5.099999367,-11.35567403108)
  );
#4047 = CARTESIAN_POINT('',(-2.893930324988,5.099999367,-11.57637139903)
  );
#4048 = CARTESIAN_POINT('',(-2.669713573084,5.099999367,-11.35567403108)
  );
#4049 = CARTESIAN_POINT('',(-2.669713573084,5.099999367,-11.57637139903)
  );
#4050 = ADVANCED_FACE('',(#4051),#4060,.T.);
#4051 = FACE_BOUND('',#4052,.T.);
#4052 = EDGE_LOOP('',(#4053,#4054,#4055,#4056,#4057,#4058,#4059));
#4053 = ORIENTED_EDGE('',*,*,#3852,.T.);
#4054 = ORIENTED_EDGE('',*,*,#3880,.T.);
#4055 = ORIENTED_EDGE('',*,*,#3908,.T.);
#4056 = ORIENTED_EDGE('',*,*,#3936,.T.);
#4057 = ORIENTED_EDGE('',*,*,#3964,.T.);
#4058 = ORIENTED_EDGE('',*,*,#3992,.T.);
#4059 = ORIENTED_EDGE('',*,*,#4020,.T.);
#4060 = B_SPLINE_SURFACE_WITH_KNOTS('',1,1,(
    (#4061,#4062)
    ,(#4063,#4064
    )),.UNSPECIFIED.,.F.,.F.,.F.,(2,2),(2,2),(47.354984755889,
    56.252474910776),(-36.2858132503,-27.52798118859),
  .PIECEWISE_BEZIER_KNOTS.);
#4061 = CARTESIAN_POINT('',(-2.893930324988,5.102999367,-11.35567403108)
  );
#4062 = CARTESIAN_POINT('',(-2.893930324988,5.102999367,-11.57637139903)
  );
#4063 = CARTESIAN_POINT('',(-2.669713573084,5.102999367,-11.35567403108)
  );
#4064 = CARTESIAN_POINT('',(-2.669713573084,5.102999367,-11.57637139903)
  );
#4065 = MANIFOLD_SOLID_BREP('',#4066);
#4066 = CLOSED_SHELL('',(#4067,#4103,#4131,#4159,#4179,#4191));
#4067 = ADVANCED_FACE('',(#4068),#4098,.F.);
#4068 = FACE_BOUND('',#4069,.F.);
#4069 = EDGE_LOOP('',(#4070,#4079,#4086,#4093));
#4070 = ORIENTED_EDGE('',*,*,#4071,.T.);
#4071 = EDGE_CURVE('',#4072,#4074,#4076,.T.);
#4072 = VERTEX_POINT('',#4073);
#4073 = CARTESIAN_POINT('',(-2.687950380816,5.099999367,-11.35567403108)
  );
#4074 = VERTEX_POINT('',#4075);
#4075 = CARTESIAN_POINT('',(-2.687950380816,5.102999367,-11.35567403108)
  );
#4076 = B_SPLINE_CURVE_WITH_KNOTS('',1,(#4077,#4078),.UNSPECIFIED.,.F.,
  .F.,(2,2),(0.E+000,3.E-003),.PIECEWISE_BEZIER_KNOTS.);
#4077 = CARTESIAN_POINT('',(-2.687950380816,5.099999367,-11.35567403108)
  );
#4078 = CARTESIAN_POINT('',(-2.687950380816,5.102999367,-11.35567403108)
  );
#4079 = ORIENTED_EDGE('',*,*,#4080,.T.);
#4080 = EDGE_CURVE('',#4074,#4081,#4083,.T.);
#4081 = VERTEX_POINT('',#4082);
#4082 = CARTESIAN_POINT('',(-2.62575326813,5.102999367,-11.35567403108)
  );
#4083 = B_SPLINE_CURVE_WITH_KNOTS('',1,(#4084,#4085),.UNSPECIFIED.,.F.,
  .F.,(2,2),(0.E+000,1.215),.PIECEWISE_BEZIER_KNOTS.);
#4084 = CARTESIAN_POINT('',(-2.687950380816,5.102999367,-11.35567403108)
  );
#4085 = CARTESIAN_POINT('',(-2.62575326813,5.102999367,-11.35567403108)
  );
#4086 = ORIENTED_EDGE('',*,*,#4087,.F.);
#4087 = EDGE_CURVE('',#4088,#4081,#4090,.T.);
#4088 = VERTEX_POINT('',#4089);
#4089 = CARTESIAN_POINT('',(-2.62575326813,5.099999367,-11.35567403108)
  );
#4090 = B_SPLINE_CURVE_WITH_KNOTS('',1,(#4091,#4092),.UNSPECIFIED.,.F.,
  .F.,(2,2),(0.E+000,3.E-003),.PIECEWISE_BEZIER_KNOTS.);
#4091 = CARTESIAN_POINT('',(-2.62575326813,5.099999367,-11.35567403108)
  );
#4092 = CARTESIAN_POINT('',(-2.62575326813,5.102999367,-11.35567403108)
  );
#4093 = ORIENTED_EDGE('',*,*,#4094,.F.);
#4094 = EDGE_CURVE('',#4072,#4088,#4095,.T.);
#4095 = B_SPLINE_CURVE_WITH_KNOTS('',1,(#4096,#4097),.UNSPECIFIED.,.F.,
  .F.,(2,2),(0.E+000,1.215),.PIECEWISE_BEZIER_KNOTS.);
#4096 = CARTESIAN_POINT('',(-2.687950380816,5.099999367,-11.35567403108)
  );
#4097 = CARTESIAN_POINT('',(-2.62575326813,5.099999367,-11.35567403108)
  );
#4098 = B_SPLINE_SURFACE_WITH_KNOTS('',1,1,(
    (#4099,#4100)
    ,(#4101,#4102
    )),.UNSPECIFIED.,.F.,.F.,.F.,(2,2),(2,2),(0.E+000,1.215),(-3.E-003,
    0.E+000),.PIECEWISE_BEZIER_KNOTS.);
#4099 = CARTESIAN_POINT('',(-2.687950380816,5.102999367,-11.35567403108)
  );
#4100 = CARTESIAN_POINT('',(-2.687950380816,5.099999367,-11.35567403108)
  );
#4101 = CARTESIAN_POINT('',(-2.62575326813,5.102999367,-11.35567403108)
  );
#4102 = CARTESIAN_POINT('',(-2.62575326813,5.099999367,-11.35567403108)
  );
#4103 = ADVANCED_FACE('',(#4104),#4126,.F.);
#4104 = FACE_BOUND('',#4105,.F.);
#4105 = EDGE_LOOP('',(#4106,#4107,#4114,#4121));
#4106 = ORIENTED_EDGE('',*,*,#4087,.T.);
#4107 = ORIENTED_EDGE('',*,*,#4108,.T.);
#4108 = EDGE_CURVE('',#4081,#4109,#4111,.T.);
#4109 = VERTEX_POINT('',#4110);
#4110 = CARTESIAN_POINT('',(-2.565731774613,5.102999367,-11.5783550518)
  );
#4111 = B_SPLINE_CURVE_WITH_KNOTS('',1,(#4112,#4113),.UNSPECIFIED.,.F.,
  .F.,(2,2),(0.E+000,4.505247634703),.PIECEWISE_BEZIER_KNOTS.);
#4112 = CARTESIAN_POINT('',(-2.62575326813,5.102999367,-11.35567403108)
  );
#4113 = CARTESIAN_POINT('',(-2.565731774613,5.102999367,-11.5783550518)
  );
#4114 = ORIENTED_EDGE('',*,*,#4115,.F.);
#4115 = EDGE_CURVE('',#4116,#4109,#4118,.T.);
#4116 = VERTEX_POINT('',#4117);
#4117 = CARTESIAN_POINT('',(-2.565731774613,5.099999367,-11.5783550518)
  );
#4118 = B_SPLINE_CURVE_WITH_KNOTS('',1,(#4119,#4120),.UNSPECIFIED.,.F.,
  .F.,(2,2),(0.E+000,3.E-003),.PIECEWISE_BEZIER_KNOTS.);
#4119 = CARTESIAN_POINT('',(-2.565731774613,5.099999367,-11.5783550518)
  );
#4120 = CARTESIAN_POINT('',(-2.565731774613,5.102999367,-11.5783550518)
  );
#4121 = ORIENTED_EDGE('',*,*,#4122,.F.);
#4122 = EDGE_CURVE('',#4088,#4116,#4123,.T.);
#4123 = B_SPLINE_CURVE_WITH_KNOTS('',1,(#4124,#4125),.UNSPECIFIED.,.F.,
  .F.,(2,2),(0.E+000,4.505247634703),.PIECEWISE_BEZIER_KNOTS.);
#4124 = CARTESIAN_POINT('',(-2.62575326813,5.099999367,-11.35567403108)
  );
#4125 = CARTESIAN_POINT('',(-2.565731774613,5.099999367,-11.5783550518)
  );
#4126 = B_SPLINE_SURFACE_WITH_KNOTS('',1,1,(
    (#4127,#4128)
    ,(#4129,#4130
    )),.UNSPECIFIED.,.F.,.F.,.F.,(2,2),(2,2),(0.E+000,4.505247634703),(
    -3.E-003,0.E+000),.PIECEWISE_BEZIER_KNOTS.);
#4127 = CARTESIAN_POINT('',(-2.62575326813,5.102999367,-11.35567403108)
  );
#4128 = CARTESIAN_POINT('',(-2.62575326813,5.099999367,-11.35567403108)
  );
#4129 = CARTESIAN_POINT('',(-2.565731774613,5.102999367,-11.5783550518)
  );
#4130 = CARTESIAN_POINT('',(-2.565731774613,5.099999367,-11.5783550518)
  );
#4131 = ADVANCED_FACE('',(#4132),#4154,.F.);
#4132 = FACE_BOUND('',#4133,.F.);
#4133 = EDGE_LOOP('',(#4134,#4135,#4142,#4149));
#4134 = ORIENTED_EDGE('',*,*,#4115,.T.);
#4135 = ORIENTED_EDGE('',*,*,#4136,.T.);
#4136 = EDGE_CURVE('',#4109,#4137,#4139,.T.);
#4137 = VERTEX_POINT('',#4138);
#4138 = CARTESIAN_POINT('',(-2.627480965705,5.102999367,-11.5783550518)
  );
#4139 = B_SPLINE_CURVE_WITH_KNOTS('',1,(#4140,#4141),.UNSPECIFIED.,.F.,
  .F.,(2,2),(0.E+000,1.20625),.PIECEWISE_BEZIER_KNOTS.);
#4140 = CARTESIAN_POINT('',(-2.565731774613,5.102999367,-11.5783550518)
  );
#4141 = CARTESIAN_POINT('',(-2.627480965705,5.102999367,-11.5783550518)
  );
#4142 = ORIENTED_EDGE('',*,*,#4143,.F.);
#4143 = EDGE_CURVE('',#4144,#4137,#4146,.T.);
#4144 = VERTEX_POINT('',#4145);
#4145 = CARTESIAN_POINT('',(-2.627480965705,5.099999367,-11.5783550518)
  );
#4146 = B_SPLINE_CURVE_WITH_KNOTS('',1,(#4147,#4148),.UNSPECIFIED.,.F.,
  .F.,(2,2),(0.E+000,3.E-003),.PIECEWISE_BEZIER_KNOTS.);
#4147 = CARTESIAN_POINT('',(-2.627480965705,5.099999367,-11.5783550518)
  );
#4148 = CARTESIAN_POINT('',(-2.627480965705,5.102999367,-11.5783550518)
  );
#4149 = ORIENTED_EDGE('',*,*,#4150,.F.);
#4150 = EDGE_CURVE('',#4116,#4144,#4151,.T.);
#4151 = B_SPLINE_CURVE_WITH_KNOTS('',1,(#4152,#4153),.UNSPECIFIED.,.F.,
  .F.,(2,2),(0.E+000,1.20625),.PIECEWISE_BEZIER_KNOTS.);
#4152 = CARTESIAN_POINT('',(-2.565731774613,5.099999367,-11.5783550518)
  );
#4153 = CARTESIAN_POINT('',(-2.627480965705,5.099999367,-11.5783550518)
  );
#4154 = B_SPLINE_SURFACE_WITH_KNOTS('',1,1,(
    (#4155,#4156)
    ,(#4157,#4158
    )),.UNSPECIFIED.,.F.,.F.,.F.,(2,2),(2,2),(0.E+000,1.20625),(-3.E-003
    ,0.E+000),.PIECEWISE_BEZIER_KNOTS.);
#4155 = CARTESIAN_POINT('',(-2.565731774613,5.102999367,-11.5783550518)
  );
#4156 = CARTESIAN_POINT('',(-2.565731774613,5.099999367,-11.5783550518)
  );
#4157 = CARTESIAN_POINT('',(-2.627480965705,5.102999367,-11.5783550518)
  );
#4158 = CARTESIAN_POINT('',(-2.627480965705,5.099999367,-11.5783550518)
  );
#4159 = ADVANCED_FACE('',(#4160),#4174,.F.);
#4160 = FACE_BOUND('',#4161,.F.);
#4161 = EDGE_LOOP('',(#4162,#4163,#4168,#4169));
#4162 = ORIENTED_EDGE('',*,*,#4143,.T.);
#4163 = ORIENTED_EDGE('',*,*,#4164,.T.);
#4164 = EDGE_CURVE('',#4137,#4074,#4165,.T.);
#4165 = B_SPLINE_CURVE_WITH_KNOTS('',1,(#4166,#4167),.UNSPECIFIED.,.F.,
  .F.,(2,2),(0.E+000,4.507532757784),.PIECEWISE_BEZIER_KNOTS.);
#4166 = CARTESIAN_POINT('',(-2.627480965705,5.102999367,-11.5783550518)
  );
#4167 = CARTESIAN_POINT('',(-2.687950380816,5.102999367,-11.35567403108)
  );
#4168 = ORIENTED_EDGE('',*,*,#4071,.F.);
#4169 = ORIENTED_EDGE('',*,*,#4170,.F.);
#4170 = EDGE_CURVE('',#4144,#4072,#4171,.T.);
#4171 = B_SPLINE_CURVE_WITH_KNOTS('',1,(#4172,#4173),.UNSPECIFIED.,.F.,
  .F.,(2,2),(0.E+000,4.507532757784),.PIECEWISE_BEZIER_KNOTS.);
#4172 = CARTESIAN_POINT('',(-2.627480965705,5.099999367,-11.5783550518)
  );
#4173 = CARTESIAN_POINT('',(-2.687950380816,5.099999367,-11.35567403108)
  );
#4174 = B_SPLINE_SURFACE_WITH_KNOTS('',1,1,(
    (#4175,#4176)
    ,(#4177,#4178
    )),.UNSPECIFIED.,.F.,.F.,.F.,(2,2),(2,2),(0.E+000,4.507532757784),(
    -3.E-003,0.E+000),.PIECEWISE_BEZIER_KNOTS.);
#4175 = CARTESIAN_POINT('',(-2.627480965705,5.102999367,-11.5783550518)
  );
#4176 = CARTESIAN_POINT('',(-2.627480965705,5.099999367,-11.5783550518)
  );
#4177 = CARTESIAN_POINT('',(-2.687950380816,5.102999367,-11.35567403108)
  );
#4178 = CARTESIAN_POINT('',(-2.687950380816,5.099999367,-11.35567403108)
  );
#4179 = ADVANCED_FACE('',(#4180),#4186,.F.);
#4180 = FACE_BOUND('',#4181,.F.);
#4181 = EDGE_LOOP('',(#4182,#4183,#4184,#4185));
#4182 = ORIENTED_EDGE('',*,*,#4094,.T.);
#4183 = ORIENTED_EDGE('',*,*,#4122,.T.);
#4184 = ORIENTED_EDGE('',*,*,#4150,.T.);
#4185 = ORIENTED_EDGE('',*,*,#4170,.T.);
#4186 = B_SPLINE_SURFACE_WITH_KNOTS('',1,1,(
    (#4187,#4188)
    ,(#4189,#4190
    )),.UNSPECIFIED.,.F.,.F.,.F.,(2,2),(2,2),(55.528792064274,
    60.378736754866),(-36.2858132503,-27.4492648088),
  .PIECEWISE_BEZIER_KNOTS.);
#4187 = CARTESIAN_POINT('',(-2.687950380816,5.099999367,-11.35567403108)
  );
#4188 = CARTESIAN_POINT('',(-2.687950380816,5.099999367,-11.5783550518)
  );
#4189 = CARTESIAN_POINT('',(-2.565731774613,5.099999367,-11.35567403108)
  );
#4190 = CARTESIAN_POINT('',(-2.565731774613,5.099999367,-11.5783550518)
  );
#4191 = ADVANCED_FACE('',(#4192),#4198,.T.);
#4192 = FACE_BOUND('',#4193,.T.);
#4193 = EDGE_LOOP('',(#4194,#4195,#4196,#4197));
#4194 = ORIENTED_EDGE('',*,*,#4080,.T.);
#4195 = ORIENTED_EDGE('',*,*,#4108,.T.);
#4196 = ORIENTED_EDGE('',*,*,#4136,.T.);
#4197 = ORIENTED_EDGE('',*,*,#4164,.T.);
#4198 = B_SPLINE_SURFACE_WITH_KNOTS('',1,1,(
    (#4199,#4200)
    ,(#4201,#4202
    )),.UNSPECIFIED.,.F.,.F.,.F.,(2,2),(2,2),(55.528792064274,
    60.378736754866),(-36.2858132503,-27.4492648088),
  .PIECEWISE_BEZIER_KNOTS.);
#4199 = CARTESIAN_POINT('',(-2.687950380816,5.102999367,-11.35567403108)
  );
#4200 = CARTESIAN_POINT('',(-2.687950380816,5.102999367,-11.5783550518)
  );
#4201 = CARTESIAN_POINT('',(-2.565731774613,5.102999367,-11.35567403108)
  );
#4202 = CARTESIAN_POINT('',(-2.565731774613,5.102999367,-11.5783550518)
  );
#4203 = MANIFOLD_SOLID_BREP('',#4204);
#4204 = CLOSED_SHELL('',(#4205,#4241,#4269,#4297,#4317,#4329));
#4205 = ADVANCED_FACE('',(#4206),#4236,.F.);
#4206 = FACE_BOUND('',#4207,.F.);
#4207 = EDGE_LOOP('',(#4208,#4217,#4224,#4231));
#4208 = ORIENTED_EDGE('',*,*,#4209,.T.);
#4209 = EDGE_CURVE('',#4210,#4212,#4214,.T.);
#4210 = VERTEX_POINT('',#4211);
#4211 = CARTESIAN_POINT('',(-3.050894849079,5.099999367,-11.35465021029)
  );
#4212 = VERTEX_POINT('',#4213);
#4213 = CARTESIAN_POINT('',(-3.050894849079,5.102999367,-11.35465021029)
  );
#4214 = B_SPLINE_CURVE_WITH_KNOTS('',1,(#4215,#4216),.UNSPECIFIED.,.F.,
  .F.,(2,2),(0.E+000,3.E-003),.PIECEWISE_BEZIER_KNOTS.);
#4215 = CARTESIAN_POINT('',(-3.050894849079,5.099999367,-11.35465021029)
  );
#4216 = CARTESIAN_POINT('',(-3.050894849079,5.102999367,-11.35465021029)
  );
#4217 = ORIENTED_EDGE('',*,*,#4218,.T.);
#4218 = EDGE_CURVE('',#4212,#4219,#4221,.T.);
#4219 = VERTEX_POINT('',#4220);
#4220 = CARTESIAN_POINT('',(-2.989913523577,5.102999367,-11.35465021029)
  );
#4221 = B_SPLINE_CURVE_WITH_KNOTS('',1,(#4222,#4223),.UNSPECIFIED.,.F.,
  .F.,(2,2),(0.E+000,1.19125),.PIECEWISE_BEZIER_KNOTS.);
#4222 = CARTESIAN_POINT('',(-3.050894849079,5.102999367,-11.35465021029)
  );
#4223 = CARTESIAN_POINT('',(-2.989913523577,5.102999367,-11.35465021029)
  );
#4224 = ORIENTED_EDGE('',*,*,#4225,.F.);
#4225 = EDGE_CURVE('',#4226,#4219,#4228,.T.);
#4226 = VERTEX_POINT('',#4227);
#4227 = CARTESIAN_POINT('',(-2.989913523577,5.099999367,-11.35465021029)
  );
#4228 = B_SPLINE_CURVE_WITH_KNOTS('',1,(#4229,#4230),.UNSPECIFIED.,.F.,
  .F.,(2,2),(0.E+000,3.E-003),.PIECEWISE_BEZIER_KNOTS.);
#4229 = CARTESIAN_POINT('',(-2.989913523577,5.099999367,-11.35465021029)
  );
#4230 = CARTESIAN_POINT('',(-2.989913523577,5.102999367,-11.35465021029)
  );
#4231 = ORIENTED_EDGE('',*,*,#4232,.F.);
#4232 = EDGE_CURVE('',#4210,#4226,#4233,.T.);
#4233 = B_SPLINE_CURVE_WITH_KNOTS('',1,(#4234,#4235),.UNSPECIFIED.,.F.,
  .F.,(2,2),(0.E+000,1.19125),.PIECEWISE_BEZIER_KNOTS.);
#4234 = CARTESIAN_POINT('',(-3.050894849079,5.099999367,-11.35465021029)
  );
#4235 = CARTESIAN_POINT('',(-2.989913523577,5.099999367,-11.35465021029)
  );
#4236 = B_SPLINE_SURFACE_WITH_KNOTS('',1,1,(
    (#4237,#4238)
    ,(#4239,#4240
    )),.UNSPECIFIED.,.F.,.F.,.F.,(2,2),(2,2),(0.E+000,1.19125),(-3.E-003
    ,0.E+000),.PIECEWISE_BEZIER_KNOTS.);
#4237 = CARTESIAN_POINT('',(-3.050894849079,5.102999367,-11.35465021029)
  );
#4238 = CARTESIAN_POINT('',(-3.050894849079,5.099999367,-11.35465021029)
  );
#4239 = CARTESIAN_POINT('',(-2.989913523577,5.102999367,-11.35465021029)
  );
#4240 = CARTESIAN_POINT('',(-2.989913523577,5.099999367,-11.35465021029)
  );
#4241 = ADVANCED_FACE('',(#4242),#4264,.F.);
#4242 = FACE_BOUND('',#4243,.F.);
#4243 = EDGE_LOOP('',(#4244,#4245,#4252,#4259));
#4244 = ORIENTED_EDGE('',*,*,#4225,.T.);
#4245 = ORIENTED_EDGE('',*,*,#4246,.T.);
#4246 = EDGE_CURVE('',#4219,#4247,#4249,.T.);
#4247 = VERTEX_POINT('',#4248);
#4248 = CARTESIAN_POINT('',(-2.930915850843,5.102999367,-11.5783550518)
  );
#4249 = B_SPLINE_CURVE_WITH_KNOTS('',1,(#4250,#4251),.UNSPECIFIED.,.F.,
  .F.,(2,2),(0.E+000,4.519419901934),.PIECEWISE_BEZIER_KNOTS.);
#4250 = CARTESIAN_POINT('',(-2.989913523577,5.102999367,-11.35465021029)
  );
#4251 = CARTESIAN_POINT('',(-2.930915850843,5.102999367,-11.5783550518)
  );
#4252 = ORIENTED_EDGE('',*,*,#4253,.F.);
#4253 = EDGE_CURVE('',#4254,#4247,#4256,.T.);
#4254 = VERTEX_POINT('',#4255);
#4255 = CARTESIAN_POINT('',(-2.930915850843,5.099999367,-11.5783550518)
  );
#4256 = B_SPLINE_CURVE_WITH_KNOTS('',1,(#4257,#4258),.UNSPECIFIED.,.F.,
  .F.,(2,2),(0.E+000,3.E-003),.PIECEWISE_BEZIER_KNOTS.);
#4257 = CARTESIAN_POINT('',(-2.930915850843,5.099999367,-11.5783550518)
  );
#4258 = CARTESIAN_POINT('',(-2.930915850843,5.102999367,-11.5783550518)
  );
#4259 = ORIENTED_EDGE('',*,*,#4260,.F.);
#4260 = EDGE_CURVE('',#4226,#4254,#4261,.T.);
#4261 = B_SPLINE_CURVE_WITH_KNOTS('',1,(#4262,#4263),.UNSPECIFIED.,.F.,
  .F.,(2,2),(0.E+000,4.519419901934),.PIECEWISE_BEZIER_KNOTS.);
#4262 = CARTESIAN_POINT('',(-2.989913523577,5.099999367,-11.35465021029)
  );
#4263 = CARTESIAN_POINT('',(-2.930915850843,5.099999367,-11.5783550518)
  );
#4264 = B_SPLINE_SURFACE_WITH_KNOTS('',1,1,(
    (#4265,#4266)
    ,(#4267,#4268
    )),.UNSPECIFIED.,.F.,.F.,.F.,(2,2),(2,2),(0.E+000,4.519419901934),(
    -3.E-003,0.E+000),.PIECEWISE_BEZIER_KNOTS.);
#4265 = CARTESIAN_POINT('',(-2.989913523577,5.102999367,-11.35465021029)
  );
#4266 = CARTESIAN_POINT('',(-2.989913523577,5.099999367,-11.35465021029)
  );
#4267 = CARTESIAN_POINT('',(-2.930915850843,5.102999367,-11.5783550518)
  );
#4268 = CARTESIAN_POINT('',(-2.930915850843,5.099999367,-11.5783550518)
  );
#4269 = ADVANCED_FACE('',(#4270),#4292,.F.);
#4270 = FACE_BOUND('',#4271,.F.);
#4271 = EDGE_LOOP('',(#4272,#4273,#4280,#4287));
#4272 = ORIENTED_EDGE('',*,*,#4253,.T.);
#4273 = ORIENTED_EDGE('',*,*,#4274,.T.);
#4274 = EDGE_CURVE('',#4247,#4275,#4277,.T.);
#4275 = VERTEX_POINT('',#4276);
#4276 = CARTESIAN_POINT('',(-2.993432907524,5.102999367,-11.5783550518)
  );
#4277 = B_SPLINE_CURVE_WITH_KNOTS('',1,(#4278,#4279),.UNSPECIFIED.,.F.,
  .F.,(2,2),(0.E+000,1.22125),.PIECEWISE_BEZIER_KNOTS.);
#4278 = CARTESIAN_POINT('',(-2.930915850843,5.102999367,-11.5783550518)
  );
#4279 = CARTESIAN_POINT('',(-2.993432907524,5.102999367,-11.5783550518)
  );
#4280 = ORIENTED_EDGE('',*,*,#4281,.F.);
#4281 = EDGE_CURVE('',#4282,#4275,#4284,.T.);
#4282 = VERTEX_POINT('',#4283);
#4283 = CARTESIAN_POINT('',(-2.993432907524,5.099999367,-11.5783550518)
  );
#4284 = B_SPLINE_CURVE_WITH_KNOTS('',1,(#4285,#4286),.UNSPECIFIED.,.F.,
  .F.,(2,2),(0.E+000,3.E-003),.PIECEWISE_BEZIER_KNOTS.);
#4285 = CARTESIAN_POINT('',(-2.993432907524,5.099999367,-11.5783550518)
  );
#4286 = CARTESIAN_POINT('',(-2.993432907524,5.102999367,-11.5783550518)
  );
#4287 = ORIENTED_EDGE('',*,*,#4288,.F.);
#4288 = EDGE_CURVE('',#4254,#4282,#4289,.T.);
#4289 = B_SPLINE_CURVE_WITH_KNOTS('',1,(#4290,#4291),.UNSPECIFIED.,.F.,
  .F.,(2,2),(0.E+000,1.22125),.PIECEWISE_BEZIER_KNOTS.);
#4290 = CARTESIAN_POINT('',(-2.930915850843,5.099999367,-11.5783550518)
  );
#4291 = CARTESIAN_POINT('',(-2.993432907524,5.099999367,-11.5783550518)
  );
#4292 = B_SPLINE_SURFACE_WITH_KNOTS('',1,1,(
    (#4293,#4294)
    ,(#4295,#4296
    )),.UNSPECIFIED.,.F.,.F.,.F.,(2,2),(2,2),(0.E+000,1.22125),(-3.E-003
    ,0.E+000),.PIECEWISE_BEZIER_KNOTS.);
#4293 = CARTESIAN_POINT('',(-2.930915850843,5.102999367,-11.5783550518)
  );
#4294 = CARTESIAN_POINT('',(-2.930915850843,5.099999367,-11.5783550518)
  );
#4295 = CARTESIAN_POINT('',(-2.993432907524,5.102999367,-11.5783550518)
  );
#4296 = CARTESIAN_POINT('',(-2.993432907524,5.099999367,-11.5783550518)
  );
#4297 = ADVANCED_FACE('',(#4298),#4312,.F.);
#4298 = FACE_BOUND('',#4299,.F.);
#4299 = EDGE_LOOP('',(#4300,#4301,#4306,#4307));
#4300 = ORIENTED_EDGE('',*,*,#4281,.T.);
#4301 = ORIENTED_EDGE('',*,*,#4302,.T.);
#4302 = EDGE_CURVE('',#4275,#4212,#4303,.T.);
#4303 = B_SPLINE_CURVE_WITH_KNOTS('',1,(#4304,#4305),.UNSPECIFIED.,.F.,
  .F.,(2,2),(0.E+000,4.511862835903),.PIECEWISE_BEZIER_KNOTS.);
#4304 = CARTESIAN_POINT('',(-2.993432907524,5.102999367,-11.5783550518)
  );
#4305 = CARTESIAN_POINT('',(-3.050894849079,5.102999367,-11.35465021029)
  );
#4306 = ORIENTED_EDGE('',*,*,#4209,.F.);
#4307 = ORIENTED_EDGE('',*,*,#4308,.F.);
#4308 = EDGE_CURVE('',#4282,#4210,#4309,.T.);
#4309 = B_SPLINE_CURVE_WITH_KNOTS('',1,(#4310,#4311),.UNSPECIFIED.,.F.,
  .F.,(2,2),(0.E+000,4.511862835903),.PIECEWISE_BEZIER_KNOTS.);
#4310 = CARTESIAN_POINT('',(-2.993432907524,5.099999367,-11.5783550518)
  );
#4311 = CARTESIAN_POINT('',(-3.050894849079,5.099999367,-11.35465021029)
  );
#4312 = B_SPLINE_SURFACE_WITH_KNOTS('',1,1,(
    (#4313,#4314)
    ,(#4315,#4316
    )),.UNSPECIFIED.,.F.,.F.,.F.,(2,2),(2,2),(0.E+000,4.511862835903),(
    -3.E-003,0.E+000),.PIECEWISE_BEZIER_KNOTS.);
#4313 = CARTESIAN_POINT('',(-2.993432907524,5.102999367,-11.5783550518)
  );
#4314 = CARTESIAN_POINT('',(-2.993432907524,5.099999367,-11.5783550518)
  );
#4315 = CARTESIAN_POINT('',(-3.050894849079,5.102999367,-11.35465021029)
  );
#4316 = CARTESIAN_POINT('',(-3.050894849079,5.099999367,-11.35465021029)
  );
#4317 = ADVANCED_FACE('',(#4318),#4324,.F.);
#4318 = FACE_BOUND('',#4319,.F.);
#4319 = EDGE_LOOP('',(#4320,#4321,#4322,#4323));
#4320 = ORIENTED_EDGE('',*,*,#4232,.T.);
#4321 = ORIENTED_EDGE('',*,*,#4260,.T.);
#4322 = ORIENTED_EDGE('',*,*,#4288,.T.);
#4323 = ORIENTED_EDGE('',*,*,#4308,.T.);
#4324 = B_SPLINE_SURFACE_WITH_KNOTS('',1,1,(
    (#4325,#4326)
    ,(#4327,#4328
    )),.UNSPECIFIED.,.F.,.F.,.F.,(2,2),(2,2),(41.126233799856,
    45.887305158421),(-36.32644105922,-27.4492648088),
  .PIECEWISE_BEZIER_KNOTS.);
#4325 = CARTESIAN_POINT('',(-3.050894849079,5.099999367,-11.35465021029)
  );
#4326 = CARTESIAN_POINT('',(-3.050894849079,5.099999367,-11.5783550518)
  );
#4327 = CARTESIAN_POINT('',(-2.930915850843,5.099999367,-11.35465021029)
  );
#4328 = CARTESIAN_POINT('',(-2.930915850843,5.099999367,-11.5783550518)
  );
#4329 = ADVANCED_FACE('',(#4330),#4336,.T.);
#4330 = FACE_BOUND('',#4331,.T.);
#4331 = EDGE_LOOP('',(#4332,#4333,#4334,#4335));
#4332 = ORIENTED_EDGE('',*,*,#4218,.T.);
#4333 = ORIENTED_EDGE('',*,*,#4246,.T.);
#4334 = ORIENTED_EDGE('',*,*,#4274,.T.);
#4335 = ORIENTED_EDGE('',*,*,#4302,.T.);
#4336 = B_SPLINE_SURFACE_WITH_KNOTS('',1,1,(
    (#4337,#4338)
    ,(#4339,#4340
    )),.UNSPECIFIED.,.F.,.F.,.F.,(2,2),(2,2),(41.126233799856,
    45.887305158421),(-36.32644105922,-27.4492648088),
  .PIECEWISE_BEZIER_KNOTS.);
#4337 = CARTESIAN_POINT('',(-3.050894849079,5.102999367,-11.35465021029)
  );
#4338 = CARTESIAN_POINT('',(-3.050894849079,5.102999367,-11.5783550518)
  );
#4339 = CARTESIAN_POINT('',(-2.930915850843,5.102999367,-11.35465021029)
  );
#4340 = CARTESIAN_POINT('',(-2.930915850843,5.102999367,-11.5783550518)
  );
#4341 = MANIFOLD_SOLID_BREP('',#4342);
#4342 = CLOSED_SHELL('',(#4343,#4379,#4407,#4435,#4455,#4467));
#4343 = ADVANCED_FACE('',(#4344),#4374,.F.);
#4344 = FACE_BOUND('',#4345,.F.);
#4345 = EDGE_LOOP('',(#4346,#4355,#4362,#4369));
#4346 = ORIENTED_EDGE('',*,*,#4347,.T.);
#4347 = EDGE_CURVE('',#4348,#4350,#4352,.T.);
#4348 = VERTEX_POINT('',#4349);
#4349 = CARTESIAN_POINT('',(-2.989913523577,5.099999367,-11.60036719868)
  );
#4350 = VERTEX_POINT('',#4351);
#4351 = CARTESIAN_POINT('',(-2.989913523577,5.102999367,-11.60036719868)
  );
#4352 = B_SPLINE_CURVE_WITH_KNOTS('',1,(#4353,#4354),.UNSPECIFIED.,.F.,
  .F.,(2,2),(0.E+000,3.E-003),.PIECEWISE_BEZIER_KNOTS.);
#4353 = CARTESIAN_POINT('',(-2.989913523577,5.099999367,-11.60036719868)
  );
#4354 = CARTESIAN_POINT('',(-2.989913523577,5.102999367,-11.60036719868)
  );
#4355 = ORIENTED_EDGE('',*,*,#4356,.T.);
#4356 = EDGE_CURVE('',#4350,#4357,#4359,.T.);
#4357 = VERTEX_POINT('',#4358);
#4358 = CARTESIAN_POINT('',(-2.924708937334,5.102999367,-11.60036719868)
  );
#4359 = B_SPLINE_CURVE_WITH_KNOTS('',1,(#4360,#4361),.UNSPECIFIED.,.F.,
  .F.,(2,2),(0.E+000,1.27375),.PIECEWISE_BEZIER_KNOTS.);
#4360 = CARTESIAN_POINT('',(-2.989913523577,5.102999367,-11.60036719868)
  );
#4361 = CARTESIAN_POINT('',(-2.924708937334,5.102999367,-11.60036719868)
  );
#4362 = ORIENTED_EDGE('',*,*,#4363,.F.);
#4363 = EDGE_CURVE('',#4364,#4357,#4366,.T.);
#4364 = VERTEX_POINT('',#4365);
#4365 = CARTESIAN_POINT('',(-2.924708937334,5.099999367,-11.60036719868)
  );
#4366 = B_SPLINE_CURVE_WITH_KNOTS('',1,(#4367,#4368),.UNSPECIFIED.,.F.,
  .F.,(2,2),(0.E+000,3.E-003),.PIECEWISE_BEZIER_KNOTS.);
#4367 = CARTESIAN_POINT('',(-2.924708937334,5.099999367,-11.60036719868)
  );
#4368 = CARTESIAN_POINT('',(-2.924708937334,5.102999367,-11.60036719868)
  );
#4369 = ORIENTED_EDGE('',*,*,#4370,.F.);
#4370 = EDGE_CURVE('',#4348,#4364,#4371,.T.);
#4371 = B_SPLINE_CURVE_WITH_KNOTS('',1,(#4372,#4373),.UNSPECIFIED.,.F.,
  .F.,(2,2),(0.E+000,1.27375),.PIECEWISE_BEZIER_KNOTS.);
#4372 = CARTESIAN_POINT('',(-2.989913523577,5.099999367,-11.60036719868)
  );
#4373 = CARTESIAN_POINT('',(-2.924708937334,5.099999367,-11.60036719868)
  );
#4374 = B_SPLINE_SURFACE_WITH_KNOTS('',1,1,(
    (#4375,#4376)
    ,(#4377,#4378
    )),.UNSPECIFIED.,.F.,.F.,.F.,(2,2),(2,2),(0.E+000,1.27375),(-3.E-003
    ,0.E+000),.PIECEWISE_BEZIER_KNOTS.);
#4375 = CARTESIAN_POINT('',(-2.989913523577,5.102999367,-11.60036719868)
  );
#4376 = CARTESIAN_POINT('',(-2.989913523577,5.099999367,-11.60036719868)
  );
#4377 = CARTESIAN_POINT('',(-2.924708937334,5.102999367,-11.60036719868)
  );
#4378 = CARTESIAN_POINT('',(-2.924708937334,5.099999367,-11.60036719868)
  );
#4379 = ADVANCED_FACE('',(#4380),#4402,.F.);
#4380 = FACE_BOUND('',#4381,.F.);
#4381 = EDGE_LOOP('',(#4382,#4383,#4390,#4397));
#4382 = ORIENTED_EDGE('',*,*,#4363,.T.);
#4383 = ORIENTED_EDGE('',*,*,#4384,.T.);
#4384 = EDGE_CURVE('',#4357,#4385,#4387,.T.);
#4385 = VERTEX_POINT('',#4386);
#4386 = CARTESIAN_POINT('',(-2.90941561436,5.102999367,-11.65558953227)
  );
#4387 = B_SPLINE_CURVE_WITH_KNOTS('',1,(#4388,#4389),.UNSPECIFIED.,.F.,
  .F.,(2,2),(0.E+000,1.119353887294),.PIECEWISE_BEZIER_KNOTS.);
#4388 = CARTESIAN_POINT('',(-2.924708937334,5.102999367,-11.60036719868)
  );
#4389 = CARTESIAN_POINT('',(-2.90941561436,5.102999367,-11.65558953227)
  );
#4390 = ORIENTED_EDGE('',*,*,#4391,.F.);
#4391 = EDGE_CURVE('',#4392,#4385,#4394,.T.);
#4392 = VERTEX_POINT('',#4393);
#4393 = CARTESIAN_POINT('',(-2.90941561436,5.099999367,-11.65558953227)
  );
#4394 = B_SPLINE_CURVE_WITH_KNOTS('',1,(#4395,#4396),.UNSPECIFIED.,.F.,
  .F.,(2,2),(0.E+000,3.E-003),.PIECEWISE_BEZIER_KNOTS.);
#4395 = CARTESIAN_POINT('',(-2.90941561436,5.099999367,-11.65558953227)
  );
#4396 = CARTESIAN_POINT('',(-2.90941561436,5.102999367,-11.65558953227)
  );
#4397 = ORIENTED_EDGE('',*,*,#4398,.F.);
#4398 = EDGE_CURVE('',#4364,#4392,#4399,.T.);
#4399 = B_SPLINE_CURVE_WITH_KNOTS('',1,(#4400,#4401),.UNSPECIFIED.,.F.,
  .F.,(2,2),(0.E+000,1.119353887294),.PIECEWISE_BEZIER_KNOTS.);
#4400 = CARTESIAN_POINT('',(-2.924708937334,5.099999367,-11.60036719868)
  );
#4401 = CARTESIAN_POINT('',(-2.90941561436,5.099999367,-11.65558953227)
  );
#4402 = B_SPLINE_SURFACE_WITH_KNOTS('',1,1,(
    (#4403,#4404)
    ,(#4405,#4406
    )),.UNSPECIFIED.,.F.,.F.,.F.,(2,2),(2,2),(0.E+000,1.119353887294),(
    -3.E-003,0.E+000),.PIECEWISE_BEZIER_KNOTS.);
#4403 = CARTESIAN_POINT('',(-2.924708937334,5.102999367,-11.60036719868)
  );
#4404 = CARTESIAN_POINT('',(-2.924708937334,5.099999367,-11.60036719868)
  );
#4405 = CARTESIAN_POINT('',(-2.90941561436,5.102999367,-11.65558953227)
  );
#4406 = CARTESIAN_POINT('',(-2.90941561436,5.099999367,-11.65558953227)
  );
#4407 = ADVANCED_FACE('',(#4408),#4430,.F.);
#4408 = FACE_BOUND('',#4409,.F.);
#4409 = EDGE_LOOP('',(#4410,#4411,#4418,#4425));
#4410 = ORIENTED_EDGE('',*,*,#4391,.T.);
#4411 = ORIENTED_EDGE('',*,*,#4412,.T.);
#4412 = EDGE_CURVE('',#4385,#4413,#4415,.T.);
#4413 = VERTEX_POINT('',#4414);
#4414 = CARTESIAN_POINT('',(-2.974684189401,5.102999367,-11.65558953227)
  );
#4415 = B_SPLINE_CURVE_WITH_KNOTS('',1,(#4416,#4417),.UNSPECIFIED.,.F.,
  .F.,(2,2),(0.E+000,1.275),.PIECEWISE_BEZIER_KNOTS.);
#4416 = CARTESIAN_POINT('',(-2.90941561436,5.102999367,-11.65558953227)
  );
#4417 = CARTESIAN_POINT('',(-2.974684189401,5.102999367,-11.65558953227)
  );
#4418 = ORIENTED_EDGE('',*,*,#4419,.F.);
#4419 = EDGE_CURVE('',#4420,#4413,#4422,.T.);
#4420 = VERTEX_POINT('',#4421);
#4421 = CARTESIAN_POINT('',(-2.974684189401,5.099999367,-11.65558953227)
  );
#4422 = B_SPLINE_CURVE_WITH_KNOTS('',1,(#4423,#4424),.UNSPECIFIED.,.F.,
  .F.,(2,2),(0.E+000,3.E-003),.PIECEWISE_BEZIER_KNOTS.);
#4423 = CARTESIAN_POINT('',(-2.974684189401,5.099999367,-11.65558953227)
  );
#4424 = CARTESIAN_POINT('',(-2.974684189401,5.102999367,-11.65558953227)
  );
#4425 = ORIENTED_EDGE('',*,*,#4426,.F.);
#4426 = EDGE_CURVE('',#4392,#4420,#4427,.T.);
#4427 = B_SPLINE_CURVE_WITH_KNOTS('',1,(#4428,#4429),.UNSPECIFIED.,.F.,
  .F.,(2,2),(0.E+000,1.275),.PIECEWISE_BEZIER_KNOTS.);
#4428 = CARTESIAN_POINT('',(-2.90941561436,5.099999367,-11.65558953227)
  );
#4429 = CARTESIAN_POINT('',(-2.974684189401,5.099999367,-11.65558953227)
  );
#4430 = B_SPLINE_SURFACE_WITH_KNOTS('',1,1,(
    (#4431,#4432)
    ,(#4433,#4434
    )),.UNSPECIFIED.,.F.,.F.,.F.,(2,2),(2,2),(0.E+000,1.275),(-3.E-003,
    0.E+000),.PIECEWISE_BEZIER_KNOTS.);
#4431 = CARTESIAN_POINT('',(-2.90941561436,5.102999367,-11.65558953227)
  );
#4432 = CARTESIAN_POINT('',(-2.90941561436,5.099999367,-11.65558953227)
  );
#4433 = CARTESIAN_POINT('',(-2.974684189401,5.102999367,-11.65558953227)
  );
#4434 = CARTESIAN_POINT('',(-2.974684189401,5.099999367,-11.65558953227)
  );
#4435 = ADVANCED_FACE('',(#4436),#4450,.F.);
#4436 = FACE_BOUND('',#4437,.F.);
#4437 = EDGE_LOOP('',(#4438,#4439,#4444,#4445));
#4438 = ORIENTED_EDGE('',*,*,#4419,.T.);
#4439 = ORIENTED_EDGE('',*,*,#4440,.T.);
#4440 = EDGE_CURVE('',#4413,#4350,#4441,.T.);
#4441 = B_SPLINE_CURVE_WITH_KNOTS('',1,(#4442,#4443),.UNSPECIFIED.,.F.,
  .F.,(2,2),(0.E+000,1.119020916918),.PIECEWISE_BEZIER_KNOTS.);
#4442 = CARTESIAN_POINT('',(-2.974684189401,5.102999367,-11.65558953227)
  );
#4443 = CARTESIAN_POINT('',(-2.989913523577,5.102999367,-11.60036719868)
  );
#4444 = ORIENTED_EDGE('',*,*,#4347,.F.);
#4445 = ORIENTED_EDGE('',*,*,#4446,.F.);
#4446 = EDGE_CURVE('',#4420,#4348,#4447,.T.);
#4447 = B_SPLINE_CURVE_WITH_KNOTS('',1,(#4448,#4449),.UNSPECIFIED.,.F.,
  .F.,(2,2),(0.E+000,1.119020916918),.PIECEWISE_BEZIER_KNOTS.);
#4448 = CARTESIAN_POINT('',(-2.974684189401,5.099999367,-11.65558953227)
  );
#4449 = CARTESIAN_POINT('',(-2.989913523577,5.099999367,-11.60036719868)
  );
#4450 = B_SPLINE_SURFACE_WITH_KNOTS('',1,1,(
    (#4451,#4452)
    ,(#4453,#4454
    )),.UNSPECIFIED.,.F.,.F.,.F.,(2,2),(2,2),(0.E+000,1.119020916918),(
    -3.E-003,0.E+000),.PIECEWISE_BEZIER_KNOTS.);
#4451 = CARTESIAN_POINT('',(-2.974684189401,5.102999367,-11.65558953227)
  );
#4452 = CARTESIAN_POINT('',(-2.974684189401,5.099999367,-11.65558953227)
  );
#4453 = CARTESIAN_POINT('',(-2.989913523577,5.102999367,-11.60036719868)
  );
#4454 = CARTESIAN_POINT('',(-2.989913523577,5.099999367,-11.60036719868)
  );
#4455 = ADVANCED_FACE('',(#4456),#4462,.F.);
#4456 = FACE_BOUND('',#4457,.F.);
#4457 = EDGE_LOOP('',(#4458,#4459,#4460,#4461));
#4458 = ORIENTED_EDGE('',*,*,#4370,.T.);
#4459 = ORIENTED_EDGE('',*,*,#4398,.T.);
#4460 = ORIENTED_EDGE('',*,*,#4426,.T.);
#4461 = ORIENTED_EDGE('',*,*,#4446,.T.);
#4462 = B_SPLINE_SURFACE_WITH_KNOTS('',1,1,(
    (#4463,#4464)
    ,(#4465,#4466
    )),.UNSPECIFIED.,.F.,.F.,.F.,(2,2),(2,2),(43.546127669036,
    46.740489145876),(-26.57576691688,-24.38440447291),
  .PIECEWISE_BEZIER_KNOTS.);
#4463 = CARTESIAN_POINT('',(-2.989913523577,5.099999367,-11.60036719868)
  );
#4464 = CARTESIAN_POINT('',(-2.989913523577,5.099999367,-11.65558953227)
  );
#4465 = CARTESIAN_POINT('',(-2.90941561436,5.099999367,-11.60036719868)
  );
#4466 = CARTESIAN_POINT('',(-2.90941561436,5.099999367,-11.65558953227)
  );
#4467 = ADVANCED_FACE('',(#4468),#4474,.T.);
#4468 = FACE_BOUND('',#4469,.T.);
#4469 = EDGE_LOOP('',(#4470,#4471,#4472,#4473));
#4470 = ORIENTED_EDGE('',*,*,#4356,.T.);
#4471 = ORIENTED_EDGE('',*,*,#4384,.T.);
#4472 = ORIENTED_EDGE('',*,*,#4412,.T.);
#4473 = ORIENTED_EDGE('',*,*,#4440,.T.);
#4474 = B_SPLINE_SURFACE_WITH_KNOTS('',1,1,(
    (#4475,#4476)
    ,(#4477,#4478
    )),.UNSPECIFIED.,.F.,.F.,.F.,(2,2),(2,2),(43.546127669036,
    46.740489145876),(-26.57576691688,-24.38440447291),
  .PIECEWISE_BEZIER_KNOTS.);
#4475 = CARTESIAN_POINT('',(-2.989913523577,5.102999367,-11.60036719868)
  );
#4476 = CARTESIAN_POINT('',(-2.989913523577,5.102999367,-11.65558953227)
  );
#4477 = CARTESIAN_POINT('',(-2.90941561436,5.102999367,-11.60036719868)
  );
#4478 = CARTESIAN_POINT('',(-2.90941561436,5.102999367,-11.65558953227)
  );
#4479 = MANIFOLD_SOLID_BREP('',#4480);
#4480 = CLOSED_SHELL('',(#4481,#4517,#4545,#4573,#4601,#4629,#4657,#4685
    ,#4713,#4733,#4750));
#4481 = ADVANCED_FACE('',(#4482),#4512,.F.);
#4482 = FACE_BOUND('',#4483,.F.);
#4483 = EDGE_LOOP('',(#4484,#4493,#4500,#4507));
#4484 = ORIENTED_EDGE('',*,*,#4485,.T.);
#4485 = EDGE_CURVE('',#4486,#4488,#4490,.T.);
#4486 = VERTEX_POINT('',#4487);
#4487 = CARTESIAN_POINT('',(-4.260733632443,5.099999367,-13.31852788267)
  );
#4488 = VERTEX_POINT('',#4489);
#4489 = CARTESIAN_POINT('',(-4.260733632443,5.102999367,-13.31852788267)
  );
#4490 = B_SPLINE_CURVE_WITH_KNOTS('',1,(#4491,#4492),.UNSPECIFIED.,.F.,
  .F.,(2,2),(0.E+000,3.E-003),.PIECEWISE_BEZIER_KNOTS.);
#4491 = CARTESIAN_POINT('',(-4.260733632443,5.099999367,-13.31852788267)
  );
#4492 = CARTESIAN_POINT('',(-4.260733632443,5.102999367,-13.31852788267)
  );
#4493 = ORIENTED_EDGE('',*,*,#4494,.T.);
#4494 = EDGE_CURVE('',#4488,#4495,#4497,.T.);
#4495 = VERTEX_POINT('',#4496);
#4496 = CARTESIAN_POINT('',(-4.349166152742,5.102999367,-12.99212101867)
  );
#4497 = B_SPLINE_CURVE_WITH_KNOTS('',1,(#4498,#4499),.UNSPECIFIED.,.F.,
  .F.,(2,2),(0.E+000,6.606119913573),.PIECEWISE_BEZIER_KNOTS.);
#4498 = CARTESIAN_POINT('',(-4.260733632443,5.102999367,-13.31852788267)
  );
#4499 = CARTESIAN_POINT('',(-4.349166152742,5.102999367,-12.99212101867)
  );
#4500 = ORIENTED_EDGE('',*,*,#4501,.F.);
#4501 = EDGE_CURVE('',#4502,#4495,#4504,.T.);
#4502 = VERTEX_POINT('',#4503);
#4503 = CARTESIAN_POINT('',(-4.349166152742,5.099999367,-12.99212101867)
  );
#4504 = B_SPLINE_CURVE_WITH_KNOTS('',1,(#4505,#4506),.UNSPECIFIED.,.F.,
  .F.,(2,2),(0.E+000,3.E-003),.PIECEWISE_BEZIER_KNOTS.);
#4505 = CARTESIAN_POINT('',(-4.349166152742,5.099999367,-12.99212101867)
  );
#4506 = CARTESIAN_POINT('',(-4.349166152742,5.102999367,-12.99212101867)
  );
#4507 = ORIENTED_EDGE('',*,*,#4508,.F.);
#4508 = EDGE_CURVE('',#4486,#4502,#4509,.T.);
#4509 = B_SPLINE_CURVE_WITH_KNOTS('',1,(#4510,#4511),.UNSPECIFIED.,.F.,
  .F.,(2,2),(0.E+000,6.606119913573),.PIECEWISE_BEZIER_KNOTS.);
#4510 = CARTESIAN_POINT('',(-4.260733632443,5.099999367,-13.31852788267)
  );
#4511 = CARTESIAN_POINT('',(-4.349166152742,5.099999367,-12.99212101867)
  );
#4512 = B_SPLINE_SURFACE_WITH_KNOTS('',1,1,(
    (#4513,#4514)
    ,(#4515,#4516
    )),.UNSPECIFIED.,.F.,.F.,.F.,(2,2),(2,2),(0.E+000,6.606119913573),(
    -3.E-003,0.E+000),.PIECEWISE_BEZIER_KNOTS.);
#4513 = CARTESIAN_POINT('',(-4.260733632443,5.102999367,-13.31852788267)
  );
#4514 = CARTESIAN_POINT('',(-4.260733632443,5.099999367,-13.31852788267)
  );
#4515 = CARTESIAN_POINT('',(-4.349166152742,5.102999367,-12.99212101867)
  );
#4516 = CARTESIAN_POINT('',(-4.349166152742,5.099999367,-12.99212101867)
  );
#4517 = ADVANCED_FACE('',(#4518),#4540,.F.);
#4518 = FACE_BOUND('',#4519,.F.);
#4519 = EDGE_LOOP('',(#4520,#4521,#4528,#4535));
#4520 = ORIENTED_EDGE('',*,*,#4501,.T.);
#4521 = ORIENTED_EDGE('',*,*,#4522,.T.);
#4522 = EDGE_CURVE('',#4495,#4523,#4525,.T.);
#4523 = VERTEX_POINT('',#4524);
#4524 = CARTESIAN_POINT('',(-3.910522935191,5.102999367,-12.99212101867)
  );
#4525 = B_SPLINE_CURVE_WITH_KNOTS('',1,(#4526,#4527),.UNSPECIFIED.,.F.,
  .F.,(2,2),(0.E+000,8.56875),.PIECEWISE_BEZIER_KNOTS.);
#4526 = CARTESIAN_POINT('',(-4.349166152742,5.102999367,-12.99212101867)
  );
#4527 = CARTESIAN_POINT('',(-3.910522935191,5.102999367,-12.99212101867)
  );
#4528 = ORIENTED_EDGE('',*,*,#4529,.F.);
#4529 = EDGE_CURVE('',#4530,#4523,#4532,.T.);
#4530 = VERTEX_POINT('',#4531);
#4531 = CARTESIAN_POINT('',(-3.910522935191,5.099999367,-12.99212101867)
  );
#4532 = B_SPLINE_CURVE_WITH_KNOTS('',1,(#4533,#4534),.UNSPECIFIED.,.F.,
  .F.,(2,2),(0.E+000,3.E-003),.PIECEWISE_BEZIER_KNOTS.);
#4533 = CARTESIAN_POINT('',(-3.910522935191,5.099999367,-12.99212101867)
  );
#4534 = CARTESIAN_POINT('',(-3.910522935191,5.102999367,-12.99212101867)
  );
#4535 = ORIENTED_EDGE('',*,*,#4536,.F.);
#4536 = EDGE_CURVE('',#4502,#4530,#4537,.T.);
#4537 = B_SPLINE_CURVE_WITH_KNOTS('',1,(#4538,#4539),.UNSPECIFIED.,.F.,
  .F.,(2,2),(0.E+000,8.56875),.PIECEWISE_BEZIER_KNOTS.);
#4538 = CARTESIAN_POINT('',(-4.349166152742,5.099999367,-12.99212101867)
  );
#4539 = CARTESIAN_POINT('',(-3.910522935191,5.099999367,-12.99212101867)
  );
#4540 = B_SPLINE_SURFACE_WITH_KNOTS('',1,1,(
    (#4541,#4542)
    ,(#4543,#4544
    )),.UNSPECIFIED.,.F.,.F.,.F.,(2,2),(2,2),(0.E+000,8.56875),(-3.E-003
    ,0.E+000),.PIECEWISE_BEZIER_KNOTS.);
#4541 = CARTESIAN_POINT('',(-4.349166152742,5.102999367,-12.99212101867)
  );
#4542 = CARTESIAN_POINT('',(-4.349166152742,5.099999367,-12.99212101867)
  );
#4543 = CARTESIAN_POINT('',(-3.910522935191,5.102999367,-12.99212101867)
  );
#4544 = CARTESIAN_POINT('',(-3.910522935191,5.099999367,-12.99212101867)
  );
#4545 = ADVANCED_FACE('',(#4546),#4568,.F.);
#4546 = FACE_BOUND('',#4547,.F.);
#4547 = EDGE_LOOP('',(#4548,#4549,#4556,#4563));
#4548 = ORIENTED_EDGE('',*,*,#4529,.T.);
#4549 = ORIENTED_EDGE('',*,*,#4550,.T.);
#4550 = EDGE_CURVE('',#4523,#4551,#4553,.T.);
#4551 = VERTEX_POINT('',#4552);
#4552 = CARTESIAN_POINT('',(-4.208966694003,5.102999367,-11.88505080614)
  );
#4553 = B_SPLINE_CURVE_WITH_KNOTS('',1,(#4554,#4555),.UNSPECIFIED.,.F.,
  .F.,(2,2),(0.E+000,22.398294333777),.PIECEWISE_BEZIER_KNOTS.);
#4554 = CARTESIAN_POINT('',(-3.910522935191,5.102999367,-12.99212101867)
  );
#4555 = CARTESIAN_POINT('',(-4.208966694003,5.102999367,-11.88505080614)
  );
#4556 = ORIENTED_EDGE('',*,*,#4557,.F.);
#4557 = EDGE_CURVE('',#4558,#4551,#4560,.T.);
#4558 = VERTEX_POINT('',#4559);
#4559 = CARTESIAN_POINT('',(-4.208966694003,5.099999367,-11.88505080614)
  );
#4560 = B_SPLINE_CURVE_WITH_KNOTS('',1,(#4561,#4562),.UNSPECIFIED.,.F.,
  .F.,(2,2),(0.E+000,3.E-003),.PIECEWISE_BEZIER_KNOTS.);
#4561 = CARTESIAN_POINT('',(-4.208966694003,5.099999367,-11.88505080614)
  );
#4562 = CARTESIAN_POINT('',(-4.208966694003,5.102999367,-11.88505080614)
  );
#4563 = ORIENTED_EDGE('',*,*,#4564,.F.);
#4564 = EDGE_CURVE('',#4530,#4558,#4565,.T.);
#4565 = B_SPLINE_CURVE_WITH_KNOTS('',1,(#4566,#4567),.UNSPECIFIED.,.F.,
  .F.,(2,2),(0.E+000,22.398294333777),.PIECEWISE_BEZIER_KNOTS.);
#4566 = CARTESIAN_POINT('',(-3.910522935191,5.099999367,-12.99212101867)
  );
#4567 = CARTESIAN_POINT('',(-4.208966694003,5.099999367,-11.88505080614)
  );
#4568 = B_SPLINE_SURFACE_WITH_KNOTS('',1,1,(
    (#4569,#4570)
    ,(#4571,#4572
    )),.UNSPECIFIED.,.F.,.F.,.F.,(2,2),(2,2),(0.E+000,22.398294333777),(
    -3.E-003,0.E+000),.PIECEWISE_BEZIER_KNOTS.);
#4569 = CARTESIAN_POINT('',(-3.910522935191,5.102999367,-12.99212101867)
  );
#4570 = CARTESIAN_POINT('',(-3.910522935191,5.099999367,-12.99212101867)
  );
#4571 = CARTESIAN_POINT('',(-4.208966694003,5.102999367,-11.88505080614)
  );
#4572 = CARTESIAN_POINT('',(-4.208966694003,5.099999367,-11.88505080614)
  );
#4573 = ADVANCED_FACE('',(#4574),#4596,.F.);
#4574 = FACE_BOUND('',#4575,.F.);
#4575 = EDGE_LOOP('',(#4576,#4577,#4584,#4591));
#4576 = ORIENTED_EDGE('',*,*,#4557,.T.);
#4577 = ORIENTED_EDGE('',*,*,#4578,.T.);
#4578 = EDGE_CURVE('',#4551,#4579,#4581,.T.);
#4579 = VERTEX_POINT('',#4580);
#4580 = CARTESIAN_POINT('',(-3.831304801957,5.102999367,-11.88505080614)
  );
#4581 = B_SPLINE_CURVE_WITH_KNOTS('',1,(#4582,#4583),.UNSPECIFIED.,.F.,
  .F.,(2,2),(0.E+000,7.3775),.PIECEWISE_BEZIER_KNOTS.);
#4582 = CARTESIAN_POINT('',(-4.208966694003,5.102999367,-11.88505080614)
  );
#4583 = CARTESIAN_POINT('',(-3.831304801957,5.102999367,-11.88505080614)
  );
#4584 = ORIENTED_EDGE('',*,*,#4585,.F.);
#4585 = EDGE_CURVE('',#4586,#4579,#4588,.T.);
#4586 = VERTEX_POINT('',#4587);
#4587 = CARTESIAN_POINT('',(-3.831304801957,5.099999367,-11.88505080614)
  );
#4588 = B_SPLINE_CURVE_WITH_KNOTS('',1,(#4589,#4590),.UNSPECIFIED.,.F.,
  .F.,(2,2),(0.E+000,3.E-003),.PIECEWISE_BEZIER_KNOTS.);
#4589 = CARTESIAN_POINT('',(-3.831304801957,5.099999367,-11.88505080614)
  );
#4590 = CARTESIAN_POINT('',(-3.831304801957,5.102999367,-11.88505080614)
  );
#4591 = ORIENTED_EDGE('',*,*,#4592,.F.);
#4592 = EDGE_CURVE('',#4558,#4586,#4593,.T.);
#4593 = B_SPLINE_CURVE_WITH_KNOTS('',1,(#4594,#4595),.UNSPECIFIED.,.F.,
  .F.,(2,2),(0.E+000,7.3775),.PIECEWISE_BEZIER_KNOTS.);
#4594 = CARTESIAN_POINT('',(-4.208966694003,5.099999367,-11.88505080614)
  );
#4595 = CARTESIAN_POINT('',(-3.831304801957,5.099999367,-11.88505080614)
  );
#4596 = B_SPLINE_SURFACE_WITH_KNOTS('',1,1,(
    (#4597,#4598)
    ,(#4599,#4600
    )),.UNSPECIFIED.,.F.,.F.,.F.,(2,2),(2,2),(0.E+000,7.3775),(-3.E-003,
    0.E+000),.PIECEWISE_BEZIER_KNOTS.);
#4597 = CARTESIAN_POINT('',(-4.208966694003,5.102999367,-11.88505080614)
  );
#4598 = CARTESIAN_POINT('',(-4.208966694003,5.099999367,-11.88505080614)
  );
#4599 = CARTESIAN_POINT('',(-3.831304801957,5.102999367,-11.88505080614)
  );
#4600 = CARTESIAN_POINT('',(-3.831304801957,5.099999367,-11.88505080614)
  );
#4601 = ADVANCED_FACE('',(#4602),#4624,.F.);
#4602 = FACE_BOUND('',#4603,.F.);
#4603 = EDGE_LOOP('',(#4604,#4605,#4612,#4619));
#4604 = ORIENTED_EDGE('',*,*,#4585,.T.);
#4605 = ORIENTED_EDGE('',*,*,#4606,.T.);
#4606 = EDGE_CURVE('',#4579,#4607,#4609,.T.);
#4607 = VERTEX_POINT('',#4608);
#4608 = CARTESIAN_POINT('',(-3.53458874072,5.102999367,-12.99212101867)
  );
#4609 = B_SPLINE_CURVE_WITH_KNOTS('',1,(#4610,#4611),.UNSPECIFIED.,.F.,
  .F.,(2,2),(0.E+000,22.389533338705),.PIECEWISE_BEZIER_KNOTS.);
#4610 = CARTESIAN_POINT('',(-3.831304801957,5.102999367,-11.88505080614)
  );
#4611 = CARTESIAN_POINT('',(-3.53458874072,5.102999367,-12.99212101867)
  );
#4612 = ORIENTED_EDGE('',*,*,#4613,.F.);
#4613 = EDGE_CURVE('',#4614,#4607,#4616,.T.);
#4614 = VERTEX_POINT('',#4615);
#4615 = CARTESIAN_POINT('',(-3.53458874072,5.099999367,-12.99212101867)
  );
#4616 = B_SPLINE_CURVE_WITH_KNOTS('',1,(#4617,#4618),.UNSPECIFIED.,.F.,
  .F.,(2,2),(0.E+000,3.E-003),.PIECEWISE_BEZIER_KNOTS.);
#4617 = CARTESIAN_POINT('',(-3.53458874072,5.099999367,-12.99212101867)
  );
#4618 = CARTESIAN_POINT('',(-3.53458874072,5.102999367,-12.99212101867)
  );
#4619 = ORIENTED_EDGE('',*,*,#4620,.F.);
#4620 = EDGE_CURVE('',#4586,#4614,#4621,.T.);
#4621 = B_SPLINE_CURVE_WITH_KNOTS('',1,(#4622,#4623),.UNSPECIFIED.,.F.,
  .F.,(2,2),(0.E+000,22.389533338705),.PIECEWISE_BEZIER_KNOTS.);
#4622 = CARTESIAN_POINT('',(-3.831304801957,5.099999367,-11.88505080614)
  );
#4623 = CARTESIAN_POINT('',(-3.53458874072,5.099999367,-12.99212101867)
  );
#4624 = B_SPLINE_SURFACE_WITH_KNOTS('',1,1,(
    (#4625,#4626)
    ,(#4627,#4628
    )),.UNSPECIFIED.,.F.,.F.,.F.,(2,2),(2,2),(0.E+000,22.389533338705),(
    -3.E-003,0.E+000),.PIECEWISE_BEZIER_KNOTS.);
#4625 = CARTESIAN_POINT('',(-3.831304801957,5.102999367,-11.88505080614)
  );
#4626 = CARTESIAN_POINT('',(-3.831304801957,5.099999367,-11.88505080614)
  );
#4627 = CARTESIAN_POINT('',(-3.53458874072,5.102999367,-12.99212101867)
  );
#4628 = CARTESIAN_POINT('',(-3.53458874072,5.099999367,-12.99212101867)
  );
#4629 = ADVANCED_FACE('',(#4630),#4652,.F.);
#4630 = FACE_BOUND('',#4631,.F.);
#4631 = EDGE_LOOP('',(#4632,#4633,#4640,#4647));
#4632 = ORIENTED_EDGE('',*,*,#4613,.T.);
#4633 = ORIENTED_EDGE('',*,*,#4634,.T.);
#4634 = EDGE_CURVE('',#4607,#4635,#4637,.T.);
#4635 = VERTEX_POINT('',#4636);
#4636 = CARTESIAN_POINT('',(-3.09588153437,5.102999367,-12.99212101867)
  );
#4637 = B_SPLINE_CURVE_WITH_KNOTS('',1,(#4638,#4639),.UNSPECIFIED.,.F.,
  .F.,(2,2),(0.E+000,8.57),.PIECEWISE_BEZIER_KNOTS.);
#4638 = CARTESIAN_POINT('',(-3.53458874072,5.102999367,-12.99212101867)
  );
#4639 = CARTESIAN_POINT('',(-3.09588153437,5.102999367,-12.99212101867)
  );
#4640 = ORIENTED_EDGE('',*,*,#4641,.F.);
#4641 = EDGE_CURVE('',#4642,#4635,#4644,.T.);
#4642 = VERTEX_POINT('',#4643);
#4643 = CARTESIAN_POINT('',(-3.09588153437,5.099999367,-12.99212101867)
  );
#4644 = B_SPLINE_CURVE_WITH_KNOTS('',1,(#4645,#4646),.UNSPECIFIED.,.F.,
  .F.,(2,2),(0.E+000,3.E-003),.PIECEWISE_BEZIER_KNOTS.);
#4645 = CARTESIAN_POINT('',(-3.09588153437,5.099999367,-12.99212101867)
  );
#4646 = CARTESIAN_POINT('',(-3.09588153437,5.102999367,-12.99212101867)
  );
#4647 = ORIENTED_EDGE('',*,*,#4648,.F.);
#4648 = EDGE_CURVE('',#4614,#4642,#4649,.T.);
#4649 = B_SPLINE_CURVE_WITH_KNOTS('',1,(#4650,#4651),.UNSPECIFIED.,.F.,
  .F.,(2,2),(0.E+000,8.57),.PIECEWISE_BEZIER_KNOTS.);
#4650 = CARTESIAN_POINT('',(-3.53458874072,5.099999367,-12.99212101867)
  );
#4651 = CARTESIAN_POINT('',(-3.09588153437,5.099999367,-12.99212101867)
  );
#4652 = B_SPLINE_SURFACE_WITH_KNOTS('',1,1,(
    (#4653,#4654)
    ,(#4655,#4656
  )),.UNSPECIFIED.,.F.,.F.,.F.,(2,2),(2,2),(0.E+000,8.57),(-3.E-003,
    0.E+000),.PIECEWISE_BEZIER_KNOTS.);
#4653 = CARTESIAN_POINT('',(-3.53458874072,5.102999367,-12.99212101867)
  );
#4654 = CARTESIAN_POINT('',(-3.53458874072,5.099999367,-12.99212101867)
  );
#4655 = CARTESIAN_POINT('',(-3.09588153437,5.102999367,-12.99212101867)
  );
#4656 = CARTESIAN_POINT('',(-3.09588153437,5.099999367,-12.99212101867)
  );
#4657 = ADVANCED_FACE('',(#4658),#4680,.F.);
#4658 = FACE_BOUND('',#4659,.F.);
#4659 = EDGE_LOOP('',(#4660,#4661,#4668,#4675));
#4660 = ORIENTED_EDGE('',*,*,#4641,.T.);
#4661 = ORIENTED_EDGE('',*,*,#4662,.T.);
#4662 = EDGE_CURVE('',#4635,#4663,#4665,.T.);
#4663 = VERTEX_POINT('',#4664);
#4664 = CARTESIAN_POINT('',(-3.009688622037,5.102999367,-13.31852788267)
  );
#4665 = B_SPLINE_CURVE_WITH_KNOTS('',1,(#4666,#4667),.UNSPECIFIED.,.F.,
  .F.,(2,2),(0.E+000,6.594814487535),.PIECEWISE_BEZIER_KNOTS.);
#4666 = CARTESIAN_POINT('',(-3.09588153437,5.102999367,-12.99212101867)
  );
#4667 = CARTESIAN_POINT('',(-3.009688622037,5.102999367,-13.31852788267)
  );
#4668 = ORIENTED_EDGE('',*,*,#4669,.F.);
#4669 = EDGE_CURVE('',#4670,#4663,#4672,.T.);
#4670 = VERTEX_POINT('',#4671);
#4671 = CARTESIAN_POINT('',(-3.009688622037,5.099999367,-13.31852788267)
  );
#4672 = B_SPLINE_CURVE_WITH_KNOTS('',1,(#4673,#4674),.UNSPECIFIED.,.F.,
  .F.,(2,2),(0.E+000,3.E-003),.PIECEWISE_BEZIER_KNOTS.);
#4673 = CARTESIAN_POINT('',(-3.009688622037,5.099999367,-13.31852788267)
  );
#4674 = CARTESIAN_POINT('',(-3.009688622037,5.102999367,-13.31852788267)
  );
#4675 = ORIENTED_EDGE('',*,*,#4676,.F.);
#4676 = EDGE_CURVE('',#4642,#4670,#4677,.T.);
#4677 = B_SPLINE_CURVE_WITH_KNOTS('',1,(#4678,#4679),.UNSPECIFIED.,.F.,
  .F.,(2,2),(0.E+000,6.594814487535),.PIECEWISE_BEZIER_KNOTS.);
#4678 = CARTESIAN_POINT('',(-3.09588153437,5.099999367,-12.99212101867)
  );
#4679 = CARTESIAN_POINT('',(-3.009688622037,5.099999367,-13.31852788267)
  );
#4680 = B_SPLINE_SURFACE_WITH_KNOTS('',1,1,(
    (#4681,#4682)
    ,(#4683,#4684
    )),.UNSPECIFIED.,.F.,.F.,.F.,(2,2),(2,2),(0.E+000,6.594814487535),(
    -3.E-003,0.E+000),.PIECEWISE_BEZIER_KNOTS.);
#4681 = CARTESIAN_POINT('',(-3.09588153437,5.102999367,-12.99212101867)
  );
#4682 = CARTESIAN_POINT('',(-3.09588153437,5.099999367,-12.99212101867)
  );
#4683 = CARTESIAN_POINT('',(-3.009688622037,5.102999367,-13.31852788267)
  );
#4684 = CARTESIAN_POINT('',(-3.009688622037,5.099999367,-13.31852788267)
  );
#4685 = ADVANCED_FACE('',(#4686),#4708,.F.);
#4686 = FACE_BOUND('',#4687,.F.);
#4687 = EDGE_LOOP('',(#4688,#4689,#4696,#4703));
#4688 = ORIENTED_EDGE('',*,*,#4669,.T.);
#4689 = ORIENTED_EDGE('',*,*,#4690,.T.);
#4690 = EDGE_CURVE('',#4663,#4691,#4693,.T.);
#4691 = VERTEX_POINT('',#4692);
#4692 = CARTESIAN_POINT('',(-4.260221722049,5.102999367,-13.31852788267)
  );
#4693 = B_SPLINE_CURVE_WITH_KNOTS('',1,(#4694,#4695),.UNSPECIFIED.,.F.,
  .F.,(2,2),(0.E+000,24.42875),.PIECEWISE_BEZIER_KNOTS.);
#4694 = CARTESIAN_POINT('',(-3.009688622037,5.102999367,-13.31852788267)
  );
#4695 = CARTESIAN_POINT('',(-4.260221722049,5.102999367,-13.31852788267)
  );
#4696 = ORIENTED_EDGE('',*,*,#4697,.F.);
#4697 = EDGE_CURVE('',#4698,#4691,#4700,.T.);
#4698 = VERTEX_POINT('',#4699);
#4699 = CARTESIAN_POINT('',(-4.260221722049,5.099999367,-13.31852788267)
  );
#4700 = B_SPLINE_CURVE_WITH_KNOTS('',1,(#4701,#4702),.UNSPECIFIED.,.F.,
  .F.,(2,2),(0.E+000,3.E-003),.PIECEWISE_BEZIER_KNOTS.);
#4701 = CARTESIAN_POINT('',(-4.260221722049,5.099999367,-13.31852788267)
  );
#4702 = CARTESIAN_POINT('',(-4.260221722049,5.102999367,-13.31852788267)
  );
#4703 = ORIENTED_EDGE('',*,*,#4704,.F.);
#4704 = EDGE_CURVE('',#4670,#4698,#4705,.T.);
#4705 = B_SPLINE_CURVE_WITH_KNOTS('',1,(#4706,#4707),.UNSPECIFIED.,.F.,
  .F.,(2,2),(0.E+000,24.42875),.PIECEWISE_BEZIER_KNOTS.);
#4706 = CARTESIAN_POINT('',(-3.009688622037,5.099999367,-13.31852788267)
  );
#4707 = CARTESIAN_POINT('',(-4.260221722049,5.099999367,-13.31852788267)
  );
#4708 = B_SPLINE_SURFACE_WITH_KNOTS('',1,1,(
    (#4709,#4710)
    ,(#4711,#4712
    )),.UNSPECIFIED.,.F.,.F.,.F.,(2,2),(2,2),(0.E+000,24.42875),(
    -3.E-003,0.E+000),.PIECEWISE_BEZIER_KNOTS.);
#4709 = CARTESIAN_POINT('',(-3.009688622037,5.102999367,-13.31852788267)
  );
#4710 = CARTESIAN_POINT('',(-3.009688622037,5.099999367,-13.31852788267)
  );
#4711 = CARTESIAN_POINT('',(-4.260221722049,5.102999367,-13.31852788267)
  );
#4712 = CARTESIAN_POINT('',(-4.260221722049,5.099999367,-13.31852788267)
  );
#4713 = ADVANCED_FACE('',(#4714),#4728,.F.);
#4714 = FACE_BOUND('',#4715,.F.);
#4715 = EDGE_LOOP('',(#4716,#4717,#4722,#4723));
#4716 = ORIENTED_EDGE('',*,*,#4697,.T.);
#4717 = ORIENTED_EDGE('',*,*,#4718,.T.);
#4718 = EDGE_CURVE('',#4691,#4488,#4719,.T.);
#4719 = B_SPLINE_CURVE_WITH_KNOTS('',1,(#4720,#4721),.UNSPECIFIED.,.F.,
  .F.,(2,2),(0.E+000,1.000000000001E-002),.PIECEWISE_BEZIER_KNOTS.);
#4720 = CARTESIAN_POINT('',(-4.260221722049,5.102999367,-13.31852788267)
  );
#4721 = CARTESIAN_POINT('',(-4.260733632443,5.102999367,-13.31852788267)
  );
#4722 = ORIENTED_EDGE('',*,*,#4485,.F.);
#4723 = ORIENTED_EDGE('',*,*,#4724,.F.);
#4724 = EDGE_CURVE('',#4698,#4486,#4725,.T.);
#4725 = B_SPLINE_CURVE_WITH_KNOTS('',1,(#4726,#4727),.UNSPECIFIED.,.F.,
  .F.,(2,2),(0.E+000,1.000000000001E-002),.PIECEWISE_BEZIER_KNOTS.);
#4726 = CARTESIAN_POINT('',(-4.260221722049,5.099999367,-13.31852788267)
  );
#4727 = CARTESIAN_POINT('',(-4.260733632443,5.099999367,-13.31852788267)
  );
#4728 = B_SPLINE_SURFACE_WITH_KNOTS('',1,1,(
    (#4729,#4730)
    ,(#4731,#4732
    )),.UNSPECIFIED.,.F.,.F.,.F.,(2,2),(2,2),(0.E+000,
    1.000000000001E-002),(-3.E-003,0.E+000),.PIECEWISE_BEZIER_KNOTS.);
#4729 = CARTESIAN_POINT('',(-4.260221722049,5.102999367,-13.31852788267)
  );
#4730 = CARTESIAN_POINT('',(-4.260221722049,5.099999367,-13.31852788267)
  );
#4731 = CARTESIAN_POINT('',(-4.260733632443,5.102999367,-13.31852788267)
  );
#4732 = CARTESIAN_POINT('',(-4.260733632443,5.099999367,-13.31852788267)
  );
#4733 = ADVANCED_FACE('',(#4734),#4745,.F.);
#4734 = FACE_BOUND('',#4735,.F.);
#4735 = EDGE_LOOP('',(#4736,#4737,#4738,#4739,#4740,#4741,#4742,#4743,
    #4744));
#4736 = ORIENTED_EDGE('',*,*,#4508,.T.);
#4737 = ORIENTED_EDGE('',*,*,#4536,.T.);
#4738 = ORIENTED_EDGE('',*,*,#4564,.T.);
#4739 = ORIENTED_EDGE('',*,*,#4592,.T.);
#4740 = ORIENTED_EDGE('',*,*,#4620,.T.);
#4741 = ORIENTED_EDGE('',*,*,#4648,.T.);
#4742 = ORIENTED_EDGE('',*,*,#4676,.T.);
#4743 = ORIENTED_EDGE('',*,*,#4704,.T.);
#4744 = ORIENTED_EDGE('',*,*,#4724,.T.);
#4745 = B_SPLINE_SURFACE_WITH_KNOTS('',1,1,(
    (#4746,#4747)
    ,(#4748,#4749
    )),.UNSPECIFIED.,.F.,.F.,.F.,(2,2),(2,2),(-10.39246872643,
    42.761401539622),(-15.2787983668,41.60521260631),
  .PIECEWISE_BEZIER_KNOTS.);
#4746 = CARTESIAN_POINT('',(-4.349166152742,5.099999367,-11.88505080614)
  );
#4747 = CARTESIAN_POINT('',(-4.349166152742,5.099999367,-13.31852788267)
  );
#4748 = CARTESIAN_POINT('',(-3.009688622037,5.099999367,-11.88505080614)
  );
#4749 = CARTESIAN_POINT('',(-3.009688622037,5.099999367,-13.31852788267)
  );
#4750 = ADVANCED_FACE('',(#4751),#4762,.T.);
#4751 = FACE_BOUND('',#4752,.T.);
#4752 = EDGE_LOOP('',(#4753,#4754,#4755,#4756,#4757,#4758,#4759,#4760,
    #4761));
#4753 = ORIENTED_EDGE('',*,*,#4494,.T.);
#4754 = ORIENTED_EDGE('',*,*,#4522,.T.);
#4755 = ORIENTED_EDGE('',*,*,#4550,.T.);
#4756 = ORIENTED_EDGE('',*,*,#4578,.T.);
#4757 = ORIENTED_EDGE('',*,*,#4606,.T.);
#4758 = ORIENTED_EDGE('',*,*,#4634,.T.);
#4759 = ORIENTED_EDGE('',*,*,#4662,.T.);
#4760 = ORIENTED_EDGE('',*,*,#4690,.T.);
#4761 = ORIENTED_EDGE('',*,*,#4718,.T.);
#4762 = B_SPLINE_SURFACE_WITH_KNOTS('',1,1,(
    (#4763,#4764)
    ,(#4765,#4766
    )),.UNSPECIFIED.,.F.,.F.,.F.,(2,2),(2,2),(-10.39246872643,
    42.761401539622),(-15.2787983668,41.60521260631),
  .PIECEWISE_BEZIER_KNOTS.);
#4763 = CARTESIAN_POINT('',(-4.349166152742,5.102999367,-11.88505080614)
  );
#4764 = CARTESIAN_POINT('',(-4.349166152742,5.102999367,-13.31852788267)
  );
#4765 = CARTESIAN_POINT('',(-3.009688622037,5.102999367,-11.88505080614)
  );
#4766 = CARTESIAN_POINT('',(-3.009688622037,5.102999367,-13.31852788267)
  );
#4767 = MANIFOLD_SOLID_BREP('',#4768);
#4768 = CLOSED_SHELL('',(#4769,#4813,#4849,#4877,#4913,#4949,#4977,#5013
    ,#5041,#5057));
#4769 = ADVANCED_FACE('',(#4770),#4804,.F.);
#4770 = FACE_BOUND('',#4771,.F.);
#4771 = EDGE_LOOP('',(#4772,#4781,#4790,#4797));
#4772 = ORIENTED_EDGE('',*,*,#4773,.T.);
#4773 = EDGE_CURVE('',#4774,#4776,#4778,.T.);
#4774 = VERTEX_POINT('',#4775);
#4775 = CARTESIAN_POINT('',(-7.197947486854,5.099999367,-12.60294114279)
  );
#4776 = VERTEX_POINT('',#4777);
#4777 = CARTESIAN_POINT('',(-7.197947486854,5.102999367,-12.60294114279)
  );
#4778 = B_SPLINE_CURVE_WITH_KNOTS('',1,(#4779,#4780),.UNSPECIFIED.,.F.,
  .F.,(2,2),(0.E+000,3.E-003),.PIECEWISE_BEZIER_KNOTS.);
#4779 = CARTESIAN_POINT('',(-7.197947486854,5.099999367,-12.60294114279)
  );
#4780 = CARTESIAN_POINT('',(-7.197947486854,5.102999367,-12.60294114279)
  );
#4781 = ORIENTED_EDGE('',*,*,#4782,.T.);
#4782 = EDGE_CURVE('',#4776,#4783,#4785,.T.);
#4783 = VERTEX_POINT('',#4784);
#4784 = CARTESIAN_POINT('',(-7.136966161352,5.102999367,-12.45544696096)
  );
#4785 = B_SPLINE_CURVE_WITH_KNOTS('',3,(#4786,#4787,#4788,#4789),
  .UNSPECIFIED.,.F.,.F.,(4,4),(0.E+000,1.),.PIECEWISE_BEZIER_KNOTS.);
#4786 = CARTESIAN_POINT('',(-7.197947486854,5.102999367,-12.60294114279)
  );
#4787 = CARTESIAN_POINT('',(-7.197947486854,5.102999367,-12.5476548204)
  );
#4788 = CARTESIAN_POINT('',(-7.176191295173,5.102999367,-12.49441613958)
  );
#4789 = CARTESIAN_POINT('',(-7.136966161352,5.102999367,-12.45544696096)
  );
#4790 = ORIENTED_EDGE('',*,*,#4791,.F.);
#4791 = EDGE_CURVE('',#4792,#4783,#4794,.T.);
#4792 = VERTEX_POINT('',#4793);
#4793 = CARTESIAN_POINT('',(-7.136966161352,5.099999367,-12.45544696096)
  );
#4794 = B_SPLINE_CURVE_WITH_KNOTS('',1,(#4795,#4796),.UNSPECIFIED.,.F.,
  .F.,(2,2),(0.E+000,3.E-003),.PIECEWISE_BEZIER_KNOTS.);
#4795 = CARTESIAN_POINT('',(-7.136966161352,5.099999367,-12.45544696096)
  );
#4796 = CARTESIAN_POINT('',(-7.136966161352,5.102999367,-12.45544696096)
  );
#4797 = ORIENTED_EDGE('',*,*,#4798,.F.);
#4798 = EDGE_CURVE('',#4774,#4792,#4799,.T.);
#4799 = B_SPLINE_CURVE_WITH_KNOTS('',3,(#4800,#4801,#4802,#4803),
  .UNSPECIFIED.,.F.,.F.,(4,4),(0.E+000,1.),.PIECEWISE_BEZIER_KNOTS.);
#4800 = CARTESIAN_POINT('',(-7.197947486854,5.099999367,-12.60294114279)
  );
#4801 = CARTESIAN_POINT('',(-7.197947486854,5.099999367,-12.5476548204)
  );
#4802 = CARTESIAN_POINT('',(-7.176191295173,5.099999367,-12.49441613958)
  );
#4803 = CARTESIAN_POINT('',(-7.136966161352,5.099999367,-12.45544696096)
  );
#4804 = B_SPLINE_SURFACE_WITH_KNOTS('',3,1,(
    (#4805,#4806)
    ,(#4807,#4808)
    ,(#4809,#4810)
    ,(#4811,#4812
    )),.UNSPECIFIED.,.F.,.F.,.F.,(4,4),(2,2),(0.E+000,1.),(-3.E-003,
    0.E+000),.PIECEWISE_BEZIER_KNOTS.);
#4805 = CARTESIAN_POINT('',(-7.197947486854,5.102999367,-12.60294114279)
  );
#4806 = CARTESIAN_POINT('',(-7.197947486854,5.099999367,-12.60294114279)
  );
#4807 = CARTESIAN_POINT('',(-7.197947486854,5.102999367,-12.5476548204)
  );
#4808 = CARTESIAN_POINT('',(-7.197947486854,5.099999367,-12.5476548204)
  );
#4809 = CARTESIAN_POINT('',(-7.176191295173,5.102999367,-12.49441613958)
  );
#4810 = CARTESIAN_POINT('',(-7.176191295173,5.099999367,-12.49441613958)
  );
#4811 = CARTESIAN_POINT('',(-7.136966161352,5.102999367,-12.45544696096)
  );
#4812 = CARTESIAN_POINT('',(-7.136966161352,5.099999367,-12.45544696096)
  );
#4813 = ADVANCED_FACE('',(#4814),#4840,.F.);
#4814 = FACE_BOUND('',#4815,.F.);
#4815 = EDGE_LOOP('',(#4816,#4817,#4826,#4833));
#4816 = ORIENTED_EDGE('',*,*,#4791,.T.);
#4817 = ORIENTED_EDGE('',*,*,#4818,.T.);
#4818 = EDGE_CURVE('',#4783,#4819,#4821,.T.);
#4819 = VERTEX_POINT('',#4820);
#4820 = CARTESIAN_POINT('',(-6.989471979519,5.102999367,-12.39420968026)
  );
#4821 = B_SPLINE_CURVE_WITH_KNOTS('',3,(#4822,#4823,#4824,#4825),
  .UNSPECIFIED.,.F.,.F.,(4,4),(0.E+000,1.),.PIECEWISE_BEZIER_KNOTS.);
#4822 = CARTESIAN_POINT('',(-7.136966161352,5.102999367,-12.45544696096)
  );
#4823 = CARTESIAN_POINT('',(-7.097932993925,5.102999367,-12.41622182713)
  );
#4824 = CARTESIAN_POINT('',(-7.044950268304,5.102999367,-12.39420968026)
  );
#4825 = CARTESIAN_POINT('',(-6.989471979519,5.102999367,-12.39420968026)
  );
#4826 = ORIENTED_EDGE('',*,*,#4827,.F.);
#4827 = EDGE_CURVE('',#4828,#4819,#4830,.T.);
#4828 = VERTEX_POINT('',#4829);
#4829 = CARTESIAN_POINT('',(-6.989471979519,5.099999367,-12.39420968026)
  );
#4830 = B_SPLINE_CURVE_WITH_KNOTS('',1,(#4831,#4832),.UNSPECIFIED.,.F.,
  .F.,(2,2),(0.E+000,3.E-003),.PIECEWISE_BEZIER_KNOTS.);
#4831 = CARTESIAN_POINT('',(-6.989471979519,5.099999367,-12.39420968026)
  );
#4832 = CARTESIAN_POINT('',(-6.989471979519,5.102999367,-12.39420968026)
  );
#4833 = ORIENTED_EDGE('',*,*,#4834,.F.);
#4834 = EDGE_CURVE('',#4792,#4828,#4835,.T.);
#4835 = B_SPLINE_CURVE_WITH_KNOTS('',3,(#4836,#4837,#4838,#4839),
  .UNSPECIFIED.,.F.,.F.,(4,4),(0.E+000,1.),.PIECEWISE_BEZIER_KNOTS.);
#4836 = CARTESIAN_POINT('',(-7.136966161352,5.099999367,-12.45544696096)
  );
#4837 = CARTESIAN_POINT('',(-7.097932993925,5.099999367,-12.41622182713)
  );
#4838 = CARTESIAN_POINT('',(-7.044950268304,5.099999367,-12.39420968026)
  );
#4839 = CARTESIAN_POINT('',(-6.989471979519,5.099999367,-12.39420968026)
  );
#4840 = B_SPLINE_SURFACE_WITH_KNOTS('',3,1,(
    (#4841,#4842)
    ,(#4843,#4844)
    ,(#4845,#4846)
    ,(#4847,#4848
    )),.UNSPECIFIED.,.F.,.F.,.F.,(4,4),(2,2),(0.E+000,1.),(-3.E-003,
    0.E+000),.PIECEWISE_BEZIER_KNOTS.);
#4841 = CARTESIAN_POINT('',(-7.136966161352,5.102999367,-12.45544696096)
  );
#4842 = CARTESIAN_POINT('',(-7.136966161352,5.099999367,-12.45544696096)
  );
#4843 = CARTESIAN_POINT('',(-7.097932993925,5.102999367,-12.41622182713)
  );
#4844 = CARTESIAN_POINT('',(-7.097932993925,5.099999367,-12.41622182713)
  );
#4845 = CARTESIAN_POINT('',(-7.044950268304,5.102999367,-12.39420968026)
  );
#4846 = CARTESIAN_POINT('',(-7.044950268304,5.099999367,-12.39420968026)
  );
#4847 = CARTESIAN_POINT('',(-6.989471979519,5.102999367,-12.39420968026)
  );
#4848 = CARTESIAN_POINT('',(-6.989471979519,5.099999367,-12.39420968026)
  );
#4849 = ADVANCED_FACE('',(#4850),#4872,.F.);
#4850 = FACE_BOUND('',#4851,.F.);
#4851 = EDGE_LOOP('',(#4852,#4853,#4860,#4867));
#4852 = ORIENTED_EDGE('',*,*,#4827,.T.);
#4853 = ORIENTED_EDGE('',*,*,#4854,.T.);
#4854 = EDGE_CURVE('',#4819,#4855,#4857,.T.);
#4855 = VERTEX_POINT('',#4856);
#4856 = CARTESIAN_POINT('',(-5.57148019237,5.102999367,-12.39420968026)
  );
#4857 = B_SPLINE_CURVE_WITH_KNOTS('',1,(#4858,#4859),.UNSPECIFIED.,.F.,
  .F.,(2,2),(0.E+000,27.7),.PIECEWISE_BEZIER_KNOTS.);
#4858 = CARTESIAN_POINT('',(-6.989471979519,5.102999367,-12.39420968026)
  );
#4859 = CARTESIAN_POINT('',(-5.57148019237,5.102999367,-12.39420968026)
  );
#4860 = ORIENTED_EDGE('',*,*,#4861,.F.);
#4861 = EDGE_CURVE('',#4862,#4855,#4864,.T.);
#4862 = VERTEX_POINT('',#4863);
#4863 = CARTESIAN_POINT('',(-5.57148019237,5.099999367,-12.39420968026)
  );
#4864 = B_SPLINE_CURVE_WITH_KNOTS('',1,(#4865,#4866),.UNSPECIFIED.,.F.,
  .F.,(2,2),(0.E+000,3.E-003),.PIECEWISE_BEZIER_KNOTS.);
#4865 = CARTESIAN_POINT('',(-5.57148019237,5.099999367,-12.39420968026)
  );
#4866 = CARTESIAN_POINT('',(-5.57148019237,5.102999367,-12.39420968026)
  );
#4867 = ORIENTED_EDGE('',*,*,#4868,.F.);
#4868 = EDGE_CURVE('',#4828,#4862,#4869,.T.);
#4869 = B_SPLINE_CURVE_WITH_KNOTS('',1,(#4870,#4871),.UNSPECIFIED.,.F.,
  .F.,(2,2),(0.E+000,27.7),.PIECEWISE_BEZIER_KNOTS.);
#4870 = CARTESIAN_POINT('',(-6.989471979519,5.099999367,-12.39420968026)
  );
#4871 = CARTESIAN_POINT('',(-5.57148019237,5.099999367,-12.39420968026)
  );
#4872 = B_SPLINE_SURFACE_WITH_KNOTS('',1,1,(
    (#4873,#4874)
    ,(#4875,#4876
  )),.UNSPECIFIED.,.F.,.F.,.F.,(2,2),(2,2),(0.E+000,27.7),(-3.E-003,
    0.E+000),.PIECEWISE_BEZIER_KNOTS.);
#4873 = CARTESIAN_POINT('',(-6.989471979519,5.102999367,-12.39420968026)
  );
#4874 = CARTESIAN_POINT('',(-6.989471979519,5.099999367,-12.39420968026)
  );
#4875 = CARTESIAN_POINT('',(-5.57148019237,5.102999367,-12.39420968026)
  );
#4876 = CARTESIAN_POINT('',(-5.57148019237,5.099999367,-12.39420968026)
  );
#4877 = ADVANCED_FACE('',(#4878),#4904,.F.);
#4878 = FACE_BOUND('',#4879,.F.);
#4879 = EDGE_LOOP('',(#4880,#4881,#4890,#4897));
#4880 = ORIENTED_EDGE('',*,*,#4861,.T.);
#4881 = ORIENTED_EDGE('',*,*,#4882,.T.);
#4882 = EDGE_CURVE('',#4855,#4883,#4885,.T.);
#4883 = VERTEX_POINT('',#4884);
#4884 = CARTESIAN_POINT('',(-5.363260640231,5.102999367,-12.6021732772)
  );
#4885 = B_SPLINE_CURVE_WITH_KNOTS('',3,(#4886,#4887,#4888,#4889),
  .UNSPECIFIED.,.F.,.F.,(4,4),(0.E+000,1.),.PIECEWISE_BEZIER_KNOTS.);
#4886 = CARTESIAN_POINT('',(-5.57148019237,5.102999367,-12.39420968026)
  );
#4887 = CARTESIAN_POINT('',(-5.45649232046,5.102999367,-12.39420968026)
  );
#4888 = CARTESIAN_POINT('',(-5.363260640231,5.102999367,-12.48744136049)
  );
#4889 = CARTESIAN_POINT('',(-5.363260640231,5.102999367,-12.6021732772)
  );
#4890 = ORIENTED_EDGE('',*,*,#4891,.F.);
#4891 = EDGE_CURVE('',#4892,#4883,#4894,.T.);
#4892 = VERTEX_POINT('',#4893);
#4893 = CARTESIAN_POINT('',(-5.363260640231,5.099999367,-12.6021732772)
  );
#4894 = B_SPLINE_CURVE_WITH_KNOTS('',1,(#4895,#4896),.UNSPECIFIED.,.F.,
  .F.,(2,2),(0.E+000,3.E-003),.PIECEWISE_BEZIER_KNOTS.);
#4895 = CARTESIAN_POINT('',(-5.363260640231,5.099999367,-12.6021732772)
  );
#4896 = CARTESIAN_POINT('',(-5.363260640231,5.102999367,-12.6021732772)
  );
#4897 = ORIENTED_EDGE('',*,*,#4898,.F.);
#4898 = EDGE_CURVE('',#4862,#4892,#4899,.T.);
#4899 = B_SPLINE_CURVE_WITH_KNOTS('',3,(#4900,#4901,#4902,#4903),
  .UNSPECIFIED.,.F.,.F.,(4,4),(0.E+000,1.),.PIECEWISE_BEZIER_KNOTS.);
#4900 = CARTESIAN_POINT('',(-5.57148019237,5.099999367,-12.39420968026)
  );
#4901 = CARTESIAN_POINT('',(-5.45649232046,5.099999367,-12.39420968026)
  );
#4902 = CARTESIAN_POINT('',(-5.363260640231,5.099999367,-12.48744136049)
  );
#4903 = CARTESIAN_POINT('',(-5.363260640231,5.099999367,-12.6021732772)
  );
#4904 = B_SPLINE_SURFACE_WITH_KNOTS('',3,1,(
    (#4905,#4906)
    ,(#4907,#4908)
    ,(#4909,#4910)
    ,(#4911,#4912
    )),.UNSPECIFIED.,.F.,.F.,.F.,(4,4),(2,2),(0.E+000,1.),(-3.E-003,
    0.E+000),.PIECEWISE_BEZIER_KNOTS.);
#4905 = CARTESIAN_POINT('',(-5.57148019237,5.102999367,-12.39420968026)
  );
#4906 = CARTESIAN_POINT('',(-5.57148019237,5.099999367,-12.39420968026)
  );
#4907 = CARTESIAN_POINT('',(-5.45649232046,5.102999367,-12.39420968026)
  );
#4908 = CARTESIAN_POINT('',(-5.45649232046,5.099999367,-12.39420968026)
  );
#4909 = CARTESIAN_POINT('',(-5.363260640231,5.102999367,-12.48744136049)
  );
#4910 = CARTESIAN_POINT('',(-5.363260640231,5.099999367,-12.48744136049)
  );
#4911 = CARTESIAN_POINT('',(-5.363260640231,5.102999367,-12.6021732772)
  );
#4912 = CARTESIAN_POINT('',(-5.363260640231,5.099999367,-12.6021732772)
  );
#4913 = ADVANCED_FACE('',(#4914),#4940,.F.);
#4914 = FACE_BOUND('',#4915,.F.);
#4915 = EDGE_LOOP('',(#4916,#4917,#4926,#4933));
#4916 = ORIENTED_EDGE('',*,*,#4891,.T.);
#4917 = ORIENTED_EDGE('',*,*,#4918,.T.);
#4918 = EDGE_CURVE('',#4883,#4919,#4921,.T.);
#4919 = VERTEX_POINT('',#4920);
#4920 = CARTESIAN_POINT('',(-5.57148019237,5.102999367,-12.81039282934)
  );
#4921 = B_SPLINE_CURVE_WITH_KNOTS('',3,(#4922,#4923,#4924,#4925),
  .UNSPECIFIED.,.F.,.F.,(4,4),(0.E+000,1.),.PIECEWISE_BEZIER_KNOTS.);
#4922 = CARTESIAN_POINT('',(-5.363260640231,5.102999367,-12.6021732772)
  );
#4923 = CARTESIAN_POINT('',(-5.363260640231,5.102999367,-12.71716114911)
  );
#4924 = CARTESIAN_POINT('',(-5.45649232046,5.102999367,-12.81039282934)
  );
#4925 = CARTESIAN_POINT('',(-5.57148019237,5.102999367,-12.81039282934)
  );
#4926 = ORIENTED_EDGE('',*,*,#4927,.F.);
#4927 = EDGE_CURVE('',#4928,#4919,#4930,.T.);
#4928 = VERTEX_POINT('',#4929);
#4929 = CARTESIAN_POINT('',(-5.57148019237,5.099999367,-12.81039282934)
  );
#4930 = B_SPLINE_CURVE_WITH_KNOTS('',1,(#4931,#4932),.UNSPECIFIED.,.F.,
  .F.,(2,2),(0.E+000,3.E-003),.PIECEWISE_BEZIER_KNOTS.);
#4931 = CARTESIAN_POINT('',(-5.57148019237,5.099999367,-12.81039282934)
  );
#4932 = CARTESIAN_POINT('',(-5.57148019237,5.102999367,-12.81039282934)
  );
#4933 = ORIENTED_EDGE('',*,*,#4934,.F.);
#4934 = EDGE_CURVE('',#4892,#4928,#4935,.T.);
#4935 = B_SPLINE_CURVE_WITH_KNOTS('',3,(#4936,#4937,#4938,#4939),
  .UNSPECIFIED.,.F.,.F.,(4,4),(0.E+000,1.),.PIECEWISE_BEZIER_KNOTS.);
#4936 = CARTESIAN_POINT('',(-5.363260640231,5.099999367,-12.6021732772)
  );
#4937 = CARTESIAN_POINT('',(-5.363260640231,5.099999367,-12.71716114911)
  );
#4938 = CARTESIAN_POINT('',(-5.45649232046,5.099999367,-12.81039282934)
  );
#4939 = CARTESIAN_POINT('',(-5.57148019237,5.099999367,-12.81039282934)
  );
#4940 = B_SPLINE_SURFACE_WITH_KNOTS('',3,1,(
    (#4941,#4942)
    ,(#4943,#4944)
    ,(#4945,#4946)
    ,(#4947,#4948
    )),.UNSPECIFIED.,.F.,.F.,.F.,(4,4),(2,2),(0.E+000,1.),(-3.E-003,
    0.E+000),.PIECEWISE_BEZIER_KNOTS.);
#4941 = CARTESIAN_POINT('',(-5.363260640231,5.102999367,-12.6021732772)
  );
#4942 = CARTESIAN_POINT('',(-5.363260640231,5.099999367,-12.6021732772)
  );
#4943 = CARTESIAN_POINT('',(-5.363260640231,5.102999367,-12.71716114911)
  );
#4944 = CARTESIAN_POINT('',(-5.363260640231,5.099999367,-12.71716114911)
  );
#4945 = CARTESIAN_POINT('',(-5.45649232046,5.102999367,-12.81039282934)
  );
#4946 = CARTESIAN_POINT('',(-5.45649232046,5.099999367,-12.81039282934)
  );
#4947 = CARTESIAN_POINT('',(-5.57148019237,5.102999367,-12.81039282934)
  );
#4948 = CARTESIAN_POINT('',(-5.57148019237,5.099999367,-12.81039282934)
  );
#4949 = ADVANCED_FACE('',(#4950),#4972,.F.);
#4950 = FACE_BOUND('',#4951,.F.);
#4951 = EDGE_LOOP('',(#4952,#4953,#4960,#4967));
#4952 = ORIENTED_EDGE('',*,*,#4927,.T.);
#4953 = ORIENTED_EDGE('',*,*,#4954,.T.);
#4954 = EDGE_CURVE('',#4919,#4955,#4957,.T.);
#4955 = VERTEX_POINT('',#4956);
#4956 = CARTESIAN_POINT('',(-6.989471979519,5.102999367,-12.81039282934)
  );
#4957 = B_SPLINE_CURVE_WITH_KNOTS('',1,(#4958,#4959),.UNSPECIFIED.,.F.,
  .F.,(2,2),(0.E+000,27.7),.PIECEWISE_BEZIER_KNOTS.);
#4958 = CARTESIAN_POINT('',(-5.57148019237,5.102999367,-12.81039282934)
  );
#4959 = CARTESIAN_POINT('',(-6.989471979519,5.102999367,-12.81039282934)
  );
#4960 = ORIENTED_EDGE('',*,*,#4961,.F.);
#4961 = EDGE_CURVE('',#4962,#4955,#4964,.T.);
#4962 = VERTEX_POINT('',#4963);
#4963 = CARTESIAN_POINT('',(-6.989471979519,5.099999367,-12.81039282934)
  );
#4964 = B_SPLINE_CURVE_WITH_KNOTS('',1,(#4965,#4966),.UNSPECIFIED.,.F.,
  .F.,(2,2),(0.E+000,3.E-003),.PIECEWISE_BEZIER_KNOTS.);
#4965 = CARTESIAN_POINT('',(-6.989471979519,5.099999367,-12.81039282934)
  );
#4966 = CARTESIAN_POINT('',(-6.989471979519,5.102999367,-12.81039282934)
  );
#4967 = ORIENTED_EDGE('',*,*,#4968,.F.);
#4968 = EDGE_CURVE('',#4928,#4962,#4969,.T.);
#4969 = B_SPLINE_CURVE_WITH_KNOTS('',1,(#4970,#4971),.UNSPECIFIED.,.F.,
  .F.,(2,2),(0.E+000,27.7),.PIECEWISE_BEZIER_KNOTS.);
#4970 = CARTESIAN_POINT('',(-5.57148019237,5.099999367,-12.81039282934)
  );
#4971 = CARTESIAN_POINT('',(-6.989471979519,5.099999367,-12.81039282934)
  );
#4972 = B_SPLINE_SURFACE_WITH_KNOTS('',1,1,(
    (#4973,#4974)
    ,(#4975,#4976
  )),.UNSPECIFIED.,.F.,.F.,.F.,(2,2),(2,2),(0.E+000,27.7),(-3.E-003,
    0.E+000),.PIECEWISE_BEZIER_KNOTS.);
#4973 = CARTESIAN_POINT('',(-5.57148019237,5.102999367,-12.81039282934)
  );
#4974 = CARTESIAN_POINT('',(-5.57148019237,5.099999367,-12.81039282934)
  );
#4975 = CARTESIAN_POINT('',(-6.989471979519,5.102999367,-12.81039282934)
  );
#4976 = CARTESIAN_POINT('',(-6.989471979519,5.099999367,-12.81039282934)
  );
#4977 = ADVANCED_FACE('',(#4978),#5004,.F.);
#4978 = FACE_BOUND('',#4979,.F.);
#4979 = EDGE_LOOP('',(#4980,#4981,#4990,#4997));
#4980 = ORIENTED_EDGE('',*,*,#4961,.T.);
#4981 = ORIENTED_EDGE('',*,*,#4982,.T.);
#4982 = EDGE_CURVE('',#4955,#4983,#4985,.T.);
#4983 = VERTEX_POINT('',#4984);
#4984 = CARTESIAN_POINT('',(-7.136710206154,5.102999367,-12.74966745903)
  );
#4985 = B_SPLINE_CURVE_WITH_KNOTS('',3,(#4986,#4987,#4988,#4989),
  .UNSPECIFIED.,.F.,.F.,(4,4),(0.E+000,1.),.PIECEWISE_BEZIER_KNOTS.);
#4986 = CARTESIAN_POINT('',(-6.989471979519,5.102999367,-12.81039282934)
  );
#4987 = CARTESIAN_POINT('',(-7.044694313108,5.102999367,-12.81039282934)
  );
#4988 = CARTESIAN_POINT('',(-7.097741027528,5.102999367,-12.78863663766)
  );
#4989 = CARTESIAN_POINT('',(-7.136710206154,5.102999367,-12.74966745903)
  );
#4990 = ORIENTED_EDGE('',*,*,#4991,.F.);
#4991 = EDGE_CURVE('',#4992,#4983,#4994,.T.);
#4992 = VERTEX_POINT('',#4993);
#4993 = CARTESIAN_POINT('',(-7.136710206154,5.099999367,-12.74966745903)
  );
#4994 = B_SPLINE_CURVE_WITH_KNOTS('',1,(#4995,#4996),.UNSPECIFIED.,.F.,
  .F.,(2,2),(0.E+000,3.E-003),.PIECEWISE_BEZIER_KNOTS.);
#4995 = CARTESIAN_POINT('',(-7.136710206154,5.099999367,-12.74966745903)
  );
#4996 = CARTESIAN_POINT('',(-7.136710206154,5.102999367,-12.74966745903)
  );
#4997 = ORIENTED_EDGE('',*,*,#4998,.F.);
#4998 = EDGE_CURVE('',#4962,#4992,#4999,.T.);
#4999 = B_SPLINE_CURVE_WITH_KNOTS('',3,(#5000,#5001,#5002,#5003),
  .UNSPECIFIED.,.F.,.F.,(4,4),(0.E+000,1.),.PIECEWISE_BEZIER_KNOTS.);
#5000 = CARTESIAN_POINT('',(-6.989471979519,5.099999367,-12.81039282934)
  );
#5001 = CARTESIAN_POINT('',(-7.044694313108,5.099999367,-12.81039282934)
  );
#5002 = CARTESIAN_POINT('',(-7.097741027528,5.099999367,-12.78863663766)
  );
#5003 = CARTESIAN_POINT('',(-7.136710206154,5.099999367,-12.74966745903)
  );
#5004 = B_SPLINE_SURFACE_WITH_KNOTS('',3,1,(
    (#5005,#5006)
    ,(#5007,#5008)
    ,(#5009,#5010)
    ,(#5011,#5012
    )),.UNSPECIFIED.,.F.,.F.,.F.,(4,4),(2,2),(0.E+000,1.),(-3.E-003,
    0.E+000),.PIECEWISE_BEZIER_KNOTS.);
#5005 = CARTESIAN_POINT('',(-6.989471979519,5.102999367,-12.81039282934)
  );
#5006 = CARTESIAN_POINT('',(-6.989471979519,5.099999367,-12.81039282934)
  );
#5007 = CARTESIAN_POINT('',(-7.044694313108,5.102999367,-12.81039282934)
  );
#5008 = CARTESIAN_POINT('',(-7.044694313108,5.099999367,-12.81039282934)
  );
#5009 = CARTESIAN_POINT('',(-7.097741027528,5.102999367,-12.78863663766)
  );
#5010 = CARTESIAN_POINT('',(-7.097741027528,5.099999367,-12.78863663766)
  );
#5011 = CARTESIAN_POINT('',(-7.136710206154,5.102999367,-12.74966745903)
  );
#5012 = CARTESIAN_POINT('',(-7.136710206154,5.099999367,-12.74966745903)
  );
#5013 = ADVANCED_FACE('',(#5014),#5032,.F.);
#5014 = FACE_BOUND('',#5015,.F.);
#5015 = EDGE_LOOP('',(#5016,#5017,#5024,#5025));
#5016 = ORIENTED_EDGE('',*,*,#4991,.T.);
#5017 = ORIENTED_EDGE('',*,*,#5018,.T.);
#5018 = EDGE_CURVE('',#4983,#4776,#5019,.T.);
#5019 = B_SPLINE_CURVE_WITH_KNOTS('',3,(#5020,#5021,#5022,#5023),
  .UNSPECIFIED.,.F.,.F.,(4,4),(0.E+000,1.),.PIECEWISE_BEZIER_KNOTS.);
#5020 = CARTESIAN_POINT('',(-7.136710206154,5.102999367,-12.74966745903)
  );
#5021 = CARTESIAN_POINT('',(-7.175679384782,5.102999367,-12.7108902468)
  );
#5022 = CARTESIAN_POINT('',(-7.197691531658,5.102999367,-12.65816347638)
  );
#5023 = CARTESIAN_POINT('',(-7.197947486854,5.102999367,-12.60294114279)
  );
#5024 = ORIENTED_EDGE('',*,*,#4773,.F.);
#5025 = ORIENTED_EDGE('',*,*,#5026,.F.);
#5026 = EDGE_CURVE('',#4992,#4774,#5027,.T.);
#5027 = B_SPLINE_CURVE_WITH_KNOTS('',3,(#5028,#5029,#5030,#5031),
  .UNSPECIFIED.,.F.,.F.,(4,4),(0.E+000,1.),.PIECEWISE_BEZIER_KNOTS.);
#5028 = CARTESIAN_POINT('',(-7.136710206154,5.099999367,-12.74966745903)
  );
#5029 = CARTESIAN_POINT('',(-7.175679384782,5.099999367,-12.7108902468)
  );
#5030 = CARTESIAN_POINT('',(-7.197691531658,5.099999367,-12.65816347638)
  );
#5031 = CARTESIAN_POINT('',(-7.197947486854,5.099999367,-12.60294114279)
  );
#5032 = B_SPLINE_SURFACE_WITH_KNOTS('',3,1,(
    (#5033,#5034)
    ,(#5035,#5036)
    ,(#5037,#5038)
    ,(#5039,#5040
    )),.UNSPECIFIED.,.F.,.F.,.F.,(4,4),(2,2),(0.E+000,1.),(-3.E-003,
    0.E+000),.PIECEWISE_BEZIER_KNOTS.);
#5033 = CARTESIAN_POINT('',(-7.136710206154,5.102999367,-12.74966745903)
  );
#5034 = CARTESIAN_POINT('',(-7.136710206154,5.099999367,-12.74966745903)
  );
#5035 = CARTESIAN_POINT('',(-7.175679384782,5.102999367,-12.7108902468)
  );
#5036 = CARTESIAN_POINT('',(-7.175679384782,5.099999367,-12.7108902468)
  );
#5037 = CARTESIAN_POINT('',(-7.197691531658,5.102999367,-12.65816347638)
  );
#5038 = CARTESIAN_POINT('',(-7.197691531658,5.099999367,-12.65816347638)
  );
#5039 = CARTESIAN_POINT('',(-7.197947486854,5.102999367,-12.60294114279)
  );
#5040 = CARTESIAN_POINT('',(-7.197947486854,5.099999367,-12.60294114279)
  );
#5041 = ADVANCED_FACE('',(#5042),#5052,.F.);
#5042 = FACE_BOUND('',#5043,.F.);
#5043 = EDGE_LOOP('',(#5044,#5045,#5046,#5047,#5048,#5049,#5050,#5051));
#5044 = ORIENTED_EDGE('',*,*,#4798,.T.);
#5045 = ORIENTED_EDGE('',*,*,#4834,.T.);
#5046 = ORIENTED_EDGE('',*,*,#4868,.T.);
#5047 = ORIENTED_EDGE('',*,*,#4898,.T.);
#5048 = ORIENTED_EDGE('',*,*,#4934,.T.);
#5049 = ORIENTED_EDGE('',*,*,#4968,.T.);
#5050 = ORIENTED_EDGE('',*,*,#4998,.T.);
#5051 = ORIENTED_EDGE('',*,*,#5026,.T.);
#5052 = B_SPLINE_SURFACE_WITH_KNOTS('',1,1,(
    (#5053,#5054)
    ,(#5055,#5056
    )),.UNSPECIFIED.,.F.,.F.,.F.,(2,2),(2,2),(-123.4393470642,
    -50.63431346805),(4.92591885992,21.441123188513),
  .PIECEWISE_BEZIER_KNOTS.);
#5053 = CARTESIAN_POINT('',(-7.197947486854,5.099999367,-12.39420968026)
  );
#5054 = CARTESIAN_POINT('',(-7.197947486854,5.099999367,-12.81039282934)
  );
#5055 = CARTESIAN_POINT('',(-5.363260640231,5.099999367,-12.39420968026)
  );
#5056 = CARTESIAN_POINT('',(-5.363260640231,5.099999367,-12.81039282934)
  );
#5057 = ADVANCED_FACE('',(#5058),#5068,.T.);
#5058 = FACE_BOUND('',#5059,.T.);
#5059 = EDGE_LOOP('',(#5060,#5061,#5062,#5063,#5064,#5065,#5066,#5067));
#5060 = ORIENTED_EDGE('',*,*,#4782,.T.);
#5061 = ORIENTED_EDGE('',*,*,#4818,.T.);
#5062 = ORIENTED_EDGE('',*,*,#4854,.T.);
#5063 = ORIENTED_EDGE('',*,*,#4882,.T.);
#5064 = ORIENTED_EDGE('',*,*,#4918,.T.);
#5065 = ORIENTED_EDGE('',*,*,#4954,.T.);
#5066 = ORIENTED_EDGE('',*,*,#4982,.T.);
#5067 = ORIENTED_EDGE('',*,*,#5018,.T.);
#5068 = B_SPLINE_SURFACE_WITH_KNOTS('',1,1,(
    (#5069,#5070)
    ,(#5071,#5072
    )),.UNSPECIFIED.,.F.,.F.,.F.,(2,2),(2,2),(-123.4393470642,
    -50.63431346805),(4.92591885992,21.441123188513),
  .PIECEWISE_BEZIER_KNOTS.);
#5069 = CARTESIAN_POINT('',(-7.197947486854,5.102999367,-12.39420968026)
  );
#5070 = CARTESIAN_POINT('',(-7.197947486854,5.102999367,-12.81039282934)
  );
#5071 = CARTESIAN_POINT('',(-5.363260640231,5.102999367,-12.39420968026)
  );
#5072 = CARTESIAN_POINT('',(-5.363260640231,5.102999367,-12.81039282934)
  );
#5073 = MANIFOLD_SOLID_BREP('',#5074);
#5074 = CLOSED_SHELL('',(#5075,#5119,#5147,#5183,#5219,#5247,#5275,#5289
    ));
#5075 = ADVANCED_FACE('',(#5076),#5110,.F.);
#5076 = FACE_BOUND('',#5077,.F.);
#5077 = EDGE_LOOP('',(#5078,#5087,#5096,#5103));
#5078 = ORIENTED_EDGE('',*,*,#5079,.T.);
#5079 = EDGE_CURVE('',#5080,#5082,#5084,.T.);
#5080 = VERTEX_POINT('',#5081);
#5081 = CARTESIAN_POINT('',(-4.945605748772,5.099999367,-12.08028063207)
  );
#5082 = VERTEX_POINT('',#5083);
#5083 = CARTESIAN_POINT('',(-4.945605748772,5.102999367,-12.08028063207)
  );
#5084 = B_SPLINE_CURVE_WITH_KNOTS('',1,(#5085,#5086),.UNSPECIFIED.,.F.,
  .F.,(2,2),(0.E+000,3.E-003),.PIECEWISE_BEZIER_KNOTS.);
#5085 = CARTESIAN_POINT('',(-4.945605748772,5.099999367,-12.08028063207)
  );
#5086 = CARTESIAN_POINT('',(-4.945605748772,5.102999367,-12.08028063207)
  );
#5087 = ORIENTED_EDGE('',*,*,#5088,.T.);
#5088 = EDGE_CURVE('',#5082,#5089,#5091,.T.);
#5089 = VERTEX_POINT('',#5090);
#5090 = CARTESIAN_POINT('',(-5.153825300911,5.102999367,-12.28875613941)
  );
#5091 = B_SPLINE_CURVE_WITH_KNOTS('',3,(#5092,#5093,#5094,#5095),
  .UNSPECIFIED.,.F.,.F.,(4,4),(0.E+000,1.),.PIECEWISE_BEZIER_KNOTS.);
#5092 = CARTESIAN_POINT('',(-4.945605748772,5.102999367,-12.08028063207)
  );
#5093 = CARTESIAN_POINT('',(-4.945605748772,5.102999367,-12.19552445918)
  );
#5094 = CARTESIAN_POINT('',(-5.038837429001,5.102999367,-12.28875613941)
  );
#5095 = CARTESIAN_POINT('',(-5.153825300911,5.102999367,-12.28875613941)
  );
#5096 = ORIENTED_EDGE('',*,*,#5097,.F.);
#5097 = EDGE_CURVE('',#5098,#5089,#5100,.T.);
#5098 = VERTEX_POINT('',#5099);
#5099 = CARTESIAN_POINT('',(-5.153825300911,5.099999367,-12.28875613941)
  );
#5100 = B_SPLINE_CURVE_WITH_KNOTS('',1,(#5101,#5102),.UNSPECIFIED.,.F.,
  .F.,(2,2),(0.E+000,3.E-003),.PIECEWISE_BEZIER_KNOTS.);
#5101 = CARTESIAN_POINT('',(-5.153825300911,5.099999367,-12.28875613941)
  );
#5102 = CARTESIAN_POINT('',(-5.153825300911,5.102999367,-12.28875613941)
  );
#5103 = ORIENTED_EDGE('',*,*,#5104,.F.);
#5104 = EDGE_CURVE('',#5080,#5098,#5105,.T.);
#5105 = B_SPLINE_CURVE_WITH_KNOTS('',3,(#5106,#5107,#5108,#5109),
  .UNSPECIFIED.,.F.,.F.,(4,4),(0.E+000,1.),.PIECEWISE_BEZIER_KNOTS.);
#5106 = CARTESIAN_POINT('',(-4.945605748772,5.099999367,-12.08028063207)
  );
#5107 = CARTESIAN_POINT('',(-4.945605748772,5.099999367,-12.19552445918)
  );
#5108 = CARTESIAN_POINT('',(-5.038837429001,5.099999367,-12.28875613941)
  );
#5109 = CARTESIAN_POINT('',(-5.153825300911,5.099999367,-12.28875613941)
  );
#5110 = B_SPLINE_SURFACE_WITH_KNOTS('',3,1,(
    (#5111,#5112)
    ,(#5113,#5114)
    ,(#5115,#5116)
    ,(#5117,#5118
    )),.UNSPECIFIED.,.F.,.F.,.F.,(4,4),(2,2),(0.E+000,1.),(-3.E-003,
    0.E+000),.PIECEWISE_BEZIER_KNOTS.);
#5111 = CARTESIAN_POINT('',(-4.945605748772,5.102999367,-12.08028063207)
  );
#5112 = CARTESIAN_POINT('',(-4.945605748772,5.099999367,-12.08028063207)
  );
#5113 = CARTESIAN_POINT('',(-4.945605748772,5.102999367,-12.19552445918)
  );
#5114 = CARTESIAN_POINT('',(-4.945605748772,5.099999367,-12.19552445918)
  );
#5115 = CARTESIAN_POINT('',(-5.038837429001,5.102999367,-12.28875613941)
  );
#5116 = CARTESIAN_POINT('',(-5.038837429001,5.099999367,-12.28875613941)
  );
#5117 = CARTESIAN_POINT('',(-5.153825300911,5.102999367,-12.28875613941)
  );
#5118 = CARTESIAN_POINT('',(-5.153825300911,5.099999367,-12.28875613941)
  );
#5119 = ADVANCED_FACE('',(#5120),#5142,.F.);
#5120 = FACE_BOUND('',#5121,.F.);
#5121 = EDGE_LOOP('',(#5122,#5123,#5130,#5137));
#5122 = ORIENTED_EDGE('',*,*,#5097,.T.);
#5123 = ORIENTED_EDGE('',*,*,#5124,.T.);
#5124 = EDGE_CURVE('',#5089,#5125,#5127,.T.);
#5125 = VERTEX_POINT('',#5126);
#5126 = CARTESIAN_POINT('',(-6.572073043256,5.102999367,-12.28875613941)
  );
#5127 = B_SPLINE_CURVE_WITH_KNOTS('',1,(#5128,#5129),.UNSPECIFIED.,.F.,
  .F.,(2,2),(0.E+000,27.705),.PIECEWISE_BEZIER_KNOTS.);
#5128 = CARTESIAN_POINT('',(-5.153825300911,5.102999367,-12.28875613941)
  );
#5129 = CARTESIAN_POINT('',(-6.572073043256,5.102999367,-12.28875613941)
  );
#5130 = ORIENTED_EDGE('',*,*,#5131,.F.);
#5131 = EDGE_CURVE('',#5132,#5125,#5134,.T.);
#5132 = VERTEX_POINT('',#5133);
#5133 = CARTESIAN_POINT('',(-6.572073043256,5.099999367,-12.28875613941)
  );
#5134 = B_SPLINE_CURVE_WITH_KNOTS('',1,(#5135,#5136),.UNSPECIFIED.,.F.,
  .F.,(2,2),(0.E+000,3.E-003),.PIECEWISE_BEZIER_KNOTS.);
#5135 = CARTESIAN_POINT('',(-6.572073043256,5.099999367,-12.28875613941)
  );
#5136 = CARTESIAN_POINT('',(-6.572073043256,5.102999367,-12.28875613941)
  );
#5137 = ORIENTED_EDGE('',*,*,#5138,.F.);
#5138 = EDGE_CURVE('',#5098,#5132,#5139,.T.);
#5139 = B_SPLINE_CURVE_WITH_KNOTS('',1,(#5140,#5141),.UNSPECIFIED.,.F.,
  .F.,(2,2),(0.E+000,27.705),.PIECEWISE_BEZIER_KNOTS.);
#5140 = CARTESIAN_POINT('',(-5.153825300911,5.099999367,-12.28875613941)
  );
#5141 = CARTESIAN_POINT('',(-6.572073043256,5.099999367,-12.28875613941)
  );
#5142 = B_SPLINE_SURFACE_WITH_KNOTS('',1,1,(
    (#5143,#5144)
    ,(#5145,#5146
    )),.UNSPECIFIED.,.F.,.F.,.F.,(2,2),(2,2),(0.E+000,27.705),(-3.E-003,
    0.E+000),.PIECEWISE_BEZIER_KNOTS.);
#5143 = CARTESIAN_POINT('',(-5.153825300911,5.102999367,-12.28875613941)
  );
#5144 = CARTESIAN_POINT('',(-5.153825300911,5.099999367,-12.28875613941)
  );
#5145 = CARTESIAN_POINT('',(-6.572073043256,5.102999367,-12.28875613941)
  );
#5146 = CARTESIAN_POINT('',(-6.572073043256,5.099999367,-12.28875613941)
  );
#5147 = ADVANCED_FACE('',(#5148),#5174,.F.);
#5148 = FACE_BOUND('',#5149,.F.);
#5149 = EDGE_LOOP('',(#5150,#5151,#5160,#5167));
#5150 = ORIENTED_EDGE('',*,*,#5131,.T.);
#5151 = ORIENTED_EDGE('',*,*,#5152,.T.);
#5152 = EDGE_CURVE('',#5125,#5153,#5155,.T.);
#5153 = VERTEX_POINT('',#5154);
#5154 = CARTESIAN_POINT('',(-6.780036640199,5.102999367,-12.08053658727)
  );
#5155 = B_SPLINE_CURVE_WITH_KNOTS('',3,(#5156,#5157,#5158,#5159),
  .UNSPECIFIED.,.F.,.F.,(4,4),(0.E+000,1.),.PIECEWISE_BEZIER_KNOTS.);
#5156 = CARTESIAN_POINT('',(-6.572073043256,5.102999367,-12.28875613941)
  );
#5157 = CARTESIAN_POINT('',(-6.687060915166,5.102999367,-12.28875613941)
  );
#5158 = CARTESIAN_POINT('',(-6.780036640199,5.102999367,-12.19552445918)
  );
#5159 = CARTESIAN_POINT('',(-6.780036640199,5.102999367,-12.08053658727)
  );
#5160 = ORIENTED_EDGE('',*,*,#5161,.F.);
#5161 = EDGE_CURVE('',#5162,#5153,#5164,.T.);
#5162 = VERTEX_POINT('',#5163);
#5163 = CARTESIAN_POINT('',(-6.780036640199,5.099999367,-12.08053658727)
  );
#5164 = B_SPLINE_CURVE_WITH_KNOTS('',1,(#5165,#5166),.UNSPECIFIED.,.F.,
  .F.,(2,2),(0.E+000,3.E-003),.PIECEWISE_BEZIER_KNOTS.);
#5165 = CARTESIAN_POINT('',(-6.780036640199,5.099999367,-12.08053658727)
  );
#5166 = CARTESIAN_POINT('',(-6.780036640199,5.102999367,-12.08053658727)
  );
#5167 = ORIENTED_EDGE('',*,*,#5168,.F.);
#5168 = EDGE_CURVE('',#5132,#5162,#5169,.T.);
#5169 = B_SPLINE_CURVE_WITH_KNOTS('',3,(#5170,#5171,#5172,#5173),
  .UNSPECIFIED.,.F.,.F.,(4,4),(0.E+000,1.),.PIECEWISE_BEZIER_KNOTS.);
#5170 = CARTESIAN_POINT('',(-6.572073043256,5.099999367,-12.28875613941)
  );
#5171 = CARTESIAN_POINT('',(-6.687060915166,5.099999367,-12.28875613941)
  );
#5172 = CARTESIAN_POINT('',(-6.780036640199,5.099999367,-12.19552445918)
  );
#5173 = CARTESIAN_POINT('',(-6.780036640199,5.099999367,-12.08053658727)
  );
#5174 = B_SPLINE_SURFACE_WITH_KNOTS('',3,1,(
    (#5175,#5176)
    ,(#5177,#5178)
    ,(#5179,#5180)
    ,(#5181,#5182
    )),.UNSPECIFIED.,.F.,.F.,.F.,(4,4),(2,2),(0.E+000,1.),(-3.E-003,
    0.E+000),.PIECEWISE_BEZIER_KNOTS.);
#5175 = CARTESIAN_POINT('',(-6.572073043256,5.102999367,-12.28875613941)
  );
#5176 = CARTESIAN_POINT('',(-6.572073043256,5.099999367,-12.28875613941)
  );
#5177 = CARTESIAN_POINT('',(-6.687060915166,5.102999367,-12.28875613941)
  );
#5178 = CARTESIAN_POINT('',(-6.687060915166,5.099999367,-12.28875613941)
  );
#5179 = CARTESIAN_POINT('',(-6.780036640199,5.102999367,-12.19552445918)
  );
#5180 = CARTESIAN_POINT('',(-6.780036640199,5.099999367,-12.19552445918)
  );
#5181 = CARTESIAN_POINT('',(-6.780036640199,5.102999367,-12.08053658727)
  );
#5182 = CARTESIAN_POINT('',(-6.780036640199,5.099999367,-12.08053658727)
  );
#5183 = ADVANCED_FACE('',(#5184),#5210,.F.);
#5184 = FACE_BOUND('',#5185,.F.);
#5185 = EDGE_LOOP('',(#5186,#5187,#5196,#5203));
#5186 = ORIENTED_EDGE('',*,*,#5161,.T.);
#5187 = ORIENTED_EDGE('',*,*,#5188,.T.);
#5188 = EDGE_CURVE('',#5153,#5189,#5191,.T.);
#5189 = VERTEX_POINT('',#5190);
#5190 = CARTESIAN_POINT('',(-6.572073043256,5.102999367,-11.87257299033)
  );
#5191 = B_SPLINE_CURVE_WITH_KNOTS('',3,(#5192,#5193,#5194,#5195),
  .UNSPECIFIED.,.F.,.F.,(4,4),(0.E+000,1.),.PIECEWISE_BEZIER_KNOTS.);
#5192 = CARTESIAN_POINT('',(-6.780036640199,5.102999367,-12.08053658727)
  );
#5193 = CARTESIAN_POINT('',(-6.780036640199,5.102999367,-11.96580467056)
  );
#5194 = CARTESIAN_POINT('',(-6.687060915166,5.102999367,-11.87257299033)
  );
#5195 = CARTESIAN_POINT('',(-6.572073043256,5.102999367,-11.87257299033)
  );
#5196 = ORIENTED_EDGE('',*,*,#5197,.F.);
#5197 = EDGE_CURVE('',#5198,#5189,#5200,.T.);
#5198 = VERTEX_POINT('',#5199);
#5199 = CARTESIAN_POINT('',(-6.572073043256,5.099999367,-11.87257299033)
  );
#5200 = B_SPLINE_CURVE_WITH_KNOTS('',1,(#5201,#5202),.UNSPECIFIED.,.F.,
  .F.,(2,2),(0.E+000,3.E-003),.PIECEWISE_BEZIER_KNOTS.);
#5201 = CARTESIAN_POINT('',(-6.572073043256,5.099999367,-11.87257299033)
  );
#5202 = CARTESIAN_POINT('',(-6.572073043256,5.102999367,-11.87257299033)
  );
#5203 = ORIENTED_EDGE('',*,*,#5204,.F.);
#5204 = EDGE_CURVE('',#5162,#5198,#5205,.T.);
#5205 = B_SPLINE_CURVE_WITH_KNOTS('',3,(#5206,#5207,#5208,#5209),
  .UNSPECIFIED.,.F.,.F.,(4,4),(0.E+000,1.),.PIECEWISE_BEZIER_KNOTS.);
#5206 = CARTESIAN_POINT('',(-6.780036640199,5.099999367,-12.08053658727)
  );
#5207 = CARTESIAN_POINT('',(-6.780036640199,5.099999367,-11.96580467056)
  );
#5208 = CARTESIAN_POINT('',(-6.687060915166,5.099999367,-11.87257299033)
  );
#5209 = CARTESIAN_POINT('',(-6.572073043256,5.099999367,-11.87257299033)
  );
#5210 = B_SPLINE_SURFACE_WITH_KNOTS('',3,1,(
    (#5211,#5212)
    ,(#5213,#5214)
    ,(#5215,#5216)
    ,(#5217,#5218
    )),.UNSPECIFIED.,.F.,.F.,.F.,(4,4),(2,2),(0.E+000,1.),(-3.E-003,
    0.E+000),.PIECEWISE_BEZIER_KNOTS.);
#5211 = CARTESIAN_POINT('',(-6.780036640199,5.102999367,-12.08053658727)
  );
#5212 = CARTESIAN_POINT('',(-6.780036640199,5.099999367,-12.08053658727)
  );
#5213 = CARTESIAN_POINT('',(-6.780036640199,5.102999367,-11.96580467056)
  );
#5214 = CARTESIAN_POINT('',(-6.780036640199,5.099999367,-11.96580467056)
  );
#5215 = CARTESIAN_POINT('',(-6.687060915166,5.102999367,-11.87257299033)
  );
#5216 = CARTESIAN_POINT('',(-6.687060915166,5.099999367,-11.87257299033)
  );
#5217 = CARTESIAN_POINT('',(-6.572073043256,5.102999367,-11.87257299033)
  );
#5218 = CARTESIAN_POINT('',(-6.572073043256,5.099999367,-11.87257299033)
  );
#5219 = ADVANCED_FACE('',(#5220),#5242,.F.);
#5220 = FACE_BOUND('',#5221,.F.);
#5221 = EDGE_LOOP('',(#5222,#5223,#5230,#5237));
#5222 = ORIENTED_EDGE('',*,*,#5197,.T.);
#5223 = ORIENTED_EDGE('',*,*,#5224,.T.);
#5224 = EDGE_CURVE('',#5189,#5225,#5227,.T.);
#5225 = VERTEX_POINT('',#5226);
#5226 = CARTESIAN_POINT('',(-5.153825300911,5.102999367,-11.87257299033)
  );
#5227 = B_SPLINE_CURVE_WITH_KNOTS('',1,(#5228,#5229),.UNSPECIFIED.,.F.,
  .F.,(2,2),(0.E+000,27.705),.PIECEWISE_BEZIER_KNOTS.);
#5228 = CARTESIAN_POINT('',(-6.572073043256,5.102999367,-11.87257299033)
  );
#5229 = CARTESIAN_POINT('',(-5.153825300911,5.102999367,-11.87257299033)
  );
#5230 = ORIENTED_EDGE('',*,*,#5231,.F.);
#5231 = EDGE_CURVE('',#5232,#5225,#5234,.T.);
#5232 = VERTEX_POINT('',#5233);
#5233 = CARTESIAN_POINT('',(-5.153825300911,5.099999367,-11.87257299033)
  );
#5234 = B_SPLINE_CURVE_WITH_KNOTS('',1,(#5235,#5236),.UNSPECIFIED.,.F.,
  .F.,(2,2),(0.E+000,3.E-003),.PIECEWISE_BEZIER_KNOTS.);
#5235 = CARTESIAN_POINT('',(-5.153825300911,5.099999367,-11.87257299033)
  );
#5236 = CARTESIAN_POINT('',(-5.153825300911,5.102999367,-11.87257299033)
  );
#5237 = ORIENTED_EDGE('',*,*,#5238,.F.);
#5238 = EDGE_CURVE('',#5198,#5232,#5239,.T.);
#5239 = B_SPLINE_CURVE_WITH_KNOTS('',1,(#5240,#5241),.UNSPECIFIED.,.F.,
  .F.,(2,2),(0.E+000,27.705),.PIECEWISE_BEZIER_KNOTS.);
#5240 = CARTESIAN_POINT('',(-6.572073043256,5.099999367,-11.87257299033)
  );
#5241 = CARTESIAN_POINT('',(-5.153825300911,5.099999367,-11.87257299033)
  );
#5242 = B_SPLINE_SURFACE_WITH_KNOTS('',1,1,(
    (#5243,#5244)
    ,(#5245,#5246
    )),.UNSPECIFIED.,.F.,.F.,.F.,(2,2),(2,2),(0.E+000,27.705),(-3.E-003,
    0.E+000),.PIECEWISE_BEZIER_KNOTS.);
#5243 = CARTESIAN_POINT('',(-6.572073043256,5.102999367,-11.87257299033)
  );
#5244 = CARTESIAN_POINT('',(-6.572073043256,5.099999367,-11.87257299033)
  );
#5245 = CARTESIAN_POINT('',(-5.153825300911,5.102999367,-11.87257299033)
  );
#5246 = CARTESIAN_POINT('',(-5.153825300911,5.099999367,-11.87257299033)
  );
#5247 = ADVANCED_FACE('',(#5248),#5266,.F.);
#5248 = FACE_BOUND('',#5249,.F.);
#5249 = EDGE_LOOP('',(#5250,#5251,#5258,#5259));
#5250 = ORIENTED_EDGE('',*,*,#5231,.T.);
#5251 = ORIENTED_EDGE('',*,*,#5252,.T.);
#5252 = EDGE_CURVE('',#5225,#5082,#5253,.T.);
#5253 = B_SPLINE_CURVE_WITH_KNOTS('',3,(#5254,#5255,#5256,#5257),
  .UNSPECIFIED.,.F.,.F.,(4,4),(0.E+000,1.),.PIECEWISE_BEZIER_KNOTS.);
#5254 = CARTESIAN_POINT('',(-5.153825300911,5.102999367,-11.87257299033)
  );
#5255 = CARTESIAN_POINT('',(-5.039093384197,5.102999367,-11.87257299033)
  );
#5256 = CARTESIAN_POINT('',(-4.945861703968,5.102999367,-11.96554871536)
  );
#5257 = CARTESIAN_POINT('',(-4.945605748772,5.102999367,-12.08028063207)
  );
#5258 = ORIENTED_EDGE('',*,*,#5079,.F.);
#5259 = ORIENTED_EDGE('',*,*,#5260,.F.);
#5260 = EDGE_CURVE('',#5232,#5080,#5261,.T.);
#5261 = B_SPLINE_CURVE_WITH_KNOTS('',3,(#5262,#5263,#5264,#5265),
  .UNSPECIFIED.,.F.,.F.,(4,4),(0.E+000,1.),.PIECEWISE_BEZIER_KNOTS.);
#5262 = CARTESIAN_POINT('',(-5.153825300911,5.099999367,-11.87257299033)
  );
#5263 = CARTESIAN_POINT('',(-5.039093384197,5.099999367,-11.87257299033)
  );
#5264 = CARTESIAN_POINT('',(-4.945861703968,5.099999367,-11.96554871536)
  );
#5265 = CARTESIAN_POINT('',(-4.945605748772,5.099999367,-12.08028063207)
  );
#5266 = B_SPLINE_SURFACE_WITH_KNOTS('',3,1,(
    (#5267,#5268)
    ,(#5269,#5270)
    ,(#5271,#5272)
    ,(#5273,#5274
    )),.UNSPECIFIED.,.F.,.F.,.F.,(4,4),(2,2),(0.E+000,1.),(-3.E-003,
    0.E+000),.PIECEWISE_BEZIER_KNOTS.);
#5267 = CARTESIAN_POINT('',(-5.153825300911,5.102999367,-11.87257299033)
  );
#5268 = CARTESIAN_POINT('',(-5.153825300911,5.099999367,-11.87257299033)
  );
#5269 = CARTESIAN_POINT('',(-5.039093384197,5.102999367,-11.87257299033)
  );
#5270 = CARTESIAN_POINT('',(-5.039093384197,5.099999367,-11.87257299033)
  );
#5271 = CARTESIAN_POINT('',(-4.945861703968,5.102999367,-11.96554871536)
  );
#5272 = CARTESIAN_POINT('',(-4.945861703968,5.099999367,-11.96554871536)
  );
#5273 = CARTESIAN_POINT('',(-4.945605748772,5.102999367,-12.08028063207)
  );
#5274 = CARTESIAN_POINT('',(-4.945605748772,5.099999367,-12.08028063207)
  );
#5275 = ADVANCED_FACE('',(#5276),#5284,.F.);
#5276 = FACE_BOUND('',#5277,.F.);
#5277 = EDGE_LOOP('',(#5278,#5279,#5280,#5281,#5282,#5283));
#5278 = ORIENTED_EDGE('',*,*,#5104,.T.);
#5279 = ORIENTED_EDGE('',*,*,#5138,.T.);
#5280 = ORIENTED_EDGE('',*,*,#5168,.T.);
#5281 = ORIENTED_EDGE('',*,*,#5204,.T.);
#5282 = ORIENTED_EDGE('',*,*,#5238,.T.);
#5283 = ORIENTED_EDGE('',*,*,#5260,.T.);
#5284 = B_SPLINE_SURFACE_WITH_KNOTS('',1,1,(
    (#5285,#5286)
    ,(#5287,#5288
    )),.UNSPECIFIED.,.F.,.F.,.F.,(2,2),(2,2),(-106.855583308,
    -34.06070666413),(-15.77394978809,0.741254540498),
  .PIECEWISE_BEZIER_KNOTS.);
#5285 = CARTESIAN_POINT('',(-6.780036640199,5.099999367,-11.87257299033)
  );
#5286 = CARTESIAN_POINT('',(-6.780036640199,5.099999367,-12.28875613941)
  );
#5287 = CARTESIAN_POINT('',(-4.945605748772,5.099999367,-11.87257299033)
  );
#5288 = CARTESIAN_POINT('',(-4.945605748772,5.099999367,-12.28875613941)
  );
#5289 = ADVANCED_FACE('',(#5290),#5298,.T.);
#5290 = FACE_BOUND('',#5291,.T.);
#5291 = EDGE_LOOP('',(#5292,#5293,#5294,#5295,#5296,#5297));
#5292 = ORIENTED_EDGE('',*,*,#5088,.T.);
#5293 = ORIENTED_EDGE('',*,*,#5124,.T.);
#5294 = ORIENTED_EDGE('',*,*,#5152,.T.);
#5295 = ORIENTED_EDGE('',*,*,#5188,.T.);
#5296 = ORIENTED_EDGE('',*,*,#5224,.T.);
#5297 = ORIENTED_EDGE('',*,*,#5252,.T.);
#5298 = B_SPLINE_SURFACE_WITH_KNOTS('',1,1,(
    (#5299,#5300)
    ,(#5301,#5302
    )),.UNSPECIFIED.,.F.,.F.,.F.,(2,2),(2,2),(-106.855583308,
    -34.06070666413),(-15.77394978809,0.741254540498),
  .PIECEWISE_BEZIER_KNOTS.);
#5299 = CARTESIAN_POINT('',(-6.780036640199,5.102999367,-11.87257299033)
  );
#5300 = CARTESIAN_POINT('',(-6.780036640199,5.102999367,-12.28875613941)
  );
#5301 = CARTESIAN_POINT('',(-4.945605748772,5.102999367,-11.87257299033)
  );
#5302 = CARTESIAN_POINT('',(-4.945605748772,5.102999367,-12.28875613941)
  );
#5303 = MANIFOLD_SOLID_BREP('',#5304);
#5304 = CLOSED_SHELL('',(#5305,#5341,#5377,#5413,#5441,#5477,#5505,#5519
    ));
#5305 = ADVANCED_FACE('',(#5306),#5336,.T.);
#5306 = FACE_BOUND('',#5307,.T.);
#5307 = EDGE_LOOP('',(#5308,#5317,#5324,#5331));
#5308 = ORIENTED_EDGE('',*,*,#5309,.T.);
#5309 = EDGE_CURVE('',#5310,#5312,#5314,.T.);
#5310 = VERTEX_POINT('',#5311);
#5311 = CARTESIAN_POINT('',(-4.875602002601,5.099999367,-12.91386271742)
  );
#5312 = VERTEX_POINT('',#5313);
#5313 = CARTESIAN_POINT('',(-4.875602002601,5.102999367,-12.91386271742)
  );
#5314 = B_SPLINE_CURVE_WITH_KNOTS('',1,(#5315,#5316),.UNSPECIFIED.,.F.,
  .F.,(2,2),(0.E+000,3.E-003),.PIECEWISE_BEZIER_KNOTS.);
#5315 = CARTESIAN_POINT('',(-4.875602002601,5.099999367,-12.91386271742)
  );
#5316 = CARTESIAN_POINT('',(-4.875602002601,5.102999367,-12.91386271742)
  );
#5317 = ORIENTED_EDGE('',*,*,#5318,.T.);
#5318 = EDGE_CURVE('',#5312,#5319,#5321,.T.);
#5319 = VERTEX_POINT('',#5320);
#5320 = CARTESIAN_POINT('',(-6.293593789752,5.102999367,-12.91386271742)
  );
#5321 = B_SPLINE_CURVE_WITH_KNOTS('',1,(#5322,#5323),.UNSPECIFIED.,.F.,
  .F.,(2,2),(0.E+000,27.7),.PIECEWISE_BEZIER_KNOTS.);
#5322 = CARTESIAN_POINT('',(-4.875602002601,5.102999367,-12.91386271742)
  );
#5323 = CARTESIAN_POINT('',(-6.293593789752,5.102999367,-12.91386271742)
  );
#5324 = ORIENTED_EDGE('',*,*,#5325,.F.);
#5325 = EDGE_CURVE('',#5326,#5319,#5328,.T.);
#5326 = VERTEX_POINT('',#5327);
#5327 = CARTESIAN_POINT('',(-6.293593789752,5.099999367,-12.91386271742)
  );
#5328 = B_SPLINE_CURVE_WITH_KNOTS('',1,(#5329,#5330),.UNSPECIFIED.,.F.,
  .F.,(2,2),(0.E+000,3.E-003),.PIECEWISE_BEZIER_KNOTS.);
#5329 = CARTESIAN_POINT('',(-6.293593789752,5.099999367,-12.91386271742)
  );
#5330 = CARTESIAN_POINT('',(-6.293593789752,5.102999367,-12.91386271742)
  );
#5331 = ORIENTED_EDGE('',*,*,#5332,.F.);
#5332 = EDGE_CURVE('',#5310,#5326,#5333,.T.);
#5333 = B_SPLINE_CURVE_WITH_KNOTS('',1,(#5334,#5335),.UNSPECIFIED.,.F.,
  .F.,(2,2),(0.E+000,27.7),.PIECEWISE_BEZIER_KNOTS.);
#5334 = CARTESIAN_POINT('',(-4.875602002601,5.099999367,-12.91386271742)
  );
#5335 = CARTESIAN_POINT('',(-6.293593789752,5.099999367,-12.91386271742)
  );
#5336 = B_SPLINE_SURFACE_WITH_KNOTS('',1,1,(
    (#5337,#5338)
    ,(#5339,#5340
  )),.UNSPECIFIED.,.F.,.F.,.F.,(2,2),(2,2),(0.E+000,27.7),(-3.E-003,
    0.E+000),.PIECEWISE_BEZIER_KNOTS.);
#5337 = CARTESIAN_POINT('',(-4.875602002601,5.102999367,-12.91386271742)
  );
#5338 = CARTESIAN_POINT('',(-4.875602002601,5.099999367,-12.91386271742)
  );
#5339 = CARTESIAN_POINT('',(-6.293593789752,5.102999367,-12.91386271742)
  );
#5340 = CARTESIAN_POINT('',(-6.293593789752,5.099999367,-12.91386271742)
  );
#5341 = ADVANCED_FACE('',(#5342),#5368,.T.);
#5342 = FACE_BOUND('',#5343,.T.);
#5343 = EDGE_LOOP('',(#5344,#5345,#5354,#5361));
#5344 = ORIENTED_EDGE('',*,*,#5325,.T.);
#5345 = ORIENTED_EDGE('',*,*,#5346,.T.);
#5346 = EDGE_CURVE('',#5319,#5347,#5349,.T.);
#5347 = VERTEX_POINT('',#5348);
#5348 = CARTESIAN_POINT('',(-6.501813341889,5.102999367,-13.12208226955)
  );
#5349 = B_SPLINE_CURVE_WITH_KNOTS('',3,(#5350,#5351,#5352,#5353),
  .UNSPECIFIED.,.F.,.F.,(4,4),(0.E+000,1.),.PIECEWISE_BEZIER_KNOTS.);
#5350 = CARTESIAN_POINT('',(-6.293593789752,5.102999367,-12.91386271742)
  );
#5351 = CARTESIAN_POINT('',(-6.40858166166,5.102999367,-12.91386271742)
  );
#5352 = CARTESIAN_POINT('',(-6.501813341889,5.102999367,-13.00709439764)
  );
#5353 = CARTESIAN_POINT('',(-6.501813341889,5.102999367,-13.12208226955)
  );
#5354 = ORIENTED_EDGE('',*,*,#5355,.F.);
#5355 = EDGE_CURVE('',#5356,#5347,#5358,.T.);
#5356 = VERTEX_POINT('',#5357);
#5357 = CARTESIAN_POINT('',(-6.501813341889,5.099999367,-13.12208226955)
  );
#5358 = B_SPLINE_CURVE_WITH_KNOTS('',1,(#5359,#5360),.UNSPECIFIED.,.F.,
  .F.,(2,2),(0.E+000,3.E-003),.PIECEWISE_BEZIER_KNOTS.);
#5359 = CARTESIAN_POINT('',(-6.501813341889,5.099999367,-13.12208226955)
  );
#5360 = CARTESIAN_POINT('',(-6.501813341889,5.102999367,-13.12208226955)
  );
#5361 = ORIENTED_EDGE('',*,*,#5362,.F.);
#5362 = EDGE_CURVE('',#5326,#5356,#5363,.T.);
#5363 = B_SPLINE_CURVE_WITH_KNOTS('',3,(#5364,#5365,#5366,#5367),
  .UNSPECIFIED.,.F.,.F.,(4,4),(0.E+000,1.),.PIECEWISE_BEZIER_KNOTS.);
#5364 = CARTESIAN_POINT('',(-6.293593789752,5.099999367,-12.91386271742)
  );
#5365 = CARTESIAN_POINT('',(-6.40858166166,5.099999367,-12.91386271742)
  );
#5366 = CARTESIAN_POINT('',(-6.501813341889,5.099999367,-13.00709439764)
  );
#5367 = CARTESIAN_POINT('',(-6.501813341889,5.099999367,-13.12208226955)
  );
#5368 = B_SPLINE_SURFACE_WITH_KNOTS('',3,1,(
    (#5369,#5370)
    ,(#5371,#5372)
    ,(#5373,#5374)
    ,(#5375,#5376
    )),.UNSPECIFIED.,.F.,.F.,.F.,(4,4),(2,2),(0.E+000,1.),(-3.E-003,
    0.E+000),.PIECEWISE_BEZIER_KNOTS.);
#5369 = CARTESIAN_POINT('',(-6.293593789752,5.102999367,-12.91386271742)
  );
#5370 = CARTESIAN_POINT('',(-6.293593789752,5.099999367,-12.91386271742)
  );
#5371 = CARTESIAN_POINT('',(-6.40858166166,5.102999367,-12.91386271742)
  );
#5372 = CARTESIAN_POINT('',(-6.40858166166,5.099999367,-12.91386271742)
  );
#5373 = CARTESIAN_POINT('',(-6.501813341889,5.102999367,-13.00709439764)
  );
#5374 = CARTESIAN_POINT('',(-6.501813341889,5.099999367,-13.00709439764)
  );
#5375 = CARTESIAN_POINT('',(-6.501813341889,5.102999367,-13.12208226955)
  );
#5376 = CARTESIAN_POINT('',(-6.501813341889,5.099999367,-13.12208226955)
  );
#5377 = ADVANCED_FACE('',(#5378),#5404,.T.);
#5378 = FACE_BOUND('',#5379,.T.);
#5379 = EDGE_LOOP('',(#5380,#5381,#5390,#5397));
#5380 = ORIENTED_EDGE('',*,*,#5355,.T.);
#5381 = ORIENTED_EDGE('',*,*,#5382,.T.);
#5382 = EDGE_CURVE('',#5347,#5383,#5385,.T.);
#5383 = VERTEX_POINT('',#5384);
#5384 = CARTESIAN_POINT('',(-6.293593789752,5.102999367,-13.3300458665)
  );
#5385 = B_SPLINE_CURVE_WITH_KNOTS('',3,(#5386,#5387,#5388,#5389),
  .UNSPECIFIED.,.F.,.F.,(4,4),(0.E+000,1.),.PIECEWISE_BEZIER_KNOTS.);
#5386 = CARTESIAN_POINT('',(-6.501813341889,5.102999367,-13.12208226955)
  );
#5387 = CARTESIAN_POINT('',(-6.501813341889,5.102999367,-13.23681418627)
  );
#5388 = CARTESIAN_POINT('',(-6.40858166166,5.102999367,-13.3300458665));
#5389 = CARTESIAN_POINT('',(-6.293593789752,5.102999367,-13.3300458665)
  );
#5390 = ORIENTED_EDGE('',*,*,#5391,.F.);
#5391 = EDGE_CURVE('',#5392,#5383,#5394,.T.);
#5392 = VERTEX_POINT('',#5393);
#5393 = CARTESIAN_POINT('',(-6.293593789752,5.099999367,-13.3300458665)
  );
#5394 = B_SPLINE_CURVE_WITH_KNOTS('',1,(#5395,#5396),.UNSPECIFIED.,.F.,
  .F.,(2,2),(0.E+000,3.E-003),.PIECEWISE_BEZIER_KNOTS.);
#5395 = CARTESIAN_POINT('',(-6.293593789752,5.099999367,-13.3300458665)
  );
#5396 = CARTESIAN_POINT('',(-6.293593789752,5.102999367,-13.3300458665)
  );
#5397 = ORIENTED_EDGE('',*,*,#5398,.F.);
#5398 = EDGE_CURVE('',#5356,#5392,#5399,.T.);
#5399 = B_SPLINE_CURVE_WITH_KNOTS('',3,(#5400,#5401,#5402,#5403),
  .UNSPECIFIED.,.F.,.F.,(4,4),(0.E+000,1.),.PIECEWISE_BEZIER_KNOTS.);
#5400 = CARTESIAN_POINT('',(-6.501813341889,5.099999367,-13.12208226955)
  );
#5401 = CARTESIAN_POINT('',(-6.501813341889,5.099999367,-13.23681418627)
  );
#5402 = CARTESIAN_POINT('',(-6.40858166166,5.099999367,-13.3300458665));
#5403 = CARTESIAN_POINT('',(-6.293593789752,5.099999367,-13.3300458665)
  );
#5404 = B_SPLINE_SURFACE_WITH_KNOTS('',3,1,(
    (#5405,#5406)
    ,(#5407,#5408)
    ,(#5409,#5410)
    ,(#5411,#5412
    )),.UNSPECIFIED.,.F.,.F.,.F.,(4,4),(2,2),(0.E+000,1.),(-3.E-003,
    0.E+000),.PIECEWISE_BEZIER_KNOTS.);
#5405 = CARTESIAN_POINT('',(-6.501813341889,5.102999367,-13.12208226955)
  );
#5406 = CARTESIAN_POINT('',(-6.501813341889,5.099999367,-13.12208226955)
  );
#5407 = CARTESIAN_POINT('',(-6.501813341889,5.102999367,-13.23681418627)
  );
#5408 = CARTESIAN_POINT('',(-6.501813341889,5.099999367,-13.23681418627)
  );
#5409 = CARTESIAN_POINT('',(-6.40858166166,5.102999367,-13.3300458665));
#5410 = CARTESIAN_POINT('',(-6.40858166166,5.099999367,-13.3300458665));
#5411 = CARTESIAN_POINT('',(-6.293593789752,5.102999367,-13.3300458665)
  );
#5412 = CARTESIAN_POINT('',(-6.293593789752,5.099999367,-13.3300458665)
  );
#5413 = ADVANCED_FACE('',(#5414),#5436,.T.);
#5414 = FACE_BOUND('',#5415,.T.);
#5415 = EDGE_LOOP('',(#5416,#5417,#5424,#5431));
#5416 = ORIENTED_EDGE('',*,*,#5391,.T.);
#5417 = ORIENTED_EDGE('',*,*,#5418,.T.);
#5418 = EDGE_CURVE('',#5383,#5419,#5421,.T.);
#5419 = VERTEX_POINT('',#5420);
#5420 = CARTESIAN_POINT('',(-4.875602002601,5.102999367,-13.3300458665)
  );
#5421 = B_SPLINE_CURVE_WITH_KNOTS('',1,(#5422,#5423),.UNSPECIFIED.,.F.,
  .F.,(2,2),(0.E+000,27.7),.PIECEWISE_BEZIER_KNOTS.);
#5422 = CARTESIAN_POINT('',(-6.293593789752,5.102999367,-13.3300458665)
  );
#5423 = CARTESIAN_POINT('',(-4.875602002601,5.102999367,-13.3300458665)
  );
#5424 = ORIENTED_EDGE('',*,*,#5425,.F.);
#5425 = EDGE_CURVE('',#5426,#5419,#5428,.T.);
#5426 = VERTEX_POINT('',#5427);
#5427 = CARTESIAN_POINT('',(-4.875602002601,5.099999367,-13.3300458665)
  );
#5428 = B_SPLINE_CURVE_WITH_KNOTS('',1,(#5429,#5430),.UNSPECIFIED.,.F.,
  .F.,(2,2),(0.E+000,3.E-003),.PIECEWISE_BEZIER_KNOTS.);
#5429 = CARTESIAN_POINT('',(-4.875602002601,5.099999367,-13.3300458665)
  );
#5430 = CARTESIAN_POINT('',(-4.875602002601,5.102999367,-13.3300458665)
  );
#5431 = ORIENTED_EDGE('',*,*,#5432,.F.);
#5432 = EDGE_CURVE('',#5392,#5426,#5433,.T.);
#5433 = B_SPLINE_CURVE_WITH_KNOTS('',1,(#5434,#5435),.UNSPECIFIED.,.F.,
  .F.,(2,2),(0.E+000,27.7),.PIECEWISE_BEZIER_KNOTS.);
#5434 = CARTESIAN_POINT('',(-6.293593789752,5.099999367,-13.3300458665)
  );
#5435 = CARTESIAN_POINT('',(-4.875602002601,5.099999367,-13.3300458665)
  );
#5436 = B_SPLINE_SURFACE_WITH_KNOTS('',1,1,(
    (#5437,#5438)
    ,(#5439,#5440
  )),.UNSPECIFIED.,.F.,.F.,.F.,(2,2),(2,2),(0.E+000,27.7),(-3.E-003,
    0.E+000),.PIECEWISE_BEZIER_KNOTS.);
#5437 = CARTESIAN_POINT('',(-6.293593789752,5.102999367,-13.3300458665)
  );
#5438 = CARTESIAN_POINT('',(-6.293593789752,5.099999367,-13.3300458665)
  );
#5439 = CARTESIAN_POINT('',(-4.875602002601,5.102999367,-13.3300458665)
  );
#5440 = CARTESIAN_POINT('',(-4.875602002601,5.099999367,-13.3300458665)
  );
#5441 = ADVANCED_FACE('',(#5442),#5468,.T.);
#5442 = FACE_BOUND('',#5443,.T.);
#5443 = EDGE_LOOP('',(#5444,#5445,#5454,#5461));
#5444 = ORIENTED_EDGE('',*,*,#5425,.T.);
#5445 = ORIENTED_EDGE('',*,*,#5446,.T.);
#5446 = EDGE_CURVE('',#5419,#5447,#5449,.T.);
#5447 = VERTEX_POINT('',#5448);
#5448 = CARTESIAN_POINT('',(-4.667382450462,5.102999367,-13.12208226955)
  );
#5449 = B_SPLINE_CURVE_WITH_KNOTS('',3,(#5450,#5451,#5452,#5453),
  .UNSPECIFIED.,.F.,.F.,(4,4),(0.E+000,1.),.PIECEWISE_BEZIER_KNOTS.);
#5450 = CARTESIAN_POINT('',(-4.875602002601,5.102999367,-13.3300458665)
  );
#5451 = CARTESIAN_POINT('',(-4.760614130691,5.102999367,-13.3300458665)
  );
#5452 = CARTESIAN_POINT('',(-4.667382450462,5.102999367,-13.23681418627)
  );
#5453 = CARTESIAN_POINT('',(-4.667382450462,5.102999367,-13.12208226955)
  );
#5454 = ORIENTED_EDGE('',*,*,#5455,.F.);
#5455 = EDGE_CURVE('',#5456,#5447,#5458,.T.);
#5456 = VERTEX_POINT('',#5457);
#5457 = CARTESIAN_POINT('',(-4.667382450462,5.099999367,-13.12208226955)
  );
#5458 = B_SPLINE_CURVE_WITH_KNOTS('',1,(#5459,#5460),.UNSPECIFIED.,.F.,
  .F.,(2,2),(0.E+000,3.E-003),.PIECEWISE_BEZIER_KNOTS.);
#5459 = CARTESIAN_POINT('',(-4.667382450462,5.099999367,-13.12208226955)
  );
#5460 = CARTESIAN_POINT('',(-4.667382450462,5.102999367,-13.12208226955)
  );
#5461 = ORIENTED_EDGE('',*,*,#5462,.F.);
#5462 = EDGE_CURVE('',#5426,#5456,#5463,.T.);
#5463 = B_SPLINE_CURVE_WITH_KNOTS('',3,(#5464,#5465,#5466,#5467),
  .UNSPECIFIED.,.F.,.F.,(4,4),(0.E+000,1.),.PIECEWISE_BEZIER_KNOTS.);
#5464 = CARTESIAN_POINT('',(-4.875602002601,5.099999367,-13.3300458665)
  );
#5465 = CARTESIAN_POINT('',(-4.760614130691,5.099999367,-13.3300458665)
  );
#5466 = CARTESIAN_POINT('',(-4.667382450462,5.099999367,-13.23681418627)
  );
#5467 = CARTESIAN_POINT('',(-4.667382450462,5.099999367,-13.12208226955)
  );
#5468 = B_SPLINE_SURFACE_WITH_KNOTS('',3,1,(
    (#5469,#5470)
    ,(#5471,#5472)
    ,(#5473,#5474)
    ,(#5475,#5476
    )),.UNSPECIFIED.,.F.,.F.,.F.,(4,4),(2,2),(0.E+000,1.),(-3.E-003,
    0.E+000),.PIECEWISE_BEZIER_KNOTS.);
#5469 = CARTESIAN_POINT('',(-4.875602002601,5.102999367,-13.3300458665)
  );
#5470 = CARTESIAN_POINT('',(-4.875602002601,5.099999367,-13.3300458665)
  );
#5471 = CARTESIAN_POINT('',(-4.760614130691,5.102999367,-13.3300458665)
  );
#5472 = CARTESIAN_POINT('',(-4.760614130691,5.099999367,-13.3300458665)
  );
#5473 = CARTESIAN_POINT('',(-4.667382450462,5.102999367,-13.23681418627)
  );
#5474 = CARTESIAN_POINT('',(-4.667382450462,5.099999367,-13.23681418627)
  );
#5475 = CARTESIAN_POINT('',(-4.667382450462,5.102999367,-13.12208226955)
  );
#5476 = CARTESIAN_POINT('',(-4.667382450462,5.099999367,-13.12208226955)
  );
#5477 = ADVANCED_FACE('',(#5478),#5496,.T.);
#5478 = FACE_BOUND('',#5479,.T.);
#5479 = EDGE_LOOP('',(#5480,#5481,#5488,#5489));
#5480 = ORIENTED_EDGE('',*,*,#5455,.T.);
#5481 = ORIENTED_EDGE('',*,*,#5482,.T.);
#5482 = EDGE_CURVE('',#5447,#5312,#5483,.T.);
#5483 = B_SPLINE_CURVE_WITH_KNOTS('',3,(#5484,#5485,#5486,#5487),
  .UNSPECIFIED.,.F.,.F.,(4,4),(0.E+000,1.),.PIECEWISE_BEZIER_KNOTS.);
#5484 = CARTESIAN_POINT('',(-4.667382450462,5.102999367,-13.12208226955)
  );
#5485 = CARTESIAN_POINT('',(-4.667382450462,5.102999367,-13.00709439764)
  );
#5486 = CARTESIAN_POINT('',(-4.760614130691,5.102999367,-12.91386271742)
  );
#5487 = CARTESIAN_POINT('',(-4.875602002601,5.102999367,-12.91386271742)
  );
#5488 = ORIENTED_EDGE('',*,*,#5309,.F.);
#5489 = ORIENTED_EDGE('',*,*,#5490,.F.);
#5490 = EDGE_CURVE('',#5456,#5310,#5491,.T.);
#5491 = B_SPLINE_CURVE_WITH_KNOTS('',3,(#5492,#5493,#5494,#5495),
  .UNSPECIFIED.,.F.,.F.,(4,4),(0.E+000,1.),.PIECEWISE_BEZIER_KNOTS.);
#5492 = CARTESIAN_POINT('',(-4.667382450462,5.099999367,-13.12208226955)
  );
#5493 = CARTESIAN_POINT('',(-4.667382450462,5.099999367,-13.00709439764)
  );
#5494 = CARTESIAN_POINT('',(-4.760614130691,5.099999367,-12.91386271742)
  );
#5495 = CARTESIAN_POINT('',(-4.875602002601,5.099999367,-12.91386271742)
  );
#5496 = B_SPLINE_SURFACE_WITH_KNOTS('',3,1,(
    (#5497,#5498)
    ,(#5499,#5500)
    ,(#5501,#5502)
    ,(#5503,#5504
    )),.UNSPECIFIED.,.F.,.F.,.F.,(4,4),(2,2),(0.E+000,1.),(-3.E-003,
    0.E+000),.PIECEWISE_BEZIER_KNOTS.);
#5497 = CARTESIAN_POINT('',(-4.667382450462,5.102999367,-13.12208226955)
  );
#5498 = CARTESIAN_POINT('',(-4.667382450462,5.099999367,-13.12208226955)
  );
#5499 = CARTESIAN_POINT('',(-4.667382450462,5.102999367,-13.00709439764)
  );
#5500 = CARTESIAN_POINT('',(-4.667382450462,5.099999367,-13.00709439764)
  );
#5501 = CARTESIAN_POINT('',(-4.760614130691,5.102999367,-12.91386271742)
  );
#5502 = CARTESIAN_POINT('',(-4.760614130691,5.099999367,-12.91386271742)
  );
#5503 = CARTESIAN_POINT('',(-4.875602002601,5.102999367,-12.91386271742)
  );
#5504 = CARTESIAN_POINT('',(-4.875602002601,5.099999367,-12.91386271742)
  );
#5505 = ADVANCED_FACE('',(#5506),#5514,.F.);
#5506 = FACE_BOUND('',#5507,.F.);
#5507 = EDGE_LOOP('',(#5508,#5509,#5510,#5511,#5512,#5513));
#5508 = ORIENTED_EDGE('',*,*,#5490,.F.);
#5509 = ORIENTED_EDGE('',*,*,#5462,.F.);
#5510 = ORIENTED_EDGE('',*,*,#5432,.F.);
#5511 = ORIENTED_EDGE('',*,*,#5398,.F.);
#5512 = ORIENTED_EDGE('',*,*,#5362,.F.);
#5513 = ORIENTED_EDGE('',*,*,#5332,.F.);
#5514 = B_SPLINE_SURFACE_WITH_KNOTS('',1,1,(
    (#5515,#5516)
    ,(#5517,#5518
    )),.UNSPECIFIED.,.F.,.F.,.F.,(2,2),(2,2),(-95.8149762323,
    -23.02009958837),(25.54707112814,42.062275456732),
  .PIECEWISE_BEZIER_KNOTS.);
#5515 = CARTESIAN_POINT('',(-6.501813341889,5.099999367,-12.91386271742)
  );
#5516 = CARTESIAN_POINT('',(-6.501813341889,5.099999367,-13.3300458665)
  );
#5517 = CARTESIAN_POINT('',(-4.667382450462,5.099999367,-12.91386271742)
  );
#5518 = CARTESIAN_POINT('',(-4.667382450462,5.099999367,-13.3300458665)
  );
#5519 = ADVANCED_FACE('',(#5520),#5528,.T.);
#5520 = FACE_BOUND('',#5521,.T.);
#5521 = EDGE_LOOP('',(#5522,#5523,#5524,#5525,#5526,#5527));
#5522 = ORIENTED_EDGE('',*,*,#5482,.F.);
#5523 = ORIENTED_EDGE('',*,*,#5446,.F.);
#5524 = ORIENTED_EDGE('',*,*,#5418,.F.);
#5525 = ORIENTED_EDGE('',*,*,#5382,.F.);
#5526 = ORIENTED_EDGE('',*,*,#5346,.F.);
#5527 = ORIENTED_EDGE('',*,*,#5318,.F.);
#5528 = B_SPLINE_SURFACE_WITH_KNOTS('',1,1,(
    (#5529,#5530)
    ,(#5531,#5532
    )),.UNSPECIFIED.,.F.,.F.,.F.,(2,2),(2,2),(-95.8149762323,
    -23.02009958837),(25.54707112814,42.062275456732),
  .PIECEWISE_BEZIER_KNOTS.);
#5529 = CARTESIAN_POINT('',(-6.501813341889,5.102999367,-12.91386271742)
  );
#5530 = CARTESIAN_POINT('',(-6.501813341889,5.102999367,-13.3300458665)
  );
#5531 = CARTESIAN_POINT('',(-4.667382450462,5.102999367,-12.91386271742)
  );
#5532 = CARTESIAN_POINT('',(-4.667382450462,5.102999367,-13.3300458665)
  );
#5533 = MANIFOLD_SOLID_BREP('',#5534);
#5534 = CLOSED_SHELL('',(#5535,#5579,#5607,#5635,#5663,#5691,#5719,#5747
    ,#5783,#5819,#5847,#5875,#5894));
#5535 = ADVANCED_FACE('',(#5536),#5570,.F.);
#5536 = FACE_BOUND('',#5537,.F.);
#5537 = EDGE_LOOP('',(#5538,#5547,#5556,#5563));
#5538 = ORIENTED_EDGE('',*,*,#5539,.T.);
#5539 = EDGE_CURVE('',#5540,#5542,#5544,.T.);
#5540 = VERTEX_POINT('',#5541);
#5541 = CARTESIAN_POINT('',(-2.35981581924,5.099999367,-11.29040545604)
  );
#5542 = VERTEX_POINT('',#5543);
#5543 = CARTESIAN_POINT('',(-2.35981581924,5.102999367,-11.29040545604)
  );
#5544 = B_SPLINE_CURVE_WITH_KNOTS('',1,(#5545,#5546),.UNSPECIFIED.,.F.,
  .F.,(2,2),(0.E+000,3.E-003),.PIECEWISE_BEZIER_KNOTS.);
#5545 = CARTESIAN_POINT('',(-2.35981581924,5.099999367,-11.29040545604)
  );
#5546 = CARTESIAN_POINT('',(-2.35981581924,5.102999367,-11.29040545604)
  );
#5547 = ORIENTED_EDGE('',*,*,#5548,.T.);
#5548 = EDGE_CURVE('',#5542,#5549,#5551,.T.);
#5549 = VERTEX_POINT('',#5550);
#5550 = CARTESIAN_POINT('',(-2.270039534161,5.102999367,-11.35189869193)
  );
#5551 = B_SPLINE_CURVE_WITH_KNOTS('',3,(#5552,#5553,#5554,#5555),
  .UNSPECIFIED.,.F.,.F.,(4,4),(0.E+000,1.),.PIECEWISE_BEZIER_KNOTS.);
#5552 = CARTESIAN_POINT('',(-2.35981581924,5.102999367,-11.29040545604)
  );
#5553 = CARTESIAN_POINT('',(-2.320526696619,5.102999367,-11.29187975797)
  );
#5554 = CARTESIAN_POINT('',(-2.285524823533,5.102999367,-11.31568103167)
  );
#5555 = CARTESIAN_POINT('',(-2.270039534161,5.102999367,-11.35189869193)
  );
#5556 = ORIENTED_EDGE('',*,*,#5557,.F.);
#5557 = EDGE_CURVE('',#5558,#5549,#5560,.T.);
#5558 = VERTEX_POINT('',#5559);
#5559 = CARTESIAN_POINT('',(-2.270039534161,5.099999367,-11.35189869193)
  );
#5560 = B_SPLINE_CURVE_WITH_KNOTS('',1,(#5561,#5562),.UNSPECIFIED.,.F.,
  .F.,(2,2),(0.E+000,3.E-003),.PIECEWISE_BEZIER_KNOTS.);
#5561 = CARTESIAN_POINT('',(-2.270039534161,5.099999367,-11.35189869193)
  );
#5562 = CARTESIAN_POINT('',(-2.270039534161,5.102999367,-11.35189869193)
  );
#5563 = ORIENTED_EDGE('',*,*,#5564,.F.);
#5564 = EDGE_CURVE('',#5540,#5558,#5565,.T.);
#5565 = B_SPLINE_CURVE_WITH_KNOTS('',3,(#5566,#5567,#5568,#5569),
  .UNSPECIFIED.,.F.,.F.,(4,4),(0.E+000,1.),.PIECEWISE_BEZIER_KNOTS.);
#5566 = CARTESIAN_POINT('',(-2.35981581924,5.099999367,-11.29040545604)
  );
#5567 = CARTESIAN_POINT('',(-2.320526696619,5.099999367,-11.29187975797)
  );
#5568 = CARTESIAN_POINT('',(-2.285524823533,5.099999367,-11.31568103167)
  );
#5569 = CARTESIAN_POINT('',(-2.270039534161,5.099999367,-11.35189869193)
  );
#5570 = B_SPLINE_SURFACE_WITH_KNOTS('',3,1,(
    (#5571,#5572)
    ,(#5573,#5574)
    ,(#5575,#5576)
    ,(#5577,#5578
    )),.UNSPECIFIED.,.F.,.F.,.F.,(4,4),(2,2),(0.E+000,1.),(-3.E-003,
    0.E+000),.PIECEWISE_BEZIER_KNOTS.);
#5571 = CARTESIAN_POINT('',(-2.35981581924,5.102999367,-11.29040545604)
  );
#5572 = CARTESIAN_POINT('',(-2.35981581924,5.099999367,-11.29040545604)
  );
#5573 = CARTESIAN_POINT('',(-2.320526696619,5.102999367,-11.29187975797)
  );
#5574 = CARTESIAN_POINT('',(-2.320526696619,5.099999367,-11.29187975797)
  );
#5575 = CARTESIAN_POINT('',(-2.285524823533,5.102999367,-11.31568103167)
  );
#5576 = CARTESIAN_POINT('',(-2.285524823533,5.099999367,-11.31568103167)
  );
#5577 = CARTESIAN_POINT('',(-2.270039534161,5.102999367,-11.35189869193)
  );
#5578 = CARTESIAN_POINT('',(-2.270039534161,5.099999367,-11.35189869193)
  );
#5579 = ADVANCED_FACE('',(#5580),#5602,.F.);
#5580 = FACE_BOUND('',#5581,.F.);
#5581 = EDGE_LOOP('',(#5582,#5583,#5590,#5597));
#5582 = ORIENTED_EDGE('',*,*,#5557,.T.);
#5583 = ORIENTED_EDGE('',*,*,#5584,.T.);
#5584 = EDGE_CURVE('',#5549,#5585,#5587,.T.);
#5585 = VERTEX_POINT('',#5586);
#5586 = CARTESIAN_POINT('',(-2.133807380964,5.102999367,-11.5783550518)
  );
#5587 = B_SPLINE_CURVE_WITH_KNOTS('',1,(#5588,#5589),.UNSPECIFIED.,.F.,
  .F.,(2,2),(0.E+000,5.162539648758),.PIECEWISE_BEZIER_KNOTS.);
#5588 = CARTESIAN_POINT('',(-2.270039534161,5.102999367,-11.35189869193)
  );
#5589 = CARTESIAN_POINT('',(-2.133807380964,5.102999367,-11.5783550518)
  );
#5590 = ORIENTED_EDGE('',*,*,#5591,.F.);
#5591 = EDGE_CURVE('',#5592,#5585,#5594,.T.);
#5592 = VERTEX_POINT('',#5593);
#5593 = CARTESIAN_POINT('',(-2.133807380964,5.099999367,-11.5783550518)
  );
#5594 = B_SPLINE_CURVE_WITH_KNOTS('',1,(#5595,#5596),.UNSPECIFIED.,.F.,
  .F.,(2,2),(0.E+000,3.E-003),.PIECEWISE_BEZIER_KNOTS.);
#5595 = CARTESIAN_POINT('',(-2.133807380964,5.099999367,-11.5783550518)
  );
#5596 = CARTESIAN_POINT('',(-2.133807380964,5.102999367,-11.5783550518)
  );
#5597 = ORIENTED_EDGE('',*,*,#5598,.F.);
#5598 = EDGE_CURVE('',#5558,#5592,#5599,.T.);
#5599 = B_SPLINE_CURVE_WITH_KNOTS('',1,(#5600,#5601),.UNSPECIFIED.,.F.,
  .F.,(2,2),(0.E+000,5.162539648758),.PIECEWISE_BEZIER_KNOTS.);
#5600 = CARTESIAN_POINT('',(-2.270039534161,5.099999367,-11.35189869193)
  );
#5601 = CARTESIAN_POINT('',(-2.133807380964,5.099999367,-11.5783550518)
  );
#5602 = B_SPLINE_SURFACE_WITH_KNOTS('',1,1,(
    (#5603,#5604)
    ,(#5605,#5606
    )),.UNSPECIFIED.,.F.,.F.,.F.,(2,2),(2,2),(0.E+000,5.162539648758),(
    -3.E-003,0.E+000),.PIECEWISE_BEZIER_KNOTS.);
#5603 = CARTESIAN_POINT('',(-2.270039534161,5.102999367,-11.35189869193)
  );
#5604 = CARTESIAN_POINT('',(-2.270039534161,5.099999367,-11.35189869193)
  );
#5605 = CARTESIAN_POINT('',(-2.133807380964,5.102999367,-11.5783550518)
  );
#5606 = CARTESIAN_POINT('',(-2.133807380964,5.099999367,-11.5783550518)
  );
#5607 = ADVANCED_FACE('',(#5608),#5630,.F.);
#5608 = FACE_BOUND('',#5609,.F.);
#5609 = EDGE_LOOP('',(#5610,#5611,#5618,#5625));
#5610 = ORIENTED_EDGE('',*,*,#5591,.T.);
#5611 = ORIENTED_EDGE('',*,*,#5612,.T.);
#5612 = EDGE_CURVE('',#5585,#5613,#5615,.T.);
#5613 = VERTEX_POINT('',#5614);
#5614 = CARTESIAN_POINT('',(-2.201059608775,5.102999367,-11.5783550518)
  );
#5615 = B_SPLINE_CURVE_WITH_KNOTS('',1,(#5616,#5617),.UNSPECIFIED.,.F.,
  .F.,(2,2),(0.E+000,1.31375),.PIECEWISE_BEZIER_KNOTS.);
#5616 = CARTESIAN_POINT('',(-2.133807380964,5.102999367,-11.5783550518)
  );
#5617 = CARTESIAN_POINT('',(-2.201059608775,5.102999367,-11.5783550518)
  );
#5618 = ORIENTED_EDGE('',*,*,#5619,.F.);
#5619 = EDGE_CURVE('',#5620,#5613,#5622,.T.);
#5620 = VERTEX_POINT('',#5621);
#5621 = CARTESIAN_POINT('',(-2.201059608775,5.099999367,-11.5783550518)
  );
#5622 = B_SPLINE_CURVE_WITH_KNOTS('',1,(#5623,#5624),.UNSPECIFIED.,.F.,
  .F.,(2,2),(0.E+000,3.E-003),.PIECEWISE_BEZIER_KNOTS.);
#5623 = CARTESIAN_POINT('',(-2.201059608775,5.099999367,-11.5783550518)
  );
#5624 = CARTESIAN_POINT('',(-2.201059608775,5.102999367,-11.5783550518)
  );
#5625 = ORIENTED_EDGE('',*,*,#5626,.F.);
#5626 = EDGE_CURVE('',#5592,#5620,#5627,.T.);
#5627 = B_SPLINE_CURVE_WITH_KNOTS('',1,(#5628,#5629),.UNSPECIFIED.,.F.,
  .F.,(2,2),(0.E+000,1.31375),.PIECEWISE_BEZIER_KNOTS.);
#5628 = CARTESIAN_POINT('',(-2.133807380964,5.099999367,-11.5783550518)
  );
#5629 = CARTESIAN_POINT('',(-2.201059608775,5.099999367,-11.5783550518)
  );
#5630 = B_SPLINE_SURFACE_WITH_KNOTS('',1,1,(
    (#5631,#5632)
    ,(#5633,#5634
    )),.UNSPECIFIED.,.F.,.F.,.F.,(2,2),(2,2),(0.E+000,1.31375),(-3.E-003
    ,0.E+000),.PIECEWISE_BEZIER_KNOTS.);
#5631 = CARTESIAN_POINT('',(-2.133807380964,5.102999367,-11.5783550518)
  );
#5632 = CARTESIAN_POINT('',(-2.133807380964,5.099999367,-11.5783550518)
  );
#5633 = CARTESIAN_POINT('',(-2.201059608775,5.102999367,-11.5783550518)
  );
#5634 = CARTESIAN_POINT('',(-2.201059608775,5.099999367,-11.5783550518)
  );
#5635 = ADVANCED_FACE('',(#5636),#5658,.F.);
#5636 = FACE_BOUND('',#5637,.F.);
#5637 = EDGE_LOOP('',(#5638,#5639,#5646,#5653));
#5638 = ORIENTED_EDGE('',*,*,#5619,.T.);
#5639 = ORIENTED_EDGE('',*,*,#5640,.T.);
#5640 = EDGE_CURVE('',#5613,#5641,#5643,.T.);
#5641 = VERTEX_POINT('',#5642);
#5642 = CARTESIAN_POINT('',(-2.283029260371,5.102999367,-11.42964508279)
  );
#5643 = B_SPLINE_CURVE_WITH_KNOTS('',1,(#5644,#5645),.UNSPECIFIED.,.F.,
  .F.,(2,2),(0.E+000,3.317081030439),.PIECEWISE_BEZIER_KNOTS.);
#5644 = CARTESIAN_POINT('',(-2.201059608775,5.102999367,-11.5783550518)
  );
#5645 = CARTESIAN_POINT('',(-2.283029260371,5.102999367,-11.42964508279)
  );
#5646 = ORIENTED_EDGE('',*,*,#5647,.F.);
#5647 = EDGE_CURVE('',#5648,#5641,#5650,.T.);
#5648 = VERTEX_POINT('',#5649);
#5649 = CARTESIAN_POINT('',(-2.283029260371,5.099999367,-11.42964508279)
  );
#5650 = B_SPLINE_CURVE_WITH_KNOTS('',1,(#5651,#5652),.UNSPECIFIED.,.F.,
  .F.,(2,2),(0.E+000,3.E-003),.PIECEWISE_BEZIER_KNOTS.);
#5651 = CARTESIAN_POINT('',(-2.283029260371,5.099999367,-11.42964508279)
  );
#5652 = CARTESIAN_POINT('',(-2.283029260371,5.102999367,-11.42964508279)
  );
#5653 = ORIENTED_EDGE('',*,*,#5654,.F.);
#5654 = EDGE_CURVE('',#5620,#5648,#5655,.T.);
#5655 = B_SPLINE_CURVE_WITH_KNOTS('',1,(#5656,#5657),.UNSPECIFIED.,.F.,
  .F.,(2,2),(0.E+000,3.317081030439),.PIECEWISE_BEZIER_KNOTS.);
#5656 = CARTESIAN_POINT('',(-2.201059608775,5.099999367,-11.5783550518)
  );
#5657 = CARTESIAN_POINT('',(-2.283029260371,5.099999367,-11.42964508279)
  );
#5658 = B_SPLINE_SURFACE_WITH_KNOTS('',1,1,(
    (#5659,#5660)
    ,(#5661,#5662
    )),.UNSPECIFIED.,.F.,.F.,.F.,(2,2),(2,2),(0.E+000,3.317081030439),(
    -3.E-003,0.E+000),.PIECEWISE_BEZIER_KNOTS.);
#5659 = CARTESIAN_POINT('',(-2.201059608775,5.102999367,-11.5783550518)
  );
#5660 = CARTESIAN_POINT('',(-2.201059608775,5.099999367,-11.5783550518)
  );
#5661 = CARTESIAN_POINT('',(-2.283029260371,5.102999367,-11.42964508279)
  );
#5662 = CARTESIAN_POINT('',(-2.283029260371,5.099999367,-11.42964508279)
  );
#5663 = ADVANCED_FACE('',(#5664),#5686,.F.);
#5664 = FACE_BOUND('',#5665,.F.);
#5665 = EDGE_LOOP('',(#5666,#5667,#5674,#5681));
#5666 = ORIENTED_EDGE('',*,*,#5647,.T.);
#5667 = ORIENTED_EDGE('',*,*,#5668,.T.);
#5668 = EDGE_CURVE('',#5641,#5669,#5671,.T.);
#5669 = VERTEX_POINT('',#5670);
#5670 = CARTESIAN_POINT('',(-2.293075501823,5.102999367,-11.5783550518)
  );
#5671 = B_SPLINE_CURVE_WITH_KNOTS('',1,(#5672,#5673),.UNSPECIFIED.,.F.,
  .F.,(2,2),(0.E+000,2.911621380348),.PIECEWISE_BEZIER_KNOTS.);
#5672 = CARTESIAN_POINT('',(-2.283029260371,5.102999367,-11.42964508279)
  );
#5673 = CARTESIAN_POINT('',(-2.293075501823,5.102999367,-11.5783550518)
  );
#5674 = ORIENTED_EDGE('',*,*,#5675,.F.);
#5675 = EDGE_CURVE('',#5676,#5669,#5678,.T.);
#5676 = VERTEX_POINT('',#5677);
#5677 = CARTESIAN_POINT('',(-2.293075501823,5.099999367,-11.5783550518)
  );
#5678 = B_SPLINE_CURVE_WITH_KNOTS('',1,(#5679,#5680),.UNSPECIFIED.,.F.,
  .F.,(2,2),(0.E+000,3.E-003),.PIECEWISE_BEZIER_KNOTS.);
#5679 = CARTESIAN_POINT('',(-2.293075501823,5.099999367,-11.5783550518)
  );
#5680 = CARTESIAN_POINT('',(-2.293075501823,5.102999367,-11.5783550518)
  );
#5681 = ORIENTED_EDGE('',*,*,#5682,.F.);
#5682 = EDGE_CURVE('',#5648,#5676,#5683,.T.);
#5683 = B_SPLINE_CURVE_WITH_KNOTS('',1,(#5684,#5685),.UNSPECIFIED.,.F.,
  .F.,(2,2),(0.E+000,2.911621380348),.PIECEWISE_BEZIER_KNOTS.);
#5684 = CARTESIAN_POINT('',(-2.283029260371,5.099999367,-11.42964508279)
  );
#5685 = CARTESIAN_POINT('',(-2.293075501823,5.099999367,-11.5783550518)
  );
#5686 = B_SPLINE_SURFACE_WITH_KNOTS('',1,1,(
    (#5687,#5688)
    ,(#5689,#5690
    )),.UNSPECIFIED.,.F.,.F.,.F.,(2,2),(2,2),(0.E+000,2.911621380348),(
    -3.E-003,0.E+000),.PIECEWISE_BEZIER_KNOTS.);
#5687 = CARTESIAN_POINT('',(-2.283029260371,5.102999367,-11.42964508279)
  );
#5688 = CARTESIAN_POINT('',(-2.283029260371,5.099999367,-11.42964508279)
  );
#5689 = CARTESIAN_POINT('',(-2.293075501823,5.102999367,-11.5783550518)
  );
#5690 = CARTESIAN_POINT('',(-2.293075501823,5.099999367,-11.5783550518)
  );
#5691 = ADVANCED_FACE('',(#5692),#5714,.F.);
#5692 = FACE_BOUND('',#5693,.F.);
#5693 = EDGE_LOOP('',(#5694,#5695,#5702,#5709));
#5694 = ORIENTED_EDGE('',*,*,#5675,.T.);
#5695 = ORIENTED_EDGE('',*,*,#5696,.T.);
#5696 = EDGE_CURVE('',#5669,#5697,#5699,.T.);
#5697 = VERTEX_POINT('',#5698);
#5698 = CARTESIAN_POINT('',(-2.356552390489,5.102999367,-11.5783550518)
  );
#5699 = B_SPLINE_CURVE_WITH_KNOTS('',1,(#5700,#5701),.UNSPECIFIED.,.F.,
  .F.,(2,2),(0.E+000,1.24),.PIECEWISE_BEZIER_KNOTS.);
#5700 = CARTESIAN_POINT('',(-2.293075501823,5.102999367,-11.5783550518)
  );
#5701 = CARTESIAN_POINT('',(-2.356552390489,5.102999367,-11.5783550518)
  );
#5702 = ORIENTED_EDGE('',*,*,#5703,.F.);
#5703 = EDGE_CURVE('',#5704,#5697,#5706,.T.);
#5704 = VERTEX_POINT('',#5705);
#5705 = CARTESIAN_POINT('',(-2.356552390489,5.099999367,-11.5783550518)
  );
#5706 = B_SPLINE_CURVE_WITH_KNOTS('',1,(#5707,#5708),.UNSPECIFIED.,.F.,
  .F.,(2,2),(0.E+000,3.E-003),.PIECEWISE_BEZIER_KNOTS.);
#5707 = CARTESIAN_POINT('',(-2.356552390489,5.099999367,-11.5783550518)
  );
#5708 = CARTESIAN_POINT('',(-2.356552390489,5.102999367,-11.5783550518)
  );
#5709 = ORIENTED_EDGE('',*,*,#5710,.F.);
#5710 = EDGE_CURVE('',#5676,#5704,#5711,.T.);
#5711 = B_SPLINE_CURVE_WITH_KNOTS('',1,(#5712,#5713),.UNSPECIFIED.,.F.,
  .F.,(2,2),(0.E+000,1.24),.PIECEWISE_BEZIER_KNOTS.);
#5712 = CARTESIAN_POINT('',(-2.293075501823,5.099999367,-11.5783550518)
  );
#5713 = CARTESIAN_POINT('',(-2.356552390489,5.099999367,-11.5783550518)
  );
#5714 = B_SPLINE_SURFACE_WITH_KNOTS('',1,1,(
    (#5715,#5716)
    ,(#5717,#5718
  )),.UNSPECIFIED.,.F.,.F.,.F.,(2,2),(2,2),(0.E+000,1.24),(-3.E-003,
    0.E+000),.PIECEWISE_BEZIER_KNOTS.);
#5715 = CARTESIAN_POINT('',(-2.293075501823,5.102999367,-11.5783550518)
  );
#5716 = CARTESIAN_POINT('',(-2.293075501823,5.099999367,-11.5783550518)
  );
#5717 = CARTESIAN_POINT('',(-2.356552390489,5.102999367,-11.5783550518)
  );
#5718 = CARTESIAN_POINT('',(-2.356552390489,5.099999367,-11.5783550518)
  );
#5719 = ADVANCED_FACE('',(#5720),#5742,.F.);
#5720 = FACE_BOUND('',#5721,.F.);
#5721 = EDGE_LOOP('',(#5722,#5723,#5730,#5737));
#5722 = ORIENTED_EDGE('',*,*,#5703,.T.);
#5723 = ORIENTED_EDGE('',*,*,#5724,.T.);
#5724 = EDGE_CURVE('',#5697,#5725,#5727,.T.);
#5725 = VERTEX_POINT('',#5726);
#5726 = CARTESIAN_POINT('',(-2.329549117286,5.102999367,-11.35765768385)
  );
#5727 = B_SPLINE_CURVE_WITH_KNOTS('',1,(#5728,#5729),.UNSPECIFIED.,.F.,
  .F.,(2,2),(0.E+000,4.343401065122),.PIECEWISE_BEZIER_KNOTS.);
#5728 = CARTESIAN_POINT('',(-2.356552390489,5.102999367,-11.5783550518)
  );
#5729 = CARTESIAN_POINT('',(-2.329549117286,5.102999367,-11.35765768385)
  );
#5730 = ORIENTED_EDGE('',*,*,#5731,.F.);
#5731 = EDGE_CURVE('',#5732,#5725,#5734,.T.);
#5732 = VERTEX_POINT('',#5733);
#5733 = CARTESIAN_POINT('',(-2.329549117286,5.099999367,-11.35765768385)
  );
#5734 = B_SPLINE_CURVE_WITH_KNOTS('',1,(#5735,#5736),.UNSPECIFIED.,.F.,
  .F.,(2,2),(0.E+000,3.E-003),.PIECEWISE_BEZIER_KNOTS.);
#5735 = CARTESIAN_POINT('',(-2.329549117286,5.099999367,-11.35765768385)
  );
#5736 = CARTESIAN_POINT('',(-2.329549117286,5.102999367,-11.35765768385)
  );
#5737 = ORIENTED_EDGE('',*,*,#5738,.F.);
#5738 = EDGE_CURVE('',#5704,#5732,#5739,.T.);
#5739 = B_SPLINE_CURVE_WITH_KNOTS('',1,(#5740,#5741),.UNSPECIFIED.,.F.,
  .F.,(2,2),(0.E+000,4.343401065122),.PIECEWISE_BEZIER_KNOTS.);
#5740 = CARTESIAN_POINT('',(-2.356552390489,5.099999367,-11.5783550518)
  );
#5741 = CARTESIAN_POINT('',(-2.329549117286,5.099999367,-11.35765768385)
  );
#5742 = B_SPLINE_SURFACE_WITH_KNOTS('',1,1,(
    (#5743,#5744)
    ,(#5745,#5746
    )),.UNSPECIFIED.,.F.,.F.,.F.,(2,2),(2,2),(0.E+000,4.343401065122),(
    -3.E-003,0.E+000),.PIECEWISE_BEZIER_KNOTS.);
#5743 = CARTESIAN_POINT('',(-2.356552390489,5.102999367,-11.5783550518)
  );
#5744 = CARTESIAN_POINT('',(-2.356552390489,5.099999367,-11.5783550518)
  );
#5745 = CARTESIAN_POINT('',(-2.329549117286,5.102999367,-11.35765768385)
  );
#5746 = CARTESIAN_POINT('',(-2.329549117286,5.099999367,-11.35765768385)
  );
#5747 = ADVANCED_FACE('',(#5748),#5774,.F.);
#5748 = FACE_BOUND('',#5749,.F.);
#5749 = EDGE_LOOP('',(#5750,#5751,#5760,#5767));
#5750 = ORIENTED_EDGE('',*,*,#5731,.T.);
#5751 = ORIENTED_EDGE('',*,*,#5752,.T.);
#5752 = EDGE_CURVE('',#5725,#5753,#5755,.T.);
#5753 = VERTEX_POINT('',#5754);
#5754 = CARTESIAN_POINT('',(-2.353544916933,5.102999367,-11.34415604725)
  );
#5755 = B_SPLINE_CURVE_WITH_KNOTS('',3,(#5756,#5757,#5758,#5759),
  .UNSPECIFIED.,.F.,.F.,(4,4),(0.E+000,1.),.PIECEWISE_BEZIER_KNOTS.);
#5756 = CARTESIAN_POINT('',(-2.329549117286,5.102999367,-11.35765768385)
  );
#5757 = CARTESIAN_POINT('',(-2.334540243612,5.102999367,-11.34889121838)
  );
#5758 = CARTESIAN_POINT('',(-2.343818619477,5.102999367,-11.34390009205)
  );
#5759 = CARTESIAN_POINT('',(-2.353544916933,5.102999367,-11.34415604725)
  );
#5760 = ORIENTED_EDGE('',*,*,#5761,.F.);
#5761 = EDGE_CURVE('',#5762,#5753,#5764,.T.);
#5762 = VERTEX_POINT('',#5763);
#5763 = CARTESIAN_POINT('',(-2.353544916933,5.099999367,-11.34415604725)
  );
#5764 = B_SPLINE_CURVE_WITH_KNOTS('',1,(#5765,#5766),.UNSPECIFIED.,.F.,
  .F.,(2,2),(0.E+000,3.E-003),.PIECEWISE_BEZIER_KNOTS.);
#5765 = CARTESIAN_POINT('',(-2.353544916933,5.099999367,-11.34415604725)
  );
#5766 = CARTESIAN_POINT('',(-2.353544916933,5.102999367,-11.34415604725)
  );
#5767 = ORIENTED_EDGE('',*,*,#5768,.F.);
#5768 = EDGE_CURVE('',#5732,#5762,#5769,.T.);
#5769 = B_SPLINE_CURVE_WITH_KNOTS('',3,(#5770,#5771,#5772,#5773),
  .UNSPECIFIED.,.F.,.F.,(4,4),(0.E+000,1.),.PIECEWISE_BEZIER_KNOTS.);
#5770 = CARTESIAN_POINT('',(-2.329549117286,5.099999367,-11.35765768385)
  );
#5771 = CARTESIAN_POINT('',(-2.334540243612,5.099999367,-11.34889121838)
  );
#5772 = CARTESIAN_POINT('',(-2.343818619477,5.099999367,-11.34390009205)
  );
#5773 = CARTESIAN_POINT('',(-2.353544916933,5.099999367,-11.34415604725)
  );
#5774 = B_SPLINE_SURFACE_WITH_KNOTS('',3,1,(
    (#5775,#5776)
    ,(#5777,#5778)
    ,(#5779,#5780)
    ,(#5781,#5782
    )),.UNSPECIFIED.,.F.,.F.,.F.,(4,4),(2,2),(0.E+000,1.),(-3.E-003,
    0.E+000),.PIECEWISE_BEZIER_KNOTS.);
#5775 = CARTESIAN_POINT('',(-2.329549117286,5.102999367,-11.35765768385)
  );
#5776 = CARTESIAN_POINT('',(-2.329549117286,5.099999367,-11.35765768385)
  );
#5777 = CARTESIAN_POINT('',(-2.334540243612,5.102999367,-11.34889121838)
  );
#5778 = CARTESIAN_POINT('',(-2.334540243612,5.099999367,-11.34889121838)
  );
#5779 = CARTESIAN_POINT('',(-2.343818619477,5.102999367,-11.34390009205)
  );
#5780 = CARTESIAN_POINT('',(-2.343818619477,5.099999367,-11.34390009205)
  );
#5781 = CARTESIAN_POINT('',(-2.353544916933,5.102999367,-11.34415604725)
  );
#5782 = CARTESIAN_POINT('',(-2.353544916933,5.099999367,-11.34415604725)
  );
#5783 = ADVANCED_FACE('',(#5784),#5810,.F.);
#5784 = FACE_BOUND('',#5785,.F.);
#5785 = EDGE_LOOP('',(#5786,#5787,#5796,#5803));
#5786 = ORIENTED_EDGE('',*,*,#5761,.T.);
#5787 = ORIENTED_EDGE('',*,*,#5788,.T.);
#5788 = EDGE_CURVE('',#5753,#5789,#5791,.T.);
#5789 = VERTEX_POINT('',#5790);
#5790 = CARTESIAN_POINT('',(-2.377540716581,5.102999367,-11.35292251272)
  );
#5791 = B_SPLINE_CURVE_WITH_KNOTS('',3,(#5792,#5793,#5794,#5795),
  .UNSPECIFIED.,.F.,.F.,(4,4),(0.E+000,1.),.PIECEWISE_BEZIER_KNOTS.);
#5792 = CARTESIAN_POINT('',(-2.353544916933,5.102999367,-11.34415604725)
  );
#5793 = CARTESIAN_POINT('',(-2.362311382404,5.102999367,-11.34466795764)
  );
#5794 = CARTESIAN_POINT('',(-2.370501948684,5.102999367,-11.34767287165)
  );
#5795 = CARTESIAN_POINT('',(-2.377540716581,5.102999367,-11.35292251272)
  );
#5796 = ORIENTED_EDGE('',*,*,#5797,.F.);
#5797 = EDGE_CURVE('',#5798,#5789,#5800,.T.);
#5798 = VERTEX_POINT('',#5799);
#5799 = CARTESIAN_POINT('',(-2.377540716581,5.099999367,-11.35292251272)
  );
#5800 = B_SPLINE_CURVE_WITH_KNOTS('',1,(#5801,#5802),.UNSPECIFIED.,.F.,
  .F.,(2,2),(0.E+000,3.E-003),.PIECEWISE_BEZIER_KNOTS.);
#5801 = CARTESIAN_POINT('',(-2.377540716581,5.099999367,-11.35292251272)
  );
#5802 = CARTESIAN_POINT('',(-2.377540716581,5.102999367,-11.35292251272)
  );
#5803 = ORIENTED_EDGE('',*,*,#5804,.F.);
#5804 = EDGE_CURVE('',#5762,#5798,#5805,.T.);
#5805 = B_SPLINE_CURVE_WITH_KNOTS('',3,(#5806,#5807,#5808,#5809),
  .UNSPECIFIED.,.F.,.F.,(4,4),(0.E+000,1.),.PIECEWISE_BEZIER_KNOTS.);
#5806 = CARTESIAN_POINT('',(-2.353544916933,5.099999367,-11.34415604725)
  );
#5807 = CARTESIAN_POINT('',(-2.362311382404,5.099999367,-11.34466795764)
  );
#5808 = CARTESIAN_POINT('',(-2.370501948684,5.099999367,-11.34767287165)
  );
#5809 = CARTESIAN_POINT('',(-2.377540716581,5.099999367,-11.35292251272)
  );
#5810 = B_SPLINE_SURFACE_WITH_KNOTS('',3,1,(
    (#5811,#5812)
    ,(#5813,#5814)
    ,(#5815,#5816)
    ,(#5817,#5818
    )),.UNSPECIFIED.,.F.,.F.,.F.,(4,4),(2,2),(0.E+000,1.),(-3.E-003,
    0.E+000),.PIECEWISE_BEZIER_KNOTS.);
#5811 = CARTESIAN_POINT('',(-2.353544916933,5.102999367,-11.34415604725)
  );
#5812 = CARTESIAN_POINT('',(-2.353544916933,5.099999367,-11.34415604725)
  );
#5813 = CARTESIAN_POINT('',(-2.362311382404,5.102999367,-11.34466795764)
  );
#5814 = CARTESIAN_POINT('',(-2.362311382404,5.099999367,-11.34466795764)
  );
#5815 = CARTESIAN_POINT('',(-2.370501948684,5.102999367,-11.34767287165)
  );
#5816 = CARTESIAN_POINT('',(-2.370501948684,5.099999367,-11.34767287165)
  );
#5817 = CARTESIAN_POINT('',(-2.377540716581,5.102999367,-11.35292251272)
  );
#5818 = CARTESIAN_POINT('',(-2.377540716581,5.099999367,-11.35292251272)
  );
#5819 = ADVANCED_FACE('',(#5820),#5842,.F.);
#5820 = FACE_BOUND('',#5821,.F.);
#5821 = EDGE_LOOP('',(#5822,#5823,#5830,#5837));
#5822 = ORIENTED_EDGE('',*,*,#5797,.T.);
#5823 = ORIENTED_EDGE('',*,*,#5824,.T.);
#5824 = EDGE_CURVE('',#5789,#5825,#5827,.T.);
#5825 = VERTEX_POINT('',#5826);
#5826 = CARTESIAN_POINT('',(-2.410750903293,5.102999367,-11.30768243178)
  );
#5827 = B_SPLINE_CURVE_WITH_KNOTS('',1,(#5828,#5829),.UNSPECIFIED.,.F.,
  .F.,(2,2),(0.E+000,1.09630772368),.PIECEWISE_BEZIER_KNOTS.);
#5828 = CARTESIAN_POINT('',(-2.377540716581,5.102999367,-11.35292251272)
  );
#5829 = CARTESIAN_POINT('',(-2.410750903293,5.102999367,-11.30768243178)
  );
#5830 = ORIENTED_EDGE('',*,*,#5831,.F.);
#5831 = EDGE_CURVE('',#5832,#5825,#5834,.T.);
#5832 = VERTEX_POINT('',#5833);
#5833 = CARTESIAN_POINT('',(-2.410750903293,5.099999367,-11.30768243178)
  );
#5834 = B_SPLINE_CURVE_WITH_KNOTS('',1,(#5835,#5836),.UNSPECIFIED.,.F.,
  .F.,(2,2),(0.E+000,3.E-003),.PIECEWISE_BEZIER_KNOTS.);
#5835 = CARTESIAN_POINT('',(-2.410750903293,5.099999367,-11.30768243178)
  );
#5836 = CARTESIAN_POINT('',(-2.410750903293,5.102999367,-11.30768243178)
  );
#5837 = ORIENTED_EDGE('',*,*,#5838,.F.);
#5838 = EDGE_CURVE('',#5798,#5832,#5839,.T.);
#5839 = B_SPLINE_CURVE_WITH_KNOTS('',1,(#5840,#5841),.UNSPECIFIED.,.F.,
  .F.,(2,2),(0.E+000,1.09630772368),.PIECEWISE_BEZIER_KNOTS.);
#5840 = CARTESIAN_POINT('',(-2.377540716581,5.099999367,-11.35292251272)
  );
#5841 = CARTESIAN_POINT('',(-2.410750903293,5.099999367,-11.30768243178)
  );
#5842 = B_SPLINE_SURFACE_WITH_KNOTS('',1,1,(
    (#5843,#5844)
    ,(#5845,#5846
    )),.UNSPECIFIED.,.F.,.F.,.F.,(2,2),(2,2),(0.E+000,1.09630772368),(
    -3.E-003,0.E+000),.PIECEWISE_BEZIER_KNOTS.);
#5843 = CARTESIAN_POINT('',(-2.377540716581,5.102999367,-11.35292251272)
  );
#5844 = CARTESIAN_POINT('',(-2.377540716581,5.099999367,-11.35292251272)
  );
#5845 = CARTESIAN_POINT('',(-2.410750903293,5.102999367,-11.30768243178)
  );
#5846 = CARTESIAN_POINT('',(-2.410750903293,5.099999367,-11.30768243178)
  );
#5847 = ADVANCED_FACE('',(#5848),#5866,.F.);
#5848 = FACE_BOUND('',#5849,.F.);
#5849 = EDGE_LOOP('',(#5850,#5851,#5858,#5859));
#5850 = ORIENTED_EDGE('',*,*,#5831,.T.);
#5851 = ORIENTED_EDGE('',*,*,#5852,.T.);
#5852 = EDGE_CURVE('',#5825,#5542,#5853,.T.);
#5853 = B_SPLINE_CURVE_WITH_KNOTS('',3,(#5854,#5855,#5856,#5857),
  .UNSPECIFIED.,.F.,.F.,(4,4),(0.E+000,1.),.PIECEWISE_BEZIER_KNOTS.);
#5854 = CARTESIAN_POINT('',(-2.410750903293,5.102999367,-11.30768243178)
  );
#5855 = CARTESIAN_POINT('',(-2.396033479508,5.102999367,-11.29642040315)
  );
#5856 = CARTESIAN_POINT('',(-2.37830858217,5.102999367,-11.29040545604)
  );
#5857 = CARTESIAN_POINT('',(-2.35981581924,5.102999367,-11.29040545604)
  );
#5858 = ORIENTED_EDGE('',*,*,#5539,.F.);
#5859 = ORIENTED_EDGE('',*,*,#5860,.F.);
#5860 = EDGE_CURVE('',#5832,#5540,#5861,.T.);
#5861 = B_SPLINE_CURVE_WITH_KNOTS('',3,(#5862,#5863,#5864,#5865),
  .UNSPECIFIED.,.F.,.F.,(4,4),(0.E+000,1.),.PIECEWISE_BEZIER_KNOTS.);
#5862 = CARTESIAN_POINT('',(-2.410750903293,5.099999367,-11.30768243178)
  );
#5863 = CARTESIAN_POINT('',(-2.396033479508,5.099999367,-11.29642040315)
  );
#5864 = CARTESIAN_POINT('',(-2.37830858217,5.099999367,-11.29040545604)
  );
#5865 = CARTESIAN_POINT('',(-2.35981581924,5.099999367,-11.29040545604)
  );
#5866 = B_SPLINE_SURFACE_WITH_KNOTS('',3,1,(
    (#5867,#5868)
    ,(#5869,#5870)
    ,(#5871,#5872)
    ,(#5873,#5874
    )),.UNSPECIFIED.,.F.,.F.,.F.,(4,4),(2,2),(0.E+000,1.),(-3.E-003,
    0.E+000),.PIECEWISE_BEZIER_KNOTS.);
#5867 = CARTESIAN_POINT('',(-2.410750903293,5.102999367,-11.30768243178)
  );
#5868 = CARTESIAN_POINT('',(-2.410750903293,5.099999367,-11.30768243178)
  );
#5869 = CARTESIAN_POINT('',(-2.396033479508,5.102999367,-11.29642040315)
  );
#5870 = CARTESIAN_POINT('',(-2.396033479508,5.099999367,-11.29642040315)
  );
#5871 = CARTESIAN_POINT('',(-2.37830858217,5.102999367,-11.29040545604)
  );
#5872 = CARTESIAN_POINT('',(-2.37830858217,5.099999367,-11.29040545604)
  );
#5873 = CARTESIAN_POINT('',(-2.35981581924,5.102999367,-11.29040545604)
  );
#5874 = CARTESIAN_POINT('',(-2.35981581924,5.099999367,-11.29040545604)
  );
#5875 = ADVANCED_FACE('',(#5876),#5889,.F.);
#5876 = FACE_BOUND('',#5877,.F.);
#5877 = EDGE_LOOP('',(#5878,#5879,#5880,#5881,#5882,#5883,#5884,#5885,
    #5886,#5887,#5888));
#5878 = ORIENTED_EDGE('',*,*,#5564,.T.);
#5879 = ORIENTED_EDGE('',*,*,#5598,.T.);
#5880 = ORIENTED_EDGE('',*,*,#5626,.T.);
#5881 = ORIENTED_EDGE('',*,*,#5654,.T.);
#5882 = ORIENTED_EDGE('',*,*,#5682,.T.);
#5883 = ORIENTED_EDGE('',*,*,#5710,.T.);
#5884 = ORIENTED_EDGE('',*,*,#5738,.T.);
#5885 = ORIENTED_EDGE('',*,*,#5768,.T.);
#5886 = ORIENTED_EDGE('',*,*,#5804,.T.);
#5887 = ORIENTED_EDGE('',*,*,#5838,.T.);
#5888 = ORIENTED_EDGE('',*,*,#5860,.T.);
#5889 = B_SPLINE_SURFACE_WITH_KNOTS('',1,1,(
    (#5890,#5891)
    ,(#5892,#5893
    )),.UNSPECIFIED.,.F.,.F.,.F.,(2,2),(2,2),(66.528771331104,
    77.518593645703),(-38.87583606936,-27.4492648088),
  .PIECEWISE_BEZIER_KNOTS.);
#5890 = CARTESIAN_POINT('',(-2.410750903293,5.099999367,-11.29040545604)
  );
#5891 = CARTESIAN_POINT('',(-2.410750903293,5.099999367,-11.5783550518)
  );
#5892 = CARTESIAN_POINT('',(-2.133807380964,5.099999367,-11.29040545604)
  );
#5893 = CARTESIAN_POINT('',(-2.133807380964,5.099999367,-11.5783550518)
  );
#5894 = ADVANCED_FACE('',(#5895),#5908,.T.);
#5895 = FACE_BOUND('',#5896,.T.);
#5896 = EDGE_LOOP('',(#5897,#5898,#5899,#5900,#5901,#5902,#5903,#5904,
    #5905,#5906,#5907));
#5897 = ORIENTED_EDGE('',*,*,#5548,.T.);
#5898 = ORIENTED_EDGE('',*,*,#5584,.T.);
#5899 = ORIENTED_EDGE('',*,*,#5612,.T.);
#5900 = ORIENTED_EDGE('',*,*,#5640,.T.);
#5901 = ORIENTED_EDGE('',*,*,#5668,.T.);
#5902 = ORIENTED_EDGE('',*,*,#5696,.T.);
#5903 = ORIENTED_EDGE('',*,*,#5724,.T.);
#5904 = ORIENTED_EDGE('',*,*,#5752,.T.);
#5905 = ORIENTED_EDGE('',*,*,#5788,.T.);
#5906 = ORIENTED_EDGE('',*,*,#5824,.T.);
#5907 = ORIENTED_EDGE('',*,*,#5852,.T.);
#5908 = B_SPLINE_SURFACE_WITH_KNOTS('',1,1,(
    (#5909,#5910)
    ,(#5911,#5912
    )),.UNSPECIFIED.,.F.,.F.,.F.,(2,2),(2,2),(66.528771331104,
    77.518593645703),(-38.87583606936,-27.4492648088),
  .PIECEWISE_BEZIER_KNOTS.);
#5909 = CARTESIAN_POINT('',(-2.410750903293,5.102999367,-11.29040545604)
  );
#5910 = CARTESIAN_POINT('',(-2.410750903293,5.102999367,-11.5783550518)
  );
#5911 = CARTESIAN_POINT('',(-2.133807380964,5.102999367,-11.29040545604)
  );
#5912 = CARTESIAN_POINT('',(-2.133807380964,5.102999367,-11.5783550518)
  );
#5913 = MANIFOLD_SOLID_BREP('',#5914);
#5914 = CLOSED_SHELL('',(#5915,#5951,#5979,#6015,#6051,#6087,#6123,#6151
    ,#6179,#6207,#6243,#6279,#6315,#6351,#6379,#6407,#6427,#6451));
#5915 = ADVANCED_FACE('',(#5916),#5946,.F.);
#5916 = FACE_BOUND('',#5917,.F.);
#5917 = EDGE_LOOP('',(#5918,#5927,#5934,#5941));
#5918 = ORIENTED_EDGE('',*,*,#5919,.T.);
#5919 = EDGE_CURVE('',#5920,#5922,#5924,.T.);
#5920 = VERTEX_POINT('',#5921);
#5921 = CARTESIAN_POINT('',(-3.950769330248,5.099999367,-11.35611939312)
  );
#5922 = VERTEX_POINT('',#5923);
#5923 = CARTESIAN_POINT('',(-3.950769330248,5.102999367,-11.35611939312)
  );
#5924 = B_SPLINE_CURVE_WITH_KNOTS('',1,(#5925,#5926),.UNSPECIFIED.,.F.,
  .F.,(2,2),(0.E+000,3.E-003),.PIECEWISE_BEZIER_KNOTS.);
#5925 = CARTESIAN_POINT('',(-3.950769330248,5.099999367,-11.35611939312)
  );
#5926 = CARTESIAN_POINT('',(-3.950769330248,5.102999367,-11.35611939312)
  );
#5927 = ORIENTED_EDGE('',*,*,#5928,.T.);
#5928 = EDGE_CURVE('',#5922,#5929,#5931,.T.);
#5929 = VERTEX_POINT('',#5930);
#5930 = CARTESIAN_POINT('',(-3.888764183959,5.102999367,-11.35611939312)
  );
#5931 = B_SPLINE_CURVE_WITH_KNOTS('',1,(#5932,#5933),.UNSPECIFIED.,.F.,
  .F.,(2,2),(0.E+000,1.21125),.PIECEWISE_BEZIER_KNOTS.);
#5932 = CARTESIAN_POINT('',(-3.950769330248,5.102999367,-11.35611939312)
  );
#5933 = CARTESIAN_POINT('',(-3.888764183959,5.102999367,-11.35611939312)
  );
#5934 = ORIENTED_EDGE('',*,*,#5935,.F.);
#5935 = EDGE_CURVE('',#5936,#5929,#5938,.T.);
#5936 = VERTEX_POINT('',#5937);
#5937 = CARTESIAN_POINT('',(-3.888764183959,5.099999367,-11.35611939312)
  );
#5938 = B_SPLINE_CURVE_WITH_KNOTS('',1,(#5939,#5940),.UNSPECIFIED.,.F.,
  .F.,(2,2),(0.E+000,3.E-003),.PIECEWISE_BEZIER_KNOTS.);
#5939 = CARTESIAN_POINT('',(-3.888764183959,5.099999367,-11.35611939312)
  );
#5940 = CARTESIAN_POINT('',(-3.888764183959,5.102999367,-11.35611939312)
  );
#5941 = ORIENTED_EDGE('',*,*,#5942,.F.);
#5942 = EDGE_CURVE('',#5920,#5936,#5943,.T.);
#5943 = B_SPLINE_CURVE_WITH_KNOTS('',1,(#5944,#5945),.UNSPECIFIED.,.F.,
  .F.,(2,2),(0.E+000,1.21125),.PIECEWISE_BEZIER_KNOTS.);
#5944 = CARTESIAN_POINT('',(-3.950769330248,5.099999367,-11.35611939312)
  );
#5945 = CARTESIAN_POINT('',(-3.888764183959,5.099999367,-11.35611939312)
  );
#5946 = B_SPLINE_SURFACE_WITH_KNOTS('',1,1,(
    (#5947,#5948)
    ,(#5949,#5950
    )),.UNSPECIFIED.,.F.,.F.,.F.,(2,2),(2,2),(0.E+000,1.21125),(-3.E-003
    ,0.E+000),.PIECEWISE_BEZIER_KNOTS.);
#5947 = CARTESIAN_POINT('',(-3.950769330248,5.102999367,-11.35611939312)
  );
#5948 = CARTESIAN_POINT('',(-3.950769330248,5.099999367,-11.35611939312)
  );
#5949 = CARTESIAN_POINT('',(-3.888764183959,5.102999367,-11.35611939312)
  );
#5950 = CARTESIAN_POINT('',(-3.888764183959,5.099999367,-11.35611939312)
  );
#5951 = ADVANCED_FACE('',(#5952),#5974,.F.);
#5952 = FACE_BOUND('',#5953,.F.);
#5953 = EDGE_LOOP('',(#5954,#5955,#5962,#5969));
#5954 = ORIENTED_EDGE('',*,*,#5935,.T.);
#5955 = ORIENTED_EDGE('',*,*,#5956,.T.);
#5956 = EDGE_CURVE('',#5929,#5957,#5959,.T.);
#5957 = VERTEX_POINT('',#5958);
#5958 = CARTESIAN_POINT('',(-3.853762310874,5.102999367,-11.48236929366)
  );
#5959 = B_SPLINE_CURVE_WITH_KNOTS('',1,(#5960,#5961),.UNSPECIFIED.,.F.,
  .F.,(2,2),(0.E+000,2.559277852247),.PIECEWISE_BEZIER_KNOTS.);
#5960 = CARTESIAN_POINT('',(-3.888764183959,5.102999367,-11.35611939312)
  );
#5961 = CARTESIAN_POINT('',(-3.853762310874,5.102999367,-11.48236929366)
  );
#5962 = ORIENTED_EDGE('',*,*,#5963,.F.);
#5963 = EDGE_CURVE('',#5964,#5957,#5966,.T.);
#5964 = VERTEX_POINT('',#5965);
#5965 = CARTESIAN_POINT('',(-3.853762310874,5.099999367,-11.48236929366)
  );
#5966 = B_SPLINE_CURVE_WITH_KNOTS('',1,(#5967,#5968),.UNSPECIFIED.,.F.,
  .F.,(2,2),(0.E+000,3.E-003),.PIECEWISE_BEZIER_KNOTS.);
#5967 = CARTESIAN_POINT('',(-3.853762310874,5.099999367,-11.48236929366)
  );
#5968 = CARTESIAN_POINT('',(-3.853762310874,5.102999367,-11.48236929366)
  );
#5969 = ORIENTED_EDGE('',*,*,#5970,.F.);
#5970 = EDGE_CURVE('',#5936,#5964,#5971,.T.);
#5971 = B_SPLINE_CURVE_WITH_KNOTS('',1,(#5972,#5973),.UNSPECIFIED.,.F.,
  .F.,(2,2),(0.E+000,2.559277852247),.PIECEWISE_BEZIER_KNOTS.);
#5972 = CARTESIAN_POINT('',(-3.888764183959,5.099999367,-11.35611939312)
  );
#5973 = CARTESIAN_POINT('',(-3.853762310874,5.099999367,-11.48236929366)
  );
#5974 = B_SPLINE_SURFACE_WITH_KNOTS('',1,1,(
    (#5975,#5976)
    ,(#5977,#5978
    )),.UNSPECIFIED.,.F.,.F.,.F.,(2,2),(2,2),(0.E+000,2.559277852247),(
    -3.E-003,0.E+000),.PIECEWISE_BEZIER_KNOTS.);
#5975 = CARTESIAN_POINT('',(-3.888764183959,5.102999367,-11.35611939312)
  );
#5976 = CARTESIAN_POINT('',(-3.888764183959,5.099999367,-11.35611939312)
  );
#5977 = CARTESIAN_POINT('',(-3.853762310874,5.102999367,-11.48236929366)
  );
#5978 = CARTESIAN_POINT('',(-3.853762310874,5.099999367,-11.48236929366)
  );
#5979 = ADVANCED_FACE('',(#5980),#6006,.F.);
#5980 = FACE_BOUND('',#5981,.F.);
#5981 = EDGE_LOOP('',(#5982,#5983,#5992,#5999));
#5982 = ORIENTED_EDGE('',*,*,#5963,.T.);
#5983 = ORIENTED_EDGE('',*,*,#5984,.T.);
#5984 = EDGE_CURVE('',#5957,#5985,#5987,.T.);
#5985 = VERTEX_POINT('',#5986);
#5986 = CARTESIAN_POINT('',(-3.80577071158,5.102999367,-11.52613763222)
  );
#5987 = B_SPLINE_CURVE_WITH_KNOTS('',3,(#5988,#5989,#5990,#5991),
  .UNSPECIFIED.,.F.,.F.,(4,4),(0.E+000,1.),.PIECEWISE_BEZIER_KNOTS.);
#5988 = CARTESIAN_POINT('',(-3.853762310874,5.102999367,-11.48236929366)
  );
#5989 = CARTESIAN_POINT('',(-3.851525262459,5.102999367,-11.5071329589)
  );
#5990 = CARTESIAN_POINT('',(-3.830790332012,5.102999367,-11.52613763222)
  );
#5991 = CARTESIAN_POINT('',(-3.80577071158,5.102999367,-11.52613763222)
  );
#5992 = ORIENTED_EDGE('',*,*,#5993,.F.);
#5993 = EDGE_CURVE('',#5994,#5985,#5996,.T.);
#5994 = VERTEX_POINT('',#5995);
#5995 = CARTESIAN_POINT('',(-3.80577071158,5.099999367,-11.52613763222)
  );
#5996 = B_SPLINE_CURVE_WITH_KNOTS('',1,(#5997,#5998),.UNSPECIFIED.,.F.,
  .F.,(2,2),(0.E+000,3.E-003),.PIECEWISE_BEZIER_KNOTS.);
#5997 = CARTESIAN_POINT('',(-3.80577071158,5.099999367,-11.52613763222)
  );
#5998 = CARTESIAN_POINT('',(-3.80577071158,5.102999367,-11.52613763222)
  );
#5999 = ORIENTED_EDGE('',*,*,#6000,.F.);
#6000 = EDGE_CURVE('',#5964,#5994,#6001,.T.);
#6001 = B_SPLINE_CURVE_WITH_KNOTS('',3,(#6002,#6003,#6004,#6005),
  .UNSPECIFIED.,.F.,.F.,(4,4),(0.E+000,1.),.PIECEWISE_BEZIER_KNOTS.);
#6002 = CARTESIAN_POINT('',(-3.853762310874,5.099999367,-11.48236929366)
  );
#6003 = CARTESIAN_POINT('',(-3.851525262459,5.099999367,-11.5071329589)
  );
#6004 = CARTESIAN_POINT('',(-3.830790332012,5.099999367,-11.52613763222)
  );
#6005 = CARTESIAN_POINT('',(-3.80577071158,5.099999367,-11.52613763222)
  );
#6006 = B_SPLINE_SURFACE_WITH_KNOTS('',3,1,(
    (#6007,#6008)
    ,(#6009,#6010)
    ,(#6011,#6012)
    ,(#6013,#6014
    )),.UNSPECIFIED.,.F.,.F.,.F.,(4,4),(2,2),(0.E+000,1.),(-3.E-003,
    0.E+000),.PIECEWISE_BEZIER_KNOTS.);
#6007 = CARTESIAN_POINT('',(-3.853762310874,5.102999367,-11.48236929366)
  );
#6008 = CARTESIAN_POINT('',(-3.853762310874,5.099999367,-11.48236929366)
  );
#6009 = CARTESIAN_POINT('',(-3.851525262459,5.102999367,-11.5071329589)
  );
#6010 = CARTESIAN_POINT('',(-3.851525262459,5.099999367,-11.5071329589)
  );
#6011 = CARTESIAN_POINT('',(-3.830790332012,5.102999367,-11.52613763222)
  );
#6012 = CARTESIAN_POINT('',(-3.830790332012,5.099999367,-11.52613763222)
  );
#6013 = CARTESIAN_POINT('',(-3.80577071158,5.102999367,-11.52613763222)
  );
#6014 = CARTESIAN_POINT('',(-3.80577071158,5.099999367,-11.52613763222)
  );
#6015 = ADVANCED_FACE('',(#6016),#6042,.F.);
#6016 = FACE_BOUND('',#6017,.F.);
#6017 = EDGE_LOOP('',(#6018,#6019,#6028,#6035));
#6018 = ORIENTED_EDGE('',*,*,#5993,.T.);
#6019 = ORIENTED_EDGE('',*,*,#6020,.T.);
#6020 = EDGE_CURVE('',#5985,#6021,#6023,.T.);
#6021 = VERTEX_POINT('',#6022);
#6022 = CARTESIAN_POINT('',(-3.784270475097,5.102999367,-11.51986672991)
  );
#6023 = B_SPLINE_CURVE_WITH_KNOTS('',3,(#6024,#6025,#6026,#6027),
  .UNSPECIFIED.,.F.,.F.,(4,4),(0.E+000,1.),.PIECEWISE_BEZIER_KNOTS.);
#6024 = CARTESIAN_POINT('',(-3.80577071158,5.102999367,-11.52613763222)
  );
#6025 = CARTESIAN_POINT('',(-3.798028066894,5.102999367,-11.52735597895)
  );
#6026 = CARTESIAN_POINT('',(-3.790029467012,5.102999367,-11.52511381144)
  );
#6027 = CARTESIAN_POINT('',(-3.784270475097,5.102999367,-11.51986672991)
  );
#6028 = ORIENTED_EDGE('',*,*,#6029,.F.);
#6029 = EDGE_CURVE('',#6030,#6021,#6032,.T.);
#6030 = VERTEX_POINT('',#6031);
#6031 = CARTESIAN_POINT('',(-3.784270475097,5.099999367,-11.51986672991)
  );
#6032 = B_SPLINE_CURVE_WITH_KNOTS('',1,(#6033,#6034),.UNSPECIFIED.,.F.,
  .F.,(2,2),(0.E+000,3.E-003),.PIECEWISE_BEZIER_KNOTS.);
#6033 = CARTESIAN_POINT('',(-3.784270475097,5.099999367,-11.51986672991)
  );
#6034 = CARTESIAN_POINT('',(-3.784270475097,5.102999367,-11.51986672991)
  );
#6035 = ORIENTED_EDGE('',*,*,#6036,.F.);
#6036 = EDGE_CURVE('',#5994,#6030,#6037,.T.);
#6037 = B_SPLINE_CURVE_WITH_KNOTS('',3,(#6038,#6039,#6040,#6041),
  .UNSPECIFIED.,.F.,.F.,(4,4),(0.E+000,1.),.PIECEWISE_BEZIER_KNOTS.);
#6038 = CARTESIAN_POINT('',(-3.80577071158,5.099999367,-11.52613763222)
  );
#6039 = CARTESIAN_POINT('',(-3.798028066894,5.099999367,-11.52735597895)
  );
#6040 = CARTESIAN_POINT('',(-3.790029467012,5.099999367,-11.52511381144)
  );
#6041 = CARTESIAN_POINT('',(-3.784270475097,5.099999367,-11.51986672991)
  );
#6042 = B_SPLINE_SURFACE_WITH_KNOTS('',3,1,(
    (#6043,#6044)
    ,(#6045,#6046)
    ,(#6047,#6048)
    ,(#6049,#6050
    )),.UNSPECIFIED.,.F.,.F.,.F.,(4,4),(2,2),(0.E+000,1.),(-3.E-003,
    0.E+000),.PIECEWISE_BEZIER_KNOTS.);
#6043 = CARTESIAN_POINT('',(-3.80577071158,5.102999367,-11.52613763222)
  );
#6044 = CARTESIAN_POINT('',(-3.80577071158,5.099999367,-11.52613763222)
  );
#6045 = CARTESIAN_POINT('',(-3.798028066894,5.102999367,-11.52735597895)
  );
#6046 = CARTESIAN_POINT('',(-3.798028066894,5.099999367,-11.52735597895)
  );
#6047 = CARTESIAN_POINT('',(-3.790029467012,5.102999367,-11.52511381144)
  );
#6048 = CARTESIAN_POINT('',(-3.790029467012,5.099999367,-11.52511381144)
  );
#6049 = CARTESIAN_POINT('',(-3.784270475097,5.102999367,-11.51986672991)
  );
#6050 = CARTESIAN_POINT('',(-3.784270475097,5.099999367,-11.51986672991)
  );
#6051 = ADVANCED_FACE('',(#6052),#6078,.F.);
#6052 = FACE_BOUND('',#6053,.F.);
#6053 = EDGE_LOOP('',(#6054,#6055,#6064,#6071));
#6054 = ORIENTED_EDGE('',*,*,#6029,.T.);
#6055 = ORIENTED_EDGE('',*,*,#6056,.T.);
#6056 = EDGE_CURVE('',#6021,#6057,#6059,.T.);
#6057 = VERTEX_POINT('',#6058);
#6058 = CARTESIAN_POINT('',(-3.775567998423,5.102999367,-11.49913435902)
  );
#6059 = B_SPLINE_CURVE_WITH_KNOTS('',3,(#6060,#6061,#6062,#6063),
  .UNSPECIFIED.,.F.,.F.,(4,4),(0.E+000,1.),.PIECEWISE_BEZIER_KNOTS.);
#6060 = CARTESIAN_POINT('',(-3.784270475097,5.102999367,-11.51986672991)
  );
#6061 = CARTESIAN_POINT('',(-3.778255527984,5.102999367,-11.51461964839)
  );
#6062 = CARTESIAN_POINT('',(-3.775312043228,5.102999367,-11.5071329589)
  );
#6063 = CARTESIAN_POINT('',(-3.775567998423,5.102999367,-11.49913435902)
  );
#6064 = ORIENTED_EDGE('',*,*,#6065,.F.);
#6065 = EDGE_CURVE('',#6066,#6057,#6068,.T.);
#6066 = VERTEX_POINT('',#6067);
#6067 = CARTESIAN_POINT('',(-3.775567998423,5.099999367,-11.49913435902)
  );
#6068 = B_SPLINE_CURVE_WITH_KNOTS('',1,(#6069,#6070),.UNSPECIFIED.,.F.,
  .F.,(2,2),(0.E+000,3.E-003),.PIECEWISE_BEZIER_KNOTS.);
#6069 = CARTESIAN_POINT('',(-3.775567998423,5.099999367,-11.49913435902)
  );
#6070 = CARTESIAN_POINT('',(-3.775567998423,5.102999367,-11.49913435902)
  );
#6071 = ORIENTED_EDGE('',*,*,#6072,.F.);
#6072 = EDGE_CURVE('',#6030,#6066,#6073,.T.);
#6073 = B_SPLINE_CURVE_WITH_KNOTS('',3,(#6074,#6075,#6076,#6077),
  .UNSPECIFIED.,.F.,.F.,(4,4),(0.E+000,1.),.PIECEWISE_BEZIER_KNOTS.);
#6074 = CARTESIAN_POINT('',(-3.784270475097,5.099999367,-11.51986672991)
  );
#6075 = CARTESIAN_POINT('',(-3.778255527984,5.099999367,-11.51461964839)
  );
#6076 = CARTESIAN_POINT('',(-3.775312043228,5.099999367,-11.5071329589)
  );
#6077 = CARTESIAN_POINT('',(-3.775567998423,5.099999367,-11.49913435902)
  );
#6078 = B_SPLINE_SURFACE_WITH_KNOTS('',3,1,(
    (#6079,#6080)
    ,(#6081,#6082)
    ,(#6083,#6084)
    ,(#6085,#6086
    )),.UNSPECIFIED.,.F.,.F.,.F.,(4,4),(2,2),(0.E+000,1.),(-3.E-003,
    0.E+000),.PIECEWISE_BEZIER_KNOTS.);
#6079 = CARTESIAN_POINT('',(-3.784270475097,5.102999367,-11.51986672991)
  );
#6080 = CARTESIAN_POINT('',(-3.784270475097,5.099999367,-11.51986672991)
  );
#6081 = CARTESIAN_POINT('',(-3.778255527984,5.102999367,-11.51461964839)
  );
#6082 = CARTESIAN_POINT('',(-3.778255527984,5.099999367,-11.51461964839)
  );
#6083 = CARTESIAN_POINT('',(-3.775312043228,5.102999367,-11.5071329589)
  );
#6084 = CARTESIAN_POINT('',(-3.775312043228,5.099999367,-11.5071329589)
  );
#6085 = CARTESIAN_POINT('',(-3.775567998423,5.102999367,-11.49913435902)
  );
#6086 = CARTESIAN_POINT('',(-3.775567998423,5.099999367,-11.49913435902)
  );
#6087 = ADVANCED_FACE('',(#6088),#6114,.F.);
#6088 = FACE_BOUND('',#6089,.F.);
#6089 = EDGE_LOOP('',(#6090,#6091,#6100,#6107));
#6090 = ORIENTED_EDGE('',*,*,#6065,.T.);
#6091 = ORIENTED_EDGE('',*,*,#6092,.T.);
#6092 = EDGE_CURVE('',#6057,#6093,#6095,.T.);
#6093 = VERTEX_POINT('',#6094);
#6094 = CARTESIAN_POINT('',(-3.778511483181,5.102999367,-11.47936182011)
  );
#6095 = B_SPLINE_CURVE_WITH_KNOTS('',3,(#6096,#6097,#6098,#6099),
  .UNSPECIFIED.,.F.,.F.,(4,4),(0.E+000,1.),.PIECEWISE_BEZIER_KNOTS.);
#6096 = CARTESIAN_POINT('',(-3.775567998423,5.102999367,-11.49913435902)
  );
#6097 = CARTESIAN_POINT('',(-3.77577276258,5.102999367,-11.49260750151)
  );
#6098 = CARTESIAN_POINT('',(-3.776786345158,5.102999367,-11.48588867761)
  );
#6099 = CARTESIAN_POINT('',(-3.778511483181,5.102999367,-11.47936182011)
  );
#6100 = ORIENTED_EDGE('',*,*,#6101,.F.);
#6101 = EDGE_CURVE('',#6102,#6093,#6104,.T.);
#6102 = VERTEX_POINT('',#6103);
#6103 = CARTESIAN_POINT('',(-3.778511483181,5.099999367,-11.47936182011)
  );
#6104 = B_SPLINE_CURVE_WITH_KNOTS('',1,(#6105,#6106),.UNSPECIFIED.,.F.,
  .F.,(2,2),(0.E+000,3.E-003),.PIECEWISE_BEZIER_KNOTS.);
#6105 = CARTESIAN_POINT('',(-3.778511483181,5.099999367,-11.47936182011)
  );
#6106 = CARTESIAN_POINT('',(-3.778511483181,5.102999367,-11.47936182011)
  );
#6107 = ORIENTED_EDGE('',*,*,#6108,.F.);
#6108 = EDGE_CURVE('',#6066,#6102,#6109,.T.);
#6109 = B_SPLINE_CURVE_WITH_KNOTS('',3,(#6110,#6111,#6112,#6113),
  .UNSPECIFIED.,.F.,.F.,(4,4),(0.E+000,1.),.PIECEWISE_BEZIER_KNOTS.);
#6110 = CARTESIAN_POINT('',(-3.775567998423,5.099999367,-11.49913435902)
  );
#6111 = CARTESIAN_POINT('',(-3.77577276258,5.099999367,-11.49260750151)
  );
#6112 = CARTESIAN_POINT('',(-3.776786345158,5.099999367,-11.48588867761)
  );
#6113 = CARTESIAN_POINT('',(-3.778511483181,5.099999367,-11.47936182011)
  );
#6114 = B_SPLINE_SURFACE_WITH_KNOTS('',3,1,(
    (#6115,#6116)
    ,(#6117,#6118)
    ,(#6119,#6120)
    ,(#6121,#6122
    )),.UNSPECIFIED.,.F.,.F.,.F.,(4,4),(2,2),(0.E+000,1.),(-3.E-003,
    0.E+000),.PIECEWISE_BEZIER_KNOTS.);
#6115 = CARTESIAN_POINT('',(-3.775567998423,5.102999367,-11.49913435902)
  );
#6116 = CARTESIAN_POINT('',(-3.775567998423,5.099999367,-11.49913435902)
  );
#6117 = CARTESIAN_POINT('',(-3.77577276258,5.102999367,-11.49260750151)
  );
#6118 = CARTESIAN_POINT('',(-3.77577276258,5.099999367,-11.49260750151)
  );
#6119 = CARTESIAN_POINT('',(-3.776786345158,5.102999367,-11.48588867761)
  );
#6120 = CARTESIAN_POINT('',(-3.776786345158,5.099999367,-11.48588867761)
  );
#6121 = CARTESIAN_POINT('',(-3.778511483181,5.102999367,-11.47936182011)
  );
#6122 = CARTESIAN_POINT('',(-3.778511483181,5.099999367,-11.47936182011)
  );
#6123 = ADVANCED_FACE('',(#6124),#6146,.F.);
#6124 = FACE_BOUND('',#6125,.F.);
#6125 = EDGE_LOOP('',(#6126,#6127,#6134,#6141));
#6126 = ORIENTED_EDGE('',*,*,#6101,.T.);
#6127 = ORIENTED_EDGE('',*,*,#6128,.T.);
#6128 = EDGE_CURVE('',#6093,#6129,#6131,.T.);
#6129 = VERTEX_POINT('',#6130);
#6130 = CARTESIAN_POINT('',(-3.81050588271,5.102999367,-11.35912686668)
  );
#6131 = B_SPLINE_CURVE_WITH_KNOTS('',1,(#6132,#6133),.UNSPECIFIED.,.F.,
  .F.,(2,2),(0.E+000,2.430483812433),.PIECEWISE_BEZIER_KNOTS.);
#6132 = CARTESIAN_POINT('',(-3.778511483181,5.102999367,-11.47936182011)
  );
#6133 = CARTESIAN_POINT('',(-3.81050588271,5.102999367,-11.35912686668)
  );
#6134 = ORIENTED_EDGE('',*,*,#6135,.F.);
#6135 = EDGE_CURVE('',#6136,#6129,#6138,.T.);
#6136 = VERTEX_POINT('',#6137);
#6137 = CARTESIAN_POINT('',(-3.81050588271,5.099999367,-11.35912686668)
  );
#6138 = B_SPLINE_CURVE_WITH_KNOTS('',1,(#6139,#6140),.UNSPECIFIED.,.F.,
  .F.,(2,2),(0.E+000,3.E-003),.PIECEWISE_BEZIER_KNOTS.);
#6139 = CARTESIAN_POINT('',(-3.81050588271,5.099999367,-11.35912686668)
  );
#6140 = CARTESIAN_POINT('',(-3.81050588271,5.102999367,-11.35912686668)
  );
#6141 = ORIENTED_EDGE('',*,*,#6142,.F.);
#6142 = EDGE_CURVE('',#6102,#6136,#6143,.T.);
#6143 = B_SPLINE_CURVE_WITH_KNOTS('',1,(#6144,#6145),.UNSPECIFIED.,.F.,
  .F.,(2,2),(0.E+000,2.430483812433),.PIECEWISE_BEZIER_KNOTS.);
#6144 = CARTESIAN_POINT('',(-3.778511483181,5.099999367,-11.47936182011)
  );
#6145 = CARTESIAN_POINT('',(-3.81050588271,5.099999367,-11.35912686668)
  );
#6146 = B_SPLINE_SURFACE_WITH_KNOTS('',1,1,(
    (#6147,#6148)
    ,(#6149,#6150
    )),.UNSPECIFIED.,.F.,.F.,.F.,(2,2),(2,2),(0.E+000,2.430483812433),(
    -3.E-003,0.E+000),.PIECEWISE_BEZIER_KNOTS.);
#6147 = CARTESIAN_POINT('',(-3.778511483181,5.102999367,-11.47936182011)
  );
#6148 = CARTESIAN_POINT('',(-3.778511483181,5.099999367,-11.47936182011)
  );
#6149 = CARTESIAN_POINT('',(-3.81050588271,5.102999367,-11.35912686668)
  );
#6150 = CARTESIAN_POINT('',(-3.81050588271,5.099999367,-11.35912686668)
  );
#6151 = ADVANCED_FACE('',(#6152),#6174,.F.);
#6152 = FACE_BOUND('',#6153,.F.);
#6153 = EDGE_LOOP('',(#6154,#6155,#6162,#6169));
#6154 = ORIENTED_EDGE('',*,*,#6135,.T.);
#6155 = ORIENTED_EDGE('',*,*,#6156,.T.);
#6156 = EDGE_CURVE('',#6129,#6157,#6159,.T.);
#6157 = VERTEX_POINT('',#6158);
#6158 = CARTESIAN_POINT('',(-3.748820680418,5.102999367,-11.35912686668)
  );
#6159 = B_SPLINE_CURVE_WITH_KNOTS('',1,(#6160,#6161),.UNSPECIFIED.,.F.,
  .F.,(2,2),(0.E+000,1.205),.PIECEWISE_BEZIER_KNOTS.);
#6160 = CARTESIAN_POINT('',(-3.81050588271,5.102999367,-11.35912686668)
  );
#6161 = CARTESIAN_POINT('',(-3.748820680418,5.102999367,-11.35912686668)
  );
#6162 = ORIENTED_EDGE('',*,*,#6163,.F.);
#6163 = EDGE_CURVE('',#6164,#6157,#6166,.T.);
#6164 = VERTEX_POINT('',#6165);
#6165 = CARTESIAN_POINT('',(-3.748820680418,5.099999367,-11.35912686668)
  );
#6166 = B_SPLINE_CURVE_WITH_KNOTS('',1,(#6167,#6168),.UNSPECIFIED.,.F.,
  .F.,(2,2),(0.E+000,3.E-003),.PIECEWISE_BEZIER_KNOTS.);
#6167 = CARTESIAN_POINT('',(-3.748820680418,5.099999367,-11.35912686668)
  );
#6168 = CARTESIAN_POINT('',(-3.748820680418,5.102999367,-11.35912686668)
  );
#6169 = ORIENTED_EDGE('',*,*,#6170,.F.);
#6170 = EDGE_CURVE('',#6136,#6164,#6171,.T.);
#6171 = B_SPLINE_CURVE_WITH_KNOTS('',1,(#6172,#6173),.UNSPECIFIED.,.F.,
  .F.,(2,2),(0.E+000,1.205),.PIECEWISE_BEZIER_KNOTS.);
#6172 = CARTESIAN_POINT('',(-3.81050588271,5.099999367,-11.35912686668)
  );
#6173 = CARTESIAN_POINT('',(-3.748820680418,5.099999367,-11.35912686668)
  );
#6174 = B_SPLINE_SURFACE_WITH_KNOTS('',1,1,(
    (#6175,#6176)
    ,(#6177,#6178
    )),.UNSPECIFIED.,.F.,.F.,.F.,(2,2),(2,2),(0.E+000,1.205),(-3.E-003,
    0.E+000),.PIECEWISE_BEZIER_KNOTS.);
#6175 = CARTESIAN_POINT('',(-3.81050588271,5.102999367,-11.35912686668)
  );
#6176 = CARTESIAN_POINT('',(-3.81050588271,5.099999367,-11.35912686668)
  );
#6177 = CARTESIAN_POINT('',(-3.748820680418,5.102999367,-11.35912686668)
  );
#6178 = CARTESIAN_POINT('',(-3.748820680418,5.099999367,-11.35912686668)
  );
#6179 = ADVANCED_FACE('',(#6180),#6202,.F.);
#6180 = FACE_BOUND('',#6181,.F.);
#6181 = EDGE_LOOP('',(#6182,#6183,#6190,#6197));
#6182 = ORIENTED_EDGE('',*,*,#6163,.T.);
#6183 = ORIENTED_EDGE('',*,*,#6184,.T.);
#6184 = EDGE_CURVE('',#6157,#6185,#6187,.T.);
#6185 = VERTEX_POINT('',#6186);
#6186 = CARTESIAN_POINT('',(-3.717018247286,5.102999367,-11.47661030175)
  );
#6187 = B_SPLINE_CURVE_WITH_KNOTS('',1,(#6188,#6189),.UNSPECIFIED.,.F.,
  .F.,(2,2),(0.E+000,2.377598906986),.PIECEWISE_BEZIER_KNOTS.);
#6188 = CARTESIAN_POINT('',(-3.748820680418,5.102999367,-11.35912686668)
  );
#6189 = CARTESIAN_POINT('',(-3.717018247286,5.102999367,-11.47661030175)
  );
#6190 = ORIENTED_EDGE('',*,*,#6191,.F.);
#6191 = EDGE_CURVE('',#6192,#6185,#6194,.T.);
#6192 = VERTEX_POINT('',#6193);
#6193 = CARTESIAN_POINT('',(-3.717018247286,5.099999367,-11.47661030175)
  );
#6194 = B_SPLINE_CURVE_WITH_KNOTS('',1,(#6195,#6196),.UNSPECIFIED.,.F.,
  .F.,(2,2),(0.E+000,3.E-003),.PIECEWISE_BEZIER_KNOTS.);
#6195 = CARTESIAN_POINT('',(-3.717018247286,5.099999367,-11.47661030175)
  );
#6196 = CARTESIAN_POINT('',(-3.717018247286,5.102999367,-11.47661030175)
  );
#6197 = ORIENTED_EDGE('',*,*,#6198,.F.);
#6198 = EDGE_CURVE('',#6164,#6192,#6199,.T.);
#6199 = B_SPLINE_CURVE_WITH_KNOTS('',1,(#6200,#6201),.UNSPECIFIED.,.F.,
  .F.,(2,2),(0.E+000,2.377598906986),.PIECEWISE_BEZIER_KNOTS.);
#6200 = CARTESIAN_POINT('',(-3.748820680418,5.099999367,-11.35912686668)
  );
#6201 = CARTESIAN_POINT('',(-3.717018247286,5.099999367,-11.47661030175)
  );
#6202 = B_SPLINE_SURFACE_WITH_KNOTS('',1,1,(
    (#6203,#6204)
    ,(#6205,#6206
    )),.UNSPECIFIED.,.F.,.F.,.F.,(2,2),(2,2),(0.E+000,2.377598906986),(
    -3.E-003,0.E+000),.PIECEWISE_BEZIER_KNOTS.);
#6203 = CARTESIAN_POINT('',(-3.748820680418,5.102999367,-11.35912686668)
  );
#6204 = CARTESIAN_POINT('',(-3.748820680418,5.099999367,-11.35912686668)
  );
#6205 = CARTESIAN_POINT('',(-3.717018247286,5.102999367,-11.47661030175)
  );
#6206 = CARTESIAN_POINT('',(-3.717018247286,5.099999367,-11.47661030175)
  );
#6207 = ADVANCED_FACE('',(#6208),#6234,.F.);
#6208 = FACE_BOUND('',#6209,.F.);
#6209 = EDGE_LOOP('',(#6210,#6211,#6220,#6227));
#6210 = ORIENTED_EDGE('',*,*,#6191,.T.);
#6211 = ORIENTED_EDGE('',*,*,#6212,.T.);
#6212 = EDGE_CURVE('',#6185,#6213,#6215,.T.);
#6213 = VERTEX_POINT('',#6214);
#6214 = CARTESIAN_POINT('',(-3.709787512991,5.102999367,-11.51634734596)
  );
#6215 = B_SPLINE_CURVE_WITH_KNOTS('',3,(#6216,#6217,#6218,#6219),
  .UNSPECIFIED.,.F.,.F.,(4,4),(0.E+000,1.),.PIECEWISE_BEZIER_KNOTS.);
#6216 = CARTESIAN_POINT('',(-3.717018247286,5.102999367,-11.47661030175)
  );
#6217 = CARTESIAN_POINT('',(-3.713050941743,5.102999367,-11.48960002796)
  );
#6218 = CARTESIAN_POINT('',(-3.710811333776,5.102999367,-11.50284570936)
  );
#6219 = CARTESIAN_POINT('',(-3.709787512991,5.102999367,-11.51634734596)
  );
#6220 = ORIENTED_EDGE('',*,*,#6221,.F.);
#6221 = EDGE_CURVE('',#6222,#6213,#6224,.T.);
#6222 = VERTEX_POINT('',#6223);
#6223 = CARTESIAN_POINT('',(-3.709787512991,5.099999367,-11.51634734596)
  );
#6224 = B_SPLINE_CURVE_WITH_KNOTS('',1,(#6225,#6226),.UNSPECIFIED.,.F.,
  .F.,(2,2),(0.E+000,3.E-003),.PIECEWISE_BEZIER_KNOTS.);
#6225 = CARTESIAN_POINT('',(-3.709787512991,5.099999367,-11.51634734596)
  );
#6226 = CARTESIAN_POINT('',(-3.709787512991,5.102999367,-11.51634734596)
  );
#6227 = ORIENTED_EDGE('',*,*,#6228,.F.);
#6228 = EDGE_CURVE('',#6192,#6222,#6229,.T.);
#6229 = B_SPLINE_CURVE_WITH_KNOTS('',3,(#6230,#6231,#6232,#6233),
  .UNSPECIFIED.,.F.,.F.,(4,4),(0.E+000,1.),.PIECEWISE_BEZIER_KNOTS.);
#6230 = CARTESIAN_POINT('',(-3.717018247286,5.099999367,-11.47661030175)
  );
#6231 = CARTESIAN_POINT('',(-3.713050941743,5.099999367,-11.48960002796)
  );
#6232 = CARTESIAN_POINT('',(-3.710811333776,5.099999367,-11.50284570936)
  );
#6233 = CARTESIAN_POINT('',(-3.709787512991,5.099999367,-11.51634734596)
  );
#6234 = B_SPLINE_SURFACE_WITH_KNOTS('',3,1,(
    (#6235,#6236)
    ,(#6237,#6238)
    ,(#6239,#6240)
    ,(#6241,#6242
    )),.UNSPECIFIED.,.F.,.F.,.F.,(4,4),(2,2),(0.E+000,1.),(-3.E-003,
    0.E+000),.PIECEWISE_BEZIER_KNOTS.);
#6235 = CARTESIAN_POINT('',(-3.717018247286,5.102999367,-11.47661030175)
  );
#6236 = CARTESIAN_POINT('',(-3.717018247286,5.099999367,-11.47661030175)
  );
#6237 = CARTESIAN_POINT('',(-3.713050941743,5.102999367,-11.48960002796)
  );
#6238 = CARTESIAN_POINT('',(-3.713050941743,5.099999367,-11.48960002796)
  );
#6239 = CARTESIAN_POINT('',(-3.710811333776,5.102999367,-11.50284570936)
  );
#6240 = CARTESIAN_POINT('',(-3.710811333776,5.099999367,-11.50284570936)
  );
#6241 = CARTESIAN_POINT('',(-3.709787512991,5.102999367,-11.51634734596)
  );
#6242 = CARTESIAN_POINT('',(-3.709787512991,5.099999367,-11.51634734596)
  );
#6243 = ADVANCED_FACE('',(#6244),#6270,.F.);
#6244 = FACE_BOUND('',#6245,.F.);
#6245 = EDGE_LOOP('',(#6246,#6247,#6256,#6263));
#6246 = ORIENTED_EDGE('',*,*,#6221,.T.);
#6247 = ORIENTED_EDGE('',*,*,#6248,.T.);
#6248 = EDGE_CURVE('',#6213,#6249,#6251,.T.);
#6249 = VERTEX_POINT('',#6250);
#6250 = CARTESIAN_POINT('',(-3.728792186312,5.102999367,-11.56286720288)
  );
#6251 = B_SPLINE_CURVE_WITH_KNOTS('',3,(#6252,#6253,#6254,#6255),
  .UNSPECIFIED.,.F.,.F.,(4,4),(0.E+000,1.),.PIECEWISE_BEZIER_KNOTS.);
#6252 = CARTESIAN_POINT('',(-3.709787512991,5.102999367,-11.51634734596)
  );
#6253 = CARTESIAN_POINT('',(-3.709019647402,5.102999367,-11.53388027691)
  );
#6254 = CARTESIAN_POINT('',(-3.715802460102,5.102999367,-11.55083730866)
  );
#6255 = CARTESIAN_POINT('',(-3.728792186312,5.102999367,-11.56286720288)
  );
#6256 = ORIENTED_EDGE('',*,*,#6257,.F.);
#6257 = EDGE_CURVE('',#6258,#6249,#6260,.T.);
#6258 = VERTEX_POINT('',#6259);
#6259 = CARTESIAN_POINT('',(-3.728792186312,5.099999367,-11.56286720288)
  );
#6260 = B_SPLINE_CURVE_WITH_KNOTS('',1,(#6261,#6262),.UNSPECIFIED.,.F.,
  .F.,(2,2),(0.E+000,3.E-003),.PIECEWISE_BEZIER_KNOTS.);
#6261 = CARTESIAN_POINT('',(-3.728792186312,5.099999367,-11.56286720288)
  );
#6262 = CARTESIAN_POINT('',(-3.728792186312,5.102999367,-11.56286720288)
  );
#6263 = ORIENTED_EDGE('',*,*,#6264,.F.);
#6264 = EDGE_CURVE('',#6222,#6258,#6265,.T.);
#6265 = B_SPLINE_CURVE_WITH_KNOTS('',3,(#6266,#6267,#6268,#6269),
  .UNSPECIFIED.,.F.,.F.,(4,4),(0.E+000,1.),.PIECEWISE_BEZIER_KNOTS.);
#6266 = CARTESIAN_POINT('',(-3.709787512991,5.099999367,-11.51634734596)
  );
#6267 = CARTESIAN_POINT('',(-3.709019647402,5.099999367,-11.53388027691)
  );
#6268 = CARTESIAN_POINT('',(-3.715802460102,5.099999367,-11.55083730866)
  );
#6269 = CARTESIAN_POINT('',(-3.728792186312,5.099999367,-11.56286720288)
  );
#6270 = B_SPLINE_SURFACE_WITH_KNOTS('',3,1,(
    (#6271,#6272)
    ,(#6273,#6274)
    ,(#6275,#6276)
    ,(#6277,#6278
    )),.UNSPECIFIED.,.F.,.F.,.F.,(4,4),(2,2),(0.E+000,1.),(-3.E-003,
    0.E+000),.PIECEWISE_BEZIER_KNOTS.);
#6271 = CARTESIAN_POINT('',(-3.709787512991,5.102999367,-11.51634734596)
  );
#6272 = CARTESIAN_POINT('',(-3.709787512991,5.099999367,-11.51634734596)
  );
#6273 = CARTESIAN_POINT('',(-3.709019647402,5.102999367,-11.53388027691)
  );
#6274 = CARTESIAN_POINT('',(-3.709019647402,5.099999367,-11.53388027691)
  );
#6275 = CARTESIAN_POINT('',(-3.715802460102,5.102999367,-11.55083730866)
  );
#6276 = CARTESIAN_POINT('',(-3.715802460102,5.099999367,-11.55083730866)
  );
#6277 = CARTESIAN_POINT('',(-3.728792186312,5.102999367,-11.56286720288)
  );
#6278 = CARTESIAN_POINT('',(-3.728792186312,5.099999367,-11.56286720288)
  );
#6279 = ADVANCED_FACE('',(#6280),#6306,.F.);
#6280 = FACE_BOUND('',#6281,.F.);
#6281 = EDGE_LOOP('',(#6282,#6283,#6292,#6299));
#6282 = ORIENTED_EDGE('',*,*,#6257,.T.);
#6283 = ORIENTED_EDGE('',*,*,#6284,.T.);
#6284 = EDGE_CURVE('',#6249,#6285,#6287,.T.);
#6285 = VERTEX_POINT('',#6286);
#6286 = CARTESIAN_POINT('',(-3.776527830411,5.102999367,-11.57835249225)
  );
#6287 = B_SPLINE_CURVE_WITH_KNOTS('',3,(#6288,#6289,#6290,#6291),
  .UNSPECIFIED.,.F.,.F.,(4,4),(0.E+000,1.),.PIECEWISE_BEZIER_KNOTS.);
#6288 = CARTESIAN_POINT('',(-3.728792186312,5.102999367,-11.56286720288)
  );
#6289 = CARTESIAN_POINT('',(-3.741525957324,5.102999367,-11.5748331083)
  );
#6290 = CARTESIAN_POINT('',(-3.759058888266,5.102999367,-11.58059210022)
  );
#6291 = CARTESIAN_POINT('',(-3.776527830411,5.102999367,-11.57835249225)
  );
#6292 = ORIENTED_EDGE('',*,*,#6293,.F.);
#6293 = EDGE_CURVE('',#6294,#6285,#6296,.T.);
#6294 = VERTEX_POINT('',#6295);
#6295 = CARTESIAN_POINT('',(-3.776527830411,5.099999367,-11.57835249225)
  );
#6296 = B_SPLINE_CURVE_WITH_KNOTS('',1,(#6297,#6298),.UNSPECIFIED.,.F.,
  .F.,(2,2),(0.E+000,3.E-003),.PIECEWISE_BEZIER_KNOTS.);
#6297 = CARTESIAN_POINT('',(-3.776527830411,5.099999367,-11.57835249225)
  );
#6298 = CARTESIAN_POINT('',(-3.776527830411,5.102999367,-11.57835249225)
  );
#6299 = ORIENTED_EDGE('',*,*,#6300,.F.);
#6300 = EDGE_CURVE('',#6258,#6294,#6301,.T.);
#6301 = B_SPLINE_CURVE_WITH_KNOTS('',3,(#6302,#6303,#6304,#6305),
  .UNSPECIFIED.,.F.,.F.,(4,4),(0.E+000,1.),.PIECEWISE_BEZIER_KNOTS.);
#6302 = CARTESIAN_POINT('',(-3.728792186312,5.099999367,-11.56286720288)
  );
#6303 = CARTESIAN_POINT('',(-3.741525957324,5.099999367,-11.5748331083)
  );
#6304 = CARTESIAN_POINT('',(-3.759058888266,5.099999367,-11.58059210022)
  );
#6305 = CARTESIAN_POINT('',(-3.776527830411,5.099999367,-11.57835249225)
  );
#6306 = B_SPLINE_SURFACE_WITH_KNOTS('',3,1,(
    (#6307,#6308)
    ,(#6309,#6310)
    ,(#6311,#6312)
    ,(#6313,#6314
    )),.UNSPECIFIED.,.F.,.F.,.F.,(4,4),(2,2),(0.E+000,1.),(-3.E-003,
    0.E+000),.PIECEWISE_BEZIER_KNOTS.);
#6307 = CARTESIAN_POINT('',(-3.728792186312,5.102999367,-11.56286720288)
  );
#6308 = CARTESIAN_POINT('',(-3.728792186312,5.099999367,-11.56286720288)
  );
#6309 = CARTESIAN_POINT('',(-3.741525957324,5.102999367,-11.5748331083)
  );
#6310 = CARTESIAN_POINT('',(-3.741525957324,5.099999367,-11.5748331083)
  );
#6311 = CARTESIAN_POINT('',(-3.759058888266,5.102999367,-11.58059210022)
  );
#6312 = CARTESIAN_POINT('',(-3.759058888266,5.099999367,-11.58059210022)
  );
#6313 = CARTESIAN_POINT('',(-3.776527830411,5.102999367,-11.57835249225)
  );
#6314 = CARTESIAN_POINT('',(-3.776527830411,5.099999367,-11.57835249225)
  );
#6315 = ADVANCED_FACE('',(#6316),#6342,.F.);
#6316 = FACE_BOUND('',#6317,.F.);
#6317 = EDGE_LOOP('',(#6318,#6319,#6328,#6335));
#6318 = ORIENTED_EDGE('',*,*,#6293,.T.);
#6319 = ORIENTED_EDGE('',*,*,#6320,.T.);
#6320 = EDGE_CURVE('',#6285,#6321,#6323,.T.);
#6321 = VERTEX_POINT('',#6322);
#6322 = CARTESIAN_POINT('',(-3.836549323928,5.102999367,-11.55134921905)
  );
#6323 = B_SPLINE_CURVE_WITH_KNOTS('',3,(#6324,#6325,#6326,#6327),
  .UNSPECIFIED.,.F.,.F.,(4,4),(0.E+000,1.),.PIECEWISE_BEZIER_KNOTS.);
#6324 = CARTESIAN_POINT('',(-3.776527830411,5.102999367,-11.57835249225)
  );
#6325 = CARTESIAN_POINT('',(-3.799307842875,5.102999367,-11.57707271627)
  );
#6326 = CARTESIAN_POINT('',(-3.820552124162,5.102999367,-11.56760237401)
  );
#6327 = CARTESIAN_POINT('',(-3.836549323928,5.102999367,-11.55134921905)
  );
#6328 = ORIENTED_EDGE('',*,*,#6329,.F.);
#6329 = EDGE_CURVE('',#6330,#6321,#6332,.T.);
#6330 = VERTEX_POINT('',#6331);
#6331 = CARTESIAN_POINT('',(-3.836549323928,5.099999367,-11.55134921905)
  );
#6332 = B_SPLINE_CURVE_WITH_KNOTS('',1,(#6333,#6334),.UNSPECIFIED.,.F.,
  .F.,(2,2),(0.E+000,3.E-003),.PIECEWISE_BEZIER_KNOTS.);
#6333 = CARTESIAN_POINT('',(-3.836549323928,5.099999367,-11.55134921905)
  );
#6334 = CARTESIAN_POINT('',(-3.836549323928,5.102999367,-11.55134921905)
  );
#6335 = ORIENTED_EDGE('',*,*,#6336,.F.);
#6336 = EDGE_CURVE('',#6294,#6330,#6337,.T.);
#6337 = B_SPLINE_CURVE_WITH_KNOTS('',3,(#6338,#6339,#6340,#6341),
  .UNSPECIFIED.,.F.,.F.,(4,4),(0.E+000,1.),.PIECEWISE_BEZIER_KNOTS.);
#6338 = CARTESIAN_POINT('',(-3.776527830411,5.099999367,-11.57835249225)
  );
#6339 = CARTESIAN_POINT('',(-3.799307842875,5.099999367,-11.57707271627)
  );
#6340 = CARTESIAN_POINT('',(-3.820552124162,5.099999367,-11.56760237401)
  );
#6341 = CARTESIAN_POINT('',(-3.836549323928,5.099999367,-11.55134921905)
  );
#6342 = B_SPLINE_SURFACE_WITH_KNOTS('',3,1,(
    (#6343,#6344)
    ,(#6345,#6346)
    ,(#6347,#6348)
    ,(#6349,#6350
    )),.UNSPECIFIED.,.F.,.F.,.F.,(4,4),(2,2),(0.E+000,1.),(-3.E-003,
    0.E+000),.PIECEWISE_BEZIER_KNOTS.);
#6343 = CARTESIAN_POINT('',(-3.776527830411,5.102999367,-11.57835249225)
  );
#6344 = CARTESIAN_POINT('',(-3.776527830411,5.099999367,-11.57835249225)
  );
#6345 = CARTESIAN_POINT('',(-3.799307842875,5.102999367,-11.57707271627)
  );
#6346 = CARTESIAN_POINT('',(-3.799307842875,5.099999367,-11.57707271627)
  );
#6347 = CARTESIAN_POINT('',(-3.820552124162,5.102999367,-11.56760237401)
  );
#6348 = CARTESIAN_POINT('',(-3.820552124162,5.099999367,-11.56760237401)
  );
#6349 = CARTESIAN_POINT('',(-3.836549323928,5.102999367,-11.55134921905)
  );
#6350 = CARTESIAN_POINT('',(-3.836549323928,5.099999367,-11.55134921905)
  );
#6351 = ADVANCED_FACE('',(#6352),#6374,.F.);
#6352 = FACE_BOUND('',#6353,.F.);
#6353 = EDGE_LOOP('',(#6354,#6355,#6362,#6369));
#6354 = ORIENTED_EDGE('',*,*,#6329,.T.);
#6355 = ORIENTED_EDGE('',*,*,#6356,.T.);
#6356 = EDGE_CURVE('',#6321,#6357,#6359,.T.);
#6357 = VERTEX_POINT('',#6358);
#6358 = CARTESIAN_POINT('',(-3.829766511227,5.102999367,-11.57835249225)
  );
#6359 = B_SPLINE_CURVE_WITH_KNOTS('',1,(#6360,#6361),.UNSPECIFIED.,.F.,
  .F.,(2,2),(0.E+000,0.543886477126),.PIECEWISE_BEZIER_KNOTS.);
#6360 = CARTESIAN_POINT('',(-3.836549323928,5.102999367,-11.55134921905)
  );
#6361 = CARTESIAN_POINT('',(-3.829766511227,5.102999367,-11.57835249225)
  );
#6362 = ORIENTED_EDGE('',*,*,#6363,.F.);
#6363 = EDGE_CURVE('',#6364,#6357,#6366,.T.);
#6364 = VERTEX_POINT('',#6365);
#6365 = CARTESIAN_POINT('',(-3.829766511227,5.099999367,-11.57835249225)
  );
#6366 = B_SPLINE_CURVE_WITH_KNOTS('',1,(#6367,#6368),.UNSPECIFIED.,.F.,
  .F.,(2,2),(0.E+000,3.E-003),.PIECEWISE_BEZIER_KNOTS.);
#6367 = CARTESIAN_POINT('',(-3.829766511227,5.099999367,-11.57835249225)
  );
#6368 = CARTESIAN_POINT('',(-3.829766511227,5.102999367,-11.57835249225)
  );
#6369 = ORIENTED_EDGE('',*,*,#6370,.F.);
#6370 = EDGE_CURVE('',#6330,#6364,#6371,.T.);
#6371 = B_SPLINE_CURVE_WITH_KNOTS('',1,(#6372,#6373),.UNSPECIFIED.,.F.,
  .F.,(2,2),(0.E+000,0.543886477126),.PIECEWISE_BEZIER_KNOTS.);
#6372 = CARTESIAN_POINT('',(-3.836549323928,5.099999367,-11.55134921905)
  );
#6373 = CARTESIAN_POINT('',(-3.829766511227,5.099999367,-11.57835249225)
  );
#6374 = B_SPLINE_SURFACE_WITH_KNOTS('',1,1,(
    (#6375,#6376)
    ,(#6377,#6378
    )),.UNSPECIFIED.,.F.,.F.,.F.,(2,2),(2,2),(0.E+000,0.543886477126),(
    -3.E-003,0.E+000),.PIECEWISE_BEZIER_KNOTS.);
#6375 = CARTESIAN_POINT('',(-3.836549323928,5.102999367,-11.55134921905)
  );
#6376 = CARTESIAN_POINT('',(-3.836549323928,5.099999367,-11.55134921905)
  );
#6377 = CARTESIAN_POINT('',(-3.829766511227,5.102999367,-11.57835249225)
  );
#6378 = CARTESIAN_POINT('',(-3.829766511227,5.099999367,-11.57835249225)
  );
#6379 = ADVANCED_FACE('',(#6380),#6402,.F.);
#6380 = FACE_BOUND('',#6381,.F.);
#6381 = EDGE_LOOP('',(#6382,#6383,#6390,#6397));
#6382 = ORIENTED_EDGE('',*,*,#6363,.T.);
#6383 = ORIENTED_EDGE('',*,*,#6384,.T.);
#6384 = EDGE_CURVE('',#6357,#6385,#6387,.T.);
#6385 = VERTEX_POINT('',#6386);
#6386 = CARTESIAN_POINT('',(-3.892283567908,5.102999367,-11.57835249225)
  );
#6387 = B_SPLINE_CURVE_WITH_KNOTS('',1,(#6388,#6389),.UNSPECIFIED.,.F.,
  .F.,(2,2),(0.E+000,1.22125),.PIECEWISE_BEZIER_KNOTS.);
#6388 = CARTESIAN_POINT('',(-3.829766511227,5.102999367,-11.57835249225)
  );
#6389 = CARTESIAN_POINT('',(-3.892283567908,5.102999367,-11.57835249225)
  );
#6390 = ORIENTED_EDGE('',*,*,#6391,.F.);
#6391 = EDGE_CURVE('',#6392,#6385,#6394,.T.);
#6392 = VERTEX_POINT('',#6393);
#6393 = CARTESIAN_POINT('',(-3.892283567908,5.099999367,-11.57835249225)
  );
#6394 = B_SPLINE_CURVE_WITH_KNOTS('',1,(#6395,#6396),.UNSPECIFIED.,.F.,
  .F.,(2,2),(0.E+000,3.E-003),.PIECEWISE_BEZIER_KNOTS.);
#6395 = CARTESIAN_POINT('',(-3.892283567908,5.099999367,-11.57835249225)
  );
#6396 = CARTESIAN_POINT('',(-3.892283567908,5.102999367,-11.57835249225)
  );
#6397 = ORIENTED_EDGE('',*,*,#6398,.F.);
#6398 = EDGE_CURVE('',#6364,#6392,#6399,.T.);
#6399 = B_SPLINE_CURVE_WITH_KNOTS('',1,(#6400,#6401),.UNSPECIFIED.,.F.,
  .F.,(2,2),(0.E+000,1.22125),.PIECEWISE_BEZIER_KNOTS.);
#6400 = CARTESIAN_POINT('',(-3.829766511227,5.099999367,-11.57835249225)
  );
#6401 = CARTESIAN_POINT('',(-3.892283567908,5.099999367,-11.57835249225)
  );
#6402 = B_SPLINE_SURFACE_WITH_KNOTS('',1,1,(
    (#6403,#6404)
    ,(#6405,#6406
    )),.UNSPECIFIED.,.F.,.F.,.F.,(2,2),(2,2),(0.E+000,1.22125),(-3.E-003
    ,0.E+000),.PIECEWISE_BEZIER_KNOTS.);
#6403 = CARTESIAN_POINT('',(-3.829766511227,5.102999367,-11.57835249225)
  );
#6404 = CARTESIAN_POINT('',(-3.829766511227,5.099999367,-11.57835249225)
  );
#6405 = CARTESIAN_POINT('',(-3.892283567908,5.102999367,-11.57835249225)
  );
#6406 = CARTESIAN_POINT('',(-3.892283567908,5.099999367,-11.57835249225)
  );
#6407 = ADVANCED_FACE('',(#6408),#6422,.F.);
#6408 = FACE_BOUND('',#6409,.F.);
#6409 = EDGE_LOOP('',(#6410,#6411,#6416,#6417));
#6410 = ORIENTED_EDGE('',*,*,#6391,.T.);
#6411 = ORIENTED_EDGE('',*,*,#6412,.T.);
#6412 = EDGE_CURVE('',#6385,#5922,#6413,.T.);
#6413 = B_SPLINE_CURVE_WITH_KNOTS('',1,(#6414,#6415),.UNSPECIFIED.,.F.,
  .F.,(2,2),(0.E+000,4.489070929769),.PIECEWISE_BEZIER_KNOTS.);
#6414 = CARTESIAN_POINT('',(-3.892283567908,5.102999367,-11.57835249225)
  );
#6415 = CARTESIAN_POINT('',(-3.950769330248,5.102999367,-11.35611939312)
  );
#6416 = ORIENTED_EDGE('',*,*,#5919,.F.);
#6417 = ORIENTED_EDGE('',*,*,#6418,.F.);
#6418 = EDGE_CURVE('',#6392,#5920,#6419,.T.);
#6419 = B_SPLINE_CURVE_WITH_KNOTS('',1,(#6420,#6421),.UNSPECIFIED.,.F.,
  .F.,(2,2),(0.E+000,4.489070929769),.PIECEWISE_BEZIER_KNOTS.);
#6420 = CARTESIAN_POINT('',(-3.892283567908,5.099999367,-11.57835249225)
  );
#6421 = CARTESIAN_POINT('',(-3.950769330248,5.099999367,-11.35611939312)
  );
#6422 = B_SPLINE_SURFACE_WITH_KNOTS('',1,1,(
    (#6423,#6424)
    ,(#6425,#6426
    )),.UNSPECIFIED.,.F.,.F.,.F.,(2,2),(2,2),(0.E+000,4.489070929769),(
    -3.E-003,0.E+000),.PIECEWISE_BEZIER_KNOTS.);
#6423 = CARTESIAN_POINT('',(-3.892283567908,5.102999367,-11.57835249225)
  );
#6424 = CARTESIAN_POINT('',(-3.892283567908,5.099999367,-11.57835249225)
  );
#6425 = CARTESIAN_POINT('',(-3.950769330248,5.102999367,-11.35611939312)
  );
#6426 = CARTESIAN_POINT('',(-3.950769330248,5.099999367,-11.35611939312)
  );
#6427 = ADVANCED_FACE('',(#6428),#6446,.F.);
#6428 = FACE_BOUND('',#6429,.F.);
#6429 = EDGE_LOOP('',(#6430,#6431,#6432,#6433,#6434,#6435,#6436,#6437,
    #6438,#6439,#6440,#6441,#6442,#6443,#6444,#6445));
#6430 = ORIENTED_EDGE('',*,*,#5942,.T.);
#6431 = ORIENTED_EDGE('',*,*,#5970,.T.);
#6432 = ORIENTED_EDGE('',*,*,#6000,.T.);
#6433 = ORIENTED_EDGE('',*,*,#6036,.T.);
#6434 = ORIENTED_EDGE('',*,*,#6072,.T.);
#6435 = ORIENTED_EDGE('',*,*,#6108,.T.);
#6436 = ORIENTED_EDGE('',*,*,#6142,.T.);
#6437 = ORIENTED_EDGE('',*,*,#6170,.T.);
#6438 = ORIENTED_EDGE('',*,*,#6198,.T.);
#6439 = ORIENTED_EDGE('',*,*,#6228,.T.);
#6440 = ORIENTED_EDGE('',*,*,#6264,.T.);
#6441 = ORIENTED_EDGE('',*,*,#6300,.T.);
#6442 = ORIENTED_EDGE('',*,*,#6336,.T.);
#6443 = ORIENTED_EDGE('',*,*,#6370,.T.);
#6444 = ORIENTED_EDGE('',*,*,#6398,.T.);
#6445 = ORIENTED_EDGE('',*,*,#6418,.T.);
#6446 = B_SPLINE_SURFACE_WITH_KNOTS('',1,1,(
    (#6447,#6448)
    ,(#6449,#6450
    )),.UNSPECIFIED.,.F.,.F.,.F.,(2,2),(2,2),(5.416928991585,
    15.010170374337),(-36.26814015341,-27.3604930463),
  .PIECEWISE_BEZIER_KNOTS.);
#6447 = CARTESIAN_POINT('',(-3.950769330248,5.099999367,-11.35611939312)
  );
#6448 = CARTESIAN_POINT('',(-3.950769330248,5.099999367,-11.58059210022)
  );
#6449 = CARTESIAN_POINT('',(-3.709019647402,5.099999367,-11.35611939312)
  );
#6450 = CARTESIAN_POINT('',(-3.709019647402,5.099999367,-11.58059210022)
  );
#6451 = ADVANCED_FACE('',(#6452),#6470,.T.);
#6452 = FACE_BOUND('',#6453,.T.);
#6453 = EDGE_LOOP('',(#6454,#6455,#6456,#6457,#6458,#6459,#6460,#6461,
    #6462,#6463,#6464,#6465,#6466,#6467,#6468,#6469));
#6454 = ORIENTED_EDGE('',*,*,#5928,.T.);
#6455 = ORIENTED_EDGE('',*,*,#5956,.T.);
#6456 = ORIENTED_EDGE('',*,*,#5984,.T.);
#6457 = ORIENTED_EDGE('',*,*,#6020,.T.);
#6458 = ORIENTED_EDGE('',*,*,#6056,.T.);
#6459 = ORIENTED_EDGE('',*,*,#6092,.T.);
#6460 = ORIENTED_EDGE('',*,*,#6128,.T.);
#6461 = ORIENTED_EDGE('',*,*,#6156,.T.);
#6462 = ORIENTED_EDGE('',*,*,#6184,.T.);
#6463 = ORIENTED_EDGE('',*,*,#6212,.T.);
#6464 = ORIENTED_EDGE('',*,*,#6248,.T.);
#6465 = ORIENTED_EDGE('',*,*,#6284,.T.);
#6466 = ORIENTED_EDGE('',*,*,#6320,.T.);
#6467 = ORIENTED_EDGE('',*,*,#6356,.T.);
#6468 = ORIENTED_EDGE('',*,*,#6384,.T.);
#6469 = ORIENTED_EDGE('',*,*,#6412,.T.);
#6470 = B_SPLINE_SURFACE_WITH_KNOTS('',1,1,(
    (#6471,#6472)
    ,(#6473,#6474
    )),.UNSPECIFIED.,.F.,.F.,.F.,(2,2),(2,2),(5.416928991585,
    15.010170374337),(-36.26814015341,-27.3604930463),
  .PIECEWISE_BEZIER_KNOTS.);
#6471 = CARTESIAN_POINT('',(-3.950769330248,5.102999367,-11.35611939312)
  );
#6472 = CARTESIAN_POINT('',(-3.950769330248,5.102999367,-11.58059210022)
  );
#6473 = CARTESIAN_POINT('',(-3.709019647402,5.102999367,-11.35611939312)
  );
#6474 = CARTESIAN_POINT('',(-3.709019647402,5.102999367,-11.58059210022)
  );
#6475 = MANIFOLD_SOLID_BREP('',#6476);
#6476 = CLOSED_SHELL('',(#6477,#6521,#6557,#6593,#6629,#6665,#6701,#6721
    ,#6765,#6801,#6837,#6873,#6909,#6945,#6965,#6989));
#6477 = ADVANCED_FACE('',(#6478),#6512,.F.);
#6478 = FACE_BOUND('',#6479,.F.);
#6479 = EDGE_LOOP('',(#6480,#6489,#6498,#6505));
#6480 = ORIENTED_EDGE('',*,*,#6481,.T.);
#6481 = EDGE_CURVE('',#6482,#6484,#6486,.T.);
#6482 = VERTEX_POINT('',#6483);
#6483 = CARTESIAN_POINT('',(-4.339439855285,5.099999367,-11.3508723116)
  );
#6484 = VERTEX_POINT('',#6485);
#6485 = CARTESIAN_POINT('',(-4.339439855285,5.102999367,-11.3508723116)
  );
#6486 = B_SPLINE_CURVE_WITH_KNOTS('',1,(#6487,#6488),.UNSPECIFIED.,.F.,
  .F.,(2,2),(0.E+000,3.E-003),.PIECEWISE_BEZIER_KNOTS.);
#6487 = CARTESIAN_POINT('',(-4.339439855285,5.099999367,-11.3508723116)
  );
#6488 = CARTESIAN_POINT('',(-4.339439855285,5.102999367,-11.3508723116)
  );
#6489 = ORIENTED_EDGE('',*,*,#6490,.T.);
#6490 = EDGE_CURVE('',#6484,#6491,#6493,.T.);
#6491 = VERTEX_POINT('',#6492);
#6492 = CARTESIAN_POINT('',(-4.212742033148,5.102999367,-11.47763412253)
  );
#6493 = B_SPLINE_CURVE_WITH_KNOTS('',3,(#6494,#6495,#6496,#6497),
  .UNSPECIFIED.,.F.,.F.,(4,4),(0.E+000,1.),.PIECEWISE_BEZIER_KNOTS.);
#6494 = CARTESIAN_POINT('',(-4.339439855285,5.102999367,-11.3508723116)
  );
#6495 = CARTESIAN_POINT('',(-4.270203974703,5.102999367,-11.35240804278)
  );
#6496 = CARTESIAN_POINT('',(-4.214213775525,5.102999367,-11.40814228676)
  );
#6497 = CARTESIAN_POINT('',(-4.212742033148,5.102999367,-11.47763412253)
  );
#6498 = ORIENTED_EDGE('',*,*,#6499,.F.);
#6499 = EDGE_CURVE('',#6500,#6491,#6502,.T.);
#6500 = VERTEX_POINT('',#6501);
#6501 = CARTESIAN_POINT('',(-4.212742033148,5.099999367,-11.47763412253)
  );
#6502 = B_SPLINE_CURVE_WITH_KNOTS('',1,(#6503,#6504),.UNSPECIFIED.,.F.,
  .F.,(2,2),(0.E+000,3.E-003),.PIECEWISE_BEZIER_KNOTS.);
#6503 = CARTESIAN_POINT('',(-4.212742033148,5.099999367,-11.47763412253)
  );
#6504 = CARTESIAN_POINT('',(-4.212742033148,5.102999367,-11.47763412253)
  );
#6505 = ORIENTED_EDGE('',*,*,#6506,.F.);
#6506 = EDGE_CURVE('',#6482,#6500,#6507,.T.);
#6507 = B_SPLINE_CURVE_WITH_KNOTS('',3,(#6508,#6509,#6510,#6511),
  .UNSPECIFIED.,.F.,.F.,(4,4),(0.E+000,1.),.PIECEWISE_BEZIER_KNOTS.);
#6508 = CARTESIAN_POINT('',(-4.339439855285,5.099999367,-11.3508723116)
  );
#6509 = CARTESIAN_POINT('',(-4.270203974703,5.099999367,-11.35240804278)
  );
#6510 = CARTESIAN_POINT('',(-4.214213775525,5.099999367,-11.40814228676)
  );
#6511 = CARTESIAN_POINT('',(-4.212742033148,5.099999367,-11.47763412253)
  );
#6512 = B_SPLINE_SURFACE_WITH_KNOTS('',3,1,(
    (#6513,#6514)
    ,(#6515,#6516)
    ,(#6517,#6518)
    ,(#6519,#6520
    )),.UNSPECIFIED.,.F.,.F.,.F.,(4,4),(2,2),(0.E+000,1.),(-3.E-003,
    0.E+000),.PIECEWISE_BEZIER_KNOTS.);
#6513 = CARTESIAN_POINT('',(-4.339439855285,5.102999367,-11.3508723116)
  );
#6514 = CARTESIAN_POINT('',(-4.339439855285,5.099999367,-11.3508723116)
  );
#6515 = CARTESIAN_POINT('',(-4.270203974703,5.102999367,-11.35240804278)
  );
#6516 = CARTESIAN_POINT('',(-4.270203974703,5.099999367,-11.35240804278)
  );
#6517 = CARTESIAN_POINT('',(-4.214213775525,5.102999367,-11.40814228676)
  );
#6518 = CARTESIAN_POINT('',(-4.214213775525,5.099999367,-11.40814228676)
  );
#6519 = CARTESIAN_POINT('',(-4.212742033148,5.102999367,-11.47763412253)
  );
#6520 = CARTESIAN_POINT('',(-4.212742033148,5.099999367,-11.47763412253)
  );
#6521 = ADVANCED_FACE('',(#6522),#6548,.F.);
#6522 = FACE_BOUND('',#6523,.F.);
#6523 = EDGE_LOOP('',(#6524,#6525,#6534,#6541));
#6524 = ORIENTED_EDGE('',*,*,#6499,.T.);
#6525 = ORIENTED_EDGE('',*,*,#6526,.T.);
#6526 = EDGE_CURVE('',#6491,#6527,#6529,.T.);
#6527 = VERTEX_POINT('',#6528);
#6528 = CARTESIAN_POINT('',(-4.242176880716,5.102999367,-11.55211708464)
  );
#6529 = B_SPLINE_CURVE_WITH_KNOTS('',3,(#6530,#6531,#6532,#6533),
  .UNSPECIFIED.,.F.,.F.,(4,4),(0.E+000,1.),.PIECEWISE_BEZIER_KNOTS.);
#6530 = CARTESIAN_POINT('',(-4.212742033148,5.102999367,-11.47763412253)
  );
#6531 = CARTESIAN_POINT('',(-4.21120630197,5.102999367,-11.50559722772)
  );
#6532 = CARTESIAN_POINT('',(-4.221956420213,5.102999367,-11.53260050093)
  );
#6533 = CARTESIAN_POINT('',(-4.242176880716,5.102999367,-11.55211708464)
  );
#6534 = ORIENTED_EDGE('',*,*,#6535,.F.);
#6535 = EDGE_CURVE('',#6536,#6527,#6538,.T.);
#6536 = VERTEX_POINT('',#6537);
#6537 = CARTESIAN_POINT('',(-4.242176880716,5.099999367,-11.55211708464)
  );
#6538 = B_SPLINE_CURVE_WITH_KNOTS('',1,(#6539,#6540),.UNSPECIFIED.,.F.,
  .F.,(2,2),(0.E+000,3.E-003),.PIECEWISE_BEZIER_KNOTS.);
#6539 = CARTESIAN_POINT('',(-4.242176880716,5.099999367,-11.55211708464)
  );
#6540 = CARTESIAN_POINT('',(-4.242176880716,5.102999367,-11.55211708464)
  );
#6541 = ORIENTED_EDGE('',*,*,#6542,.F.);
#6542 = EDGE_CURVE('',#6500,#6536,#6543,.T.);
#6543 = B_SPLINE_CURVE_WITH_KNOTS('',3,(#6544,#6545,#6546,#6547),
  .UNSPECIFIED.,.F.,.F.,(4,4),(0.E+000,1.),.PIECEWISE_BEZIER_KNOTS.);
#6544 = CARTESIAN_POINT('',(-4.212742033148,5.099999367,-11.47763412253)
  );
#6545 = CARTESIAN_POINT('',(-4.21120630197,5.099999367,-11.50559722772)
  );
#6546 = CARTESIAN_POINT('',(-4.221956420213,5.099999367,-11.53260050093)
  );
#6547 = CARTESIAN_POINT('',(-4.242176880716,5.099999367,-11.55211708464)
  );
#6548 = B_SPLINE_SURFACE_WITH_KNOTS('',3,1,(
    (#6549,#6550)
    ,(#6551,#6552)
    ,(#6553,#6554)
    ,(#6555,#6556
    )),.UNSPECIFIED.,.F.,.F.,.F.,(4,4),(2,2),(0.E+000,1.),(-3.E-003,
    0.E+000),.PIECEWISE_BEZIER_KNOTS.);
#6549 = CARTESIAN_POINT('',(-4.212742033148,5.102999367,-11.47763412253)
  );
#6550 = CARTESIAN_POINT('',(-4.212742033148,5.099999367,-11.47763412253)
  );
#6551 = CARTESIAN_POINT('',(-4.21120630197,5.102999367,-11.50559722772)
  );
#6552 = CARTESIAN_POINT('',(-4.21120630197,5.099999367,-11.50559722772)
  );
#6553 = CARTESIAN_POINT('',(-4.221956420213,5.102999367,-11.53260050093)
  );
#6554 = CARTESIAN_POINT('',(-4.221956420213,5.099999367,-11.53260050093)
  );
#6555 = CARTESIAN_POINT('',(-4.242176880716,5.102999367,-11.55211708464)
  );
#6556 = CARTESIAN_POINT('',(-4.242176880716,5.099999367,-11.55211708464)
  );
#6557 = ADVANCED_FACE('',(#6558),#6584,.F.);
#6558 = FACE_BOUND('',#6559,.F.);
#6559 = EDGE_LOOP('',(#6560,#6561,#6570,#6577));
#6560 = ORIENTED_EDGE('',*,*,#6535,.T.);
#6561 = ORIENTED_EDGE('',*,*,#6562,.T.);
#6562 = EDGE_CURVE('',#6527,#6563,#6565,.T.);
#6563 = VERTEX_POINT('',#6564);
#6564 = CARTESIAN_POINT('',(-4.317939618801,5.102999367,-11.57835249225)
  );
#6565 = B_SPLINE_CURVE_WITH_KNOTS('',3,(#6566,#6567,#6568,#6569),
  .UNSPECIFIED.,.F.,.F.,(4,4),(0.E+000,1.),.PIECEWISE_BEZIER_KNOTS.);
#6566 = CARTESIAN_POINT('',(-4.242176880716,5.102999367,-11.55211708464)
  );
#6567 = CARTESIAN_POINT('',(-4.262461330017,5.102999367,-11.57137771315)
  );
#6568 = CARTESIAN_POINT('',(-4.289976513612,5.102999367,-11.58110401061)
  );
#6569 = CARTESIAN_POINT('',(-4.317939618801,5.102999367,-11.57835249225)
  );
#6570 = ORIENTED_EDGE('',*,*,#6571,.F.);
#6571 = EDGE_CURVE('',#6572,#6563,#6574,.T.);
#6572 = VERTEX_POINT('',#6573);
#6573 = CARTESIAN_POINT('',(-4.317939618801,5.099999367,-11.57835249225)
  );
#6574 = B_SPLINE_CURVE_WITH_KNOTS('',1,(#6575,#6576),.UNSPECIFIED.,.F.,
  .F.,(2,2),(0.E+000,3.E-003),.PIECEWISE_BEZIER_KNOTS.);
#6575 = CARTESIAN_POINT('',(-4.317939618801,5.099999367,-11.57835249225)
  );
#6576 = CARTESIAN_POINT('',(-4.317939618801,5.102999367,-11.57835249225)
  );
#6577 = ORIENTED_EDGE('',*,*,#6578,.F.);
#6578 = EDGE_CURVE('',#6536,#6572,#6579,.T.);
#6579 = B_SPLINE_CURVE_WITH_KNOTS('',3,(#6580,#6581,#6582,#6583),
  .UNSPECIFIED.,.F.,.F.,(4,4),(0.E+000,1.),.PIECEWISE_BEZIER_KNOTS.);
#6580 = CARTESIAN_POINT('',(-4.242176880716,5.099999367,-11.55211708464)
  );
#6581 = CARTESIAN_POINT('',(-4.262461330017,5.099999367,-11.57137771315)
  );
#6582 = CARTESIAN_POINT('',(-4.289976513612,5.099999367,-11.58110401061)
  );
#6583 = CARTESIAN_POINT('',(-4.317939618801,5.099999367,-11.57835249225)
  );
#6584 = B_SPLINE_SURFACE_WITH_KNOTS('',3,1,(
    (#6585,#6586)
    ,(#6587,#6588)
    ,(#6589,#6590)
    ,(#6591,#6592
    )),.UNSPECIFIED.,.F.,.F.,.F.,(4,4),(2,2),(0.E+000,1.),(-3.E-003,
    0.E+000),.PIECEWISE_BEZIER_KNOTS.);
#6585 = CARTESIAN_POINT('',(-4.242176880716,5.102999367,-11.55211708464)
  );
#6586 = CARTESIAN_POINT('',(-4.242176880716,5.099999367,-11.55211708464)
  );
#6587 = CARTESIAN_POINT('',(-4.262461330017,5.102999367,-11.57137771315)
  );
#6588 = CARTESIAN_POINT('',(-4.262461330017,5.099999367,-11.57137771315)
  );
#6589 = CARTESIAN_POINT('',(-4.289976513612,5.102999367,-11.58110401061)
  );
#6590 = CARTESIAN_POINT('',(-4.289976513612,5.099999367,-11.58110401061)
  );
#6591 = CARTESIAN_POINT('',(-4.317939618801,5.102999367,-11.57835249225)
  );
#6592 = CARTESIAN_POINT('',(-4.317939618801,5.099999367,-11.57835249225)
  );
#6593 = ADVANCED_FACE('',(#6594),#6620,.F.);
#6594 = FACE_BOUND('',#6595,.F.);
#6595 = EDGE_LOOP('',(#6596,#6597,#6606,#6613));
#6596 = ORIENTED_EDGE('',*,*,#6571,.T.);
#6597 = ORIENTED_EDGE('',*,*,#6598,.T.);
#6598 = EDGE_CURVE('',#6563,#6599,#6601,.T.);
#6599 = VERTEX_POINT('',#6600);
#6600 = CARTESIAN_POINT('',(-4.444701429737,5.102999367,-11.45165467012)
  );
#6601 = B_SPLINE_CURVE_WITH_KNOTS('',3,(#6602,#6603,#6604,#6605),
  .UNSPECIFIED.,.F.,.F.,(4,4),(0.E+000,1.),.PIECEWISE_BEZIER_KNOTS.);
#6602 = CARTESIAN_POINT('',(-4.317939618801,5.102999367,-11.57835249225)
  );
#6603 = CARTESIAN_POINT('',(-4.387175499383,5.102999367,-11.57687819032)
  );
#6604 = CARTESIAN_POINT('',(-4.442909743364,5.102999367,-11.5208905507)
  );
#6605 = CARTESIAN_POINT('',(-4.444701429737,5.102999367,-11.45165467012)
  );
#6606 = ORIENTED_EDGE('',*,*,#6607,.F.);
#6607 = EDGE_CURVE('',#6608,#6599,#6610,.T.);
#6608 = VERTEX_POINT('',#6609);
#6609 = CARTESIAN_POINT('',(-4.444701429737,5.099999367,-11.45165467012)
  );
#6610 = B_SPLINE_CURVE_WITH_KNOTS('',1,(#6611,#6612),.UNSPECIFIED.,.F.,
  .F.,(2,2),(0.E+000,3.E-003),.PIECEWISE_BEZIER_KNOTS.);
#6611 = CARTESIAN_POINT('',(-4.444701429737,5.099999367,-11.45165467012)
  );
#6612 = CARTESIAN_POINT('',(-4.444701429737,5.102999367,-11.45165467012)
  );
#6613 = ORIENTED_EDGE('',*,*,#6614,.F.);
#6614 = EDGE_CURVE('',#6572,#6608,#6615,.T.);
#6615 = B_SPLINE_CURVE_WITH_KNOTS('',3,(#6616,#6617,#6618,#6619),
  .UNSPECIFIED.,.F.,.F.,(4,4),(0.E+000,1.),.PIECEWISE_BEZIER_KNOTS.);
#6616 = CARTESIAN_POINT('',(-4.317939618801,5.099999367,-11.57835249225)
  );
#6617 = CARTESIAN_POINT('',(-4.387175499383,5.099999367,-11.57687819032)
  );
#6618 = CARTESIAN_POINT('',(-4.442909743364,5.099999367,-11.5208905507)
  );
#6619 = CARTESIAN_POINT('',(-4.444701429737,5.099999367,-11.45165467012)
  );
#6620 = B_SPLINE_SURFACE_WITH_KNOTS('',3,1,(
    (#6621,#6622)
    ,(#6623,#6624)
    ,(#6625,#6626)
    ,(#6627,#6628
    )),.UNSPECIFIED.,.F.,.F.,.F.,(4,4),(2,2),(0.E+000,1.),(-3.E-003,
    0.E+000),.PIECEWISE_BEZIER_KNOTS.);
#6621 = CARTESIAN_POINT('',(-4.317939618801,5.102999367,-11.57835249225)
  );
#6622 = CARTESIAN_POINT('',(-4.317939618801,5.099999367,-11.57835249225)
  );
#6623 = CARTESIAN_POINT('',(-4.387175499383,5.102999367,-11.57687819032)
  );
#6624 = CARTESIAN_POINT('',(-4.387175499383,5.099999367,-11.57687819032)
  );
#6625 = CARTESIAN_POINT('',(-4.442909743364,5.102999367,-11.5208905507)
  );
#6626 = CARTESIAN_POINT('',(-4.442909743364,5.099999367,-11.5208905507)
  );
#6627 = CARTESIAN_POINT('',(-4.444701429737,5.102999367,-11.45165467012)
  );
#6628 = CARTESIAN_POINT('',(-4.444701429737,5.099999367,-11.45165467012)
  );
#6629 = ADVANCED_FACE('',(#6630),#6656,.F.);
#6630 = FACE_BOUND('',#6631,.F.);
#6631 = EDGE_LOOP('',(#6632,#6633,#6642,#6649));
#6632 = ORIENTED_EDGE('',*,*,#6607,.T.);
#6633 = ORIENTED_EDGE('',*,*,#6634,.T.);
#6634 = EDGE_CURVE('',#6599,#6635,#6637,.T.);
#6635 = VERTEX_POINT('',#6636);
#6636 = CARTESIAN_POINT('',(-4.414434727782,5.102999367,-11.3778755848)
  );
#6637 = B_SPLINE_CURVE_WITH_KNOTS('',3,(#6638,#6639,#6640,#6641),
  .UNSPECIFIED.,.F.,.F.,(4,4),(0.E+000,1.),.PIECEWISE_BEZIER_KNOTS.);
#6638 = CARTESIAN_POINT('',(-4.444701429737,5.102999367,-11.45165467012)
  );
#6639 = CARTESIAN_POINT('',(-4.445663821275,5.102999367,-11.42388353132)
  );
#6640 = CARTESIAN_POINT('',(-4.434655188285,5.102999367,-11.39688025812)
  );
#6641 = CARTESIAN_POINT('',(-4.414434727782,5.102999367,-11.3778755848)
  );
#6642 = ORIENTED_EDGE('',*,*,#6643,.F.);
#6643 = EDGE_CURVE('',#6644,#6635,#6646,.T.);
#6644 = VERTEX_POINT('',#6645);
#6645 = CARTESIAN_POINT('',(-4.414434727782,5.099999367,-11.3778755848)
  );
#6646 = B_SPLINE_CURVE_WITH_KNOTS('',1,(#6647,#6648),.UNSPECIFIED.,.F.,
  .F.,(2,2),(0.E+000,3.E-003),.PIECEWISE_BEZIER_KNOTS.);
#6647 = CARTESIAN_POINT('',(-4.414434727782,5.099999367,-11.3778755848)
  );
#6648 = CARTESIAN_POINT('',(-4.414434727782,5.102999367,-11.3778755848)
  );
#6649 = ORIENTED_EDGE('',*,*,#6650,.F.);
#6650 = EDGE_CURVE('',#6608,#6644,#6651,.T.);
#6651 = B_SPLINE_CURVE_WITH_KNOTS('',3,(#6652,#6653,#6654,#6655),
  .UNSPECIFIED.,.F.,.F.,(4,4),(0.E+000,1.),.PIECEWISE_BEZIER_KNOTS.);
#6652 = CARTESIAN_POINT('',(-4.444701429737,5.099999367,-11.45165467012)
  );
#6653 = CARTESIAN_POINT('',(-4.445663821275,5.099999367,-11.42388353132)
  );
#6654 = CARTESIAN_POINT('',(-4.434655188285,5.099999367,-11.39688025812)
  );
#6655 = CARTESIAN_POINT('',(-4.414434727782,5.099999367,-11.3778755848)
  );
#6656 = B_SPLINE_SURFACE_WITH_KNOTS('',3,1,(
    (#6657,#6658)
    ,(#6659,#6660)
    ,(#6661,#6662)
    ,(#6663,#6664
    )),.UNSPECIFIED.,.F.,.F.,.F.,(4,4),(2,2),(0.E+000,1.),(-3.E-003,
    0.E+000),.PIECEWISE_BEZIER_KNOTS.);
#6657 = CARTESIAN_POINT('',(-4.444701429737,5.102999367,-11.45165467012)
  );
#6658 = CARTESIAN_POINT('',(-4.444701429737,5.099999367,-11.45165467012)
  );
#6659 = CARTESIAN_POINT('',(-4.445663821275,5.102999367,-11.42388353132)
  );
#6660 = CARTESIAN_POINT('',(-4.445663821275,5.099999367,-11.42388353132)
  );
#6661 = CARTESIAN_POINT('',(-4.434655188285,5.102999367,-11.39688025812)
  );
#6662 = CARTESIAN_POINT('',(-4.434655188285,5.099999367,-11.39688025812)
  );
#6663 = CARTESIAN_POINT('',(-4.414434727782,5.102999367,-11.3778755848)
  );
#6664 = CARTESIAN_POINT('',(-4.414434727782,5.099999367,-11.3778755848)
  );
#6665 = ADVANCED_FACE('',(#6666),#6692,.F.);
#6666 = FACE_BOUND('',#6667,.F.);
#6667 = EDGE_LOOP('',(#6668,#6669,#6678,#6685));
#6668 = ORIENTED_EDGE('',*,*,#6643,.T.);
#6669 = ORIENTED_EDGE('',*,*,#6670,.T.);
#6670 = EDGE_CURVE('',#6635,#6671,#6673,.T.);
#6671 = VERTEX_POINT('',#6672);
#6672 = CARTESIAN_POINT('',(-4.338927944893,5.102999367,-11.35240804278)
  );
#6673 = B_SPLINE_CURVE_WITH_KNOTS('',3,(#6674,#6675,#6676,#6677),
  .UNSPECIFIED.,.F.,.F.,(4,4),(0.E+000,1.),.PIECEWISE_BEZIER_KNOTS.);
#6674 = CARTESIAN_POINT('',(-4.414434727782,5.102999367,-11.3778755848)
  );
#6675 = CARTESIAN_POINT('',(-4.39421426728,5.102999367,-11.35887091148)
  );
#6676 = CARTESIAN_POINT('',(-4.366699083684,5.102999367,-11.34940056922)
  );
#6677 = CARTESIAN_POINT('',(-4.338927944893,5.102999367,-11.35240804278)
  );
#6678 = ORIENTED_EDGE('',*,*,#6679,.F.);
#6679 = EDGE_CURVE('',#6680,#6671,#6682,.T.);
#6680 = VERTEX_POINT('',#6681);
#6681 = CARTESIAN_POINT('',(-4.338927944893,5.099999367,-11.35240804278)
  );
#6682 = B_SPLINE_CURVE_WITH_KNOTS('',1,(#6683,#6684),.UNSPECIFIED.,.F.,
  .F.,(2,2),(0.E+000,3.E-003),.PIECEWISE_BEZIER_KNOTS.);
#6683 = CARTESIAN_POINT('',(-4.338927944893,5.099999367,-11.35240804278)
  );
#6684 = CARTESIAN_POINT('',(-4.338927944893,5.102999367,-11.35240804278)
  );
#6685 = ORIENTED_EDGE('',*,*,#6686,.F.);
#6686 = EDGE_CURVE('',#6644,#6680,#6687,.T.);
#6687 = B_SPLINE_CURVE_WITH_KNOTS('',3,(#6688,#6689,#6690,#6691),
  .UNSPECIFIED.,.F.,.F.,(4,4),(0.E+000,1.),.PIECEWISE_BEZIER_KNOTS.);
#6688 = CARTESIAN_POINT('',(-4.414434727782,5.099999367,-11.3778755848)
  );
#6689 = CARTESIAN_POINT('',(-4.39421426728,5.099999367,-11.35887091148)
  );
#6690 = CARTESIAN_POINT('',(-4.366699083684,5.099999367,-11.34940056922)
  );
#6691 = CARTESIAN_POINT('',(-4.338927944893,5.099999367,-11.35240804278)
  );
#6692 = B_SPLINE_SURFACE_WITH_KNOTS('',3,1,(
    (#6693,#6694)
    ,(#6695,#6696)
    ,(#6697,#6698)
    ,(#6699,#6700
    )),.UNSPECIFIED.,.F.,.F.,.F.,(4,4),(2,2),(0.E+000,1.),(-3.E-003,
    0.E+000),.PIECEWISE_BEZIER_KNOTS.);
#6693 = CARTESIAN_POINT('',(-4.414434727782,5.102999367,-11.3778755848)
  );
#6694 = CARTESIAN_POINT('',(-4.414434727782,5.099999367,-11.3778755848)
  );
#6695 = CARTESIAN_POINT('',(-4.39421426728,5.102999367,-11.35887091148)
  );
#6696 = CARTESIAN_POINT('',(-4.39421426728,5.099999367,-11.35887091148)
  );
#6697 = CARTESIAN_POINT('',(-4.366699083684,5.102999367,-11.34940056922)
  );
#6698 = CARTESIAN_POINT('',(-4.366699083684,5.099999367,-11.34940056922)
  );
#6699 = CARTESIAN_POINT('',(-4.338927944893,5.102999367,-11.35240804278)
  );
#6700 = CARTESIAN_POINT('',(-4.338927944893,5.099999367,-11.35240804278)
  );
#6701 = ADVANCED_FACE('',(#6702),#6716,.F.);
#6702 = FACE_BOUND('',#6703,.F.);
#6703 = EDGE_LOOP('',(#6704,#6705,#6710,#6711));
#6704 = ORIENTED_EDGE('',*,*,#6679,.T.);
#6705 = ORIENTED_EDGE('',*,*,#6706,.T.);
#6706 = EDGE_CURVE('',#6671,#6484,#6707,.T.);
#6707 = B_SPLINE_CURVE_WITH_KNOTS('',1,(#6708,#6709),.UNSPECIFIED.,.F.,
  .F.,(2,2),(0.E+000,3.162277660169E-002),.PIECEWISE_BEZIER_KNOTS.);
#6708 = CARTESIAN_POINT('',(-4.338927944893,5.102999367,-11.35240804278)
  );
#6709 = CARTESIAN_POINT('',(-4.339439855285,5.102999367,-11.3508723116)
  );
#6710 = ORIENTED_EDGE('',*,*,#6481,.F.);
#6711 = ORIENTED_EDGE('',*,*,#6712,.F.);
#6712 = EDGE_CURVE('',#6680,#6482,#6713,.T.);
#6713 = B_SPLINE_CURVE_WITH_KNOTS('',1,(#6714,#6715),.UNSPECIFIED.,.F.,
  .F.,(2,2),(0.E+000,3.162277660169E-002),.PIECEWISE_BEZIER_KNOTS.);
#6714 = CARTESIAN_POINT('',(-4.338927944893,5.099999367,-11.35240804278)
  );
#6715 = CARTESIAN_POINT('',(-4.339439855285,5.099999367,-11.3508723116)
  );
#6716 = B_SPLINE_SURFACE_WITH_KNOTS('',1,1,(
    (#6717,#6718)
    ,(#6719,#6720
    )),.UNSPECIFIED.,.F.,.F.,.F.,(2,2),(2,2),(0.E+000,
    3.162277660169E-002),(-3.E-003,0.E+000),.PIECEWISE_BEZIER_KNOTS.);
#6717 = CARTESIAN_POINT('',(-4.338927944893,5.102999367,-11.35240804278)
  );
#6718 = CARTESIAN_POINT('',(-4.338927944893,5.099999367,-11.35240804278)
  );
#6719 = CARTESIAN_POINT('',(-4.339439855285,5.102999367,-11.3508723116)
  );
#6720 = CARTESIAN_POINT('',(-4.339439855285,5.099999367,-11.3508723116)
  );
#6721 = ADVANCED_FACE('',(#6722),#6756,.F.);
#6722 = FACE_BOUND('',#6723,.F.);
#6723 = EDGE_LOOP('',(#6724,#6733,#6742,#6749));
#6724 = ORIENTED_EDGE('',*,*,#6725,.T.);
#6725 = EDGE_CURVE('',#6726,#6728,#6730,.T.);
#6726 = VERTEX_POINT('',#6727);
#6727 = CARTESIAN_POINT('',(-4.336685777373,5.099999367,-11.40411099241)
  );
#6728 = VERTEX_POINT('',#6729);
#6729 = CARTESIAN_POINT('',(-4.336685777373,5.102999367,-11.40411099241)
  );
#6730 = B_SPLINE_CURVE_WITH_KNOTS('',1,(#6731,#6732),.UNSPECIFIED.,.F.,
  .F.,(2,2),(0.E+000,3.E-003),.PIECEWISE_BEZIER_KNOTS.);
#6731 = CARTESIAN_POINT('',(-4.336685777373,5.099999367,-11.40411099241)
  );
#6732 = CARTESIAN_POINT('',(-4.336685777373,5.102999367,-11.40411099241)
  );
#6733 = ORIENTED_EDGE('',*,*,#6734,.T.);
#6734 = EDGE_CURVE('',#6728,#6735,#6737,.T.);
#6735 = VERTEX_POINT('',#6736);
#6736 = CARTESIAN_POINT('',(-4.371431695263,5.102999367,-11.41735667382)
  );
#6737 = B_SPLINE_CURVE_WITH_KNOTS('',3,(#6738,#6739,#6740,#6741),
  .UNSPECIFIED.,.F.,.F.,(4,4),(0.E+000,1.),.PIECEWISE_BEZIER_KNOTS.);
#6738 = CARTESIAN_POINT('',(-4.336685777373,5.102999367,-11.40411099241)
  );
#6739 = CARTESIAN_POINT('',(-4.349419548386,5.102999367,-11.40340455607)
  );
#6740 = CARTESIAN_POINT('',(-4.362217308198,5.102999367,-11.4081397272)
  );
#6741 = CARTESIAN_POINT('',(-4.371431695263,5.102999367,-11.41735667382)
  );
#6742 = ORIENTED_EDGE('',*,*,#6743,.F.);
#6743 = EDGE_CURVE('',#6744,#6735,#6746,.T.);
#6744 = VERTEX_POINT('',#6745);
#6745 = CARTESIAN_POINT('',(-4.371431695263,5.099999367,-11.41735667382)
  );
#6746 = B_SPLINE_CURVE_WITH_KNOTS('',1,(#6747,#6748),.UNSPECIFIED.,.F.,
  .F.,(2,2),(0.E+000,3.E-003),.PIECEWISE_BEZIER_KNOTS.);
#6747 = CARTESIAN_POINT('',(-4.371431695263,5.099999367,-11.41735667382)
  );
#6748 = CARTESIAN_POINT('',(-4.371431695263,5.102999367,-11.41735667382)
  );
#6749 = ORIENTED_EDGE('',*,*,#6750,.F.);
#6750 = EDGE_CURVE('',#6726,#6744,#6751,.T.);
#6751 = B_SPLINE_CURVE_WITH_KNOTS('',3,(#6752,#6753,#6754,#6755),
  .UNSPECIFIED.,.F.,.F.,(4,4),(0.E+000,1.),.PIECEWISE_BEZIER_KNOTS.);
#6752 = CARTESIAN_POINT('',(-4.336685777373,5.099999367,-11.40411099241)
  );
#6753 = CARTESIAN_POINT('',(-4.349419548386,5.099999367,-11.40340455607)
  );
#6754 = CARTESIAN_POINT('',(-4.362217308198,5.099999367,-11.4081397272)
  );
#6755 = CARTESIAN_POINT('',(-4.371431695263,5.099999367,-11.41735667382)
  );
#6756 = B_SPLINE_SURFACE_WITH_KNOTS('',3,1,(
    (#6757,#6758)
    ,(#6759,#6760)
    ,(#6761,#6762)
    ,(#6763,#6764
    )),.UNSPECIFIED.,.F.,.F.,.F.,(4,4),(2,2),(0.E+000,1.),(-3.E-003,
    0.E+000),.PIECEWISE_BEZIER_KNOTS.);
#6757 = CARTESIAN_POINT('',(-4.336685777373,5.102999367,-11.40411099241)
  );
#6758 = CARTESIAN_POINT('',(-4.336685777373,5.099999367,-11.40411099241)
  );
#6759 = CARTESIAN_POINT('',(-4.349419548386,5.102999367,-11.40340455607)
  );
#6760 = CARTESIAN_POINT('',(-4.349419548386,5.099999367,-11.40340455607)
  );
#6761 = CARTESIAN_POINT('',(-4.362217308198,5.102999367,-11.4081397272)
  );
#6762 = CARTESIAN_POINT('',(-4.362217308198,5.099999367,-11.4081397272)
  );
#6763 = CARTESIAN_POINT('',(-4.371431695263,5.102999367,-11.41735667382)
  );
#6764 = CARTESIAN_POINT('',(-4.371431695263,5.099999367,-11.41735667382)
  );
#6765 = ADVANCED_FACE('',(#6766),#6792,.F.);
#6766 = FACE_BOUND('',#6767,.F.);
#6767 = EDGE_LOOP('',(#6768,#6769,#6778,#6785));
#6768 = ORIENTED_EDGE('',*,*,#6743,.T.);
#6769 = ORIENTED_EDGE('',*,*,#6770,.T.);
#6770 = EDGE_CURVE('',#6735,#6771,#6773,.T.);
#6771 = VERTEX_POINT('',#6772);
#6772 = CARTESIAN_POINT('',(-4.384677376668,5.102999367,-11.45210259171)
  );
#6773 = B_SPLINE_CURVE_WITH_KNOTS('',3,(#6774,#6775,#6776,#6777),
  .UNSPECIFIED.,.F.,.F.,(4,4),(0.E+000,1.),.PIECEWISE_BEZIER_KNOTS.);
#6774 = CARTESIAN_POINT('',(-4.371431695263,5.102999367,-11.41735667382)
  );
#6775 = CARTESIAN_POINT('',(-4.380710071126,5.102999367,-11.42637909449)
  );
#6776 = CARTESIAN_POINT('',(-4.385445242257,5.102999367,-11.4391128655)
  );
#6777 = CARTESIAN_POINT('',(-4.384677376668,5.102999367,-11.45210259171)
  );
#6778 = ORIENTED_EDGE('',*,*,#6779,.F.);
#6779 = EDGE_CURVE('',#6780,#6771,#6782,.T.);
#6780 = VERTEX_POINT('',#6781);
#6781 = CARTESIAN_POINT('',(-4.384677376668,5.099999367,-11.45210259171)
  );
#6782 = B_SPLINE_CURVE_WITH_KNOTS('',1,(#6783,#6784),.UNSPECIFIED.,.F.,
  .F.,(2,2),(0.E+000,3.E-003),.PIECEWISE_BEZIER_KNOTS.);
#6783 = CARTESIAN_POINT('',(-4.384677376668,5.099999367,-11.45210259171)
  );
#6784 = CARTESIAN_POINT('',(-4.384677376668,5.102999367,-11.45210259171)
  );
#6785 = ORIENTED_EDGE('',*,*,#6786,.F.);
#6786 = EDGE_CURVE('',#6744,#6780,#6787,.T.);
#6787 = B_SPLINE_CURVE_WITH_KNOTS('',3,(#6788,#6789,#6790,#6791),
  .UNSPECIFIED.,.F.,.F.,(4,4),(0.E+000,1.),.PIECEWISE_BEZIER_KNOTS.);
#6788 = CARTESIAN_POINT('',(-4.371431695263,5.099999367,-11.41735667382)
  );
#6789 = CARTESIAN_POINT('',(-4.380710071126,5.099999367,-11.42637909449)
  );
#6790 = CARTESIAN_POINT('',(-4.385445242257,5.099999367,-11.4391128655)
  );
#6791 = CARTESIAN_POINT('',(-4.384677376668,5.099999367,-11.45210259171)
  );
#6792 = B_SPLINE_SURFACE_WITH_KNOTS('',3,1,(
    (#6793,#6794)
    ,(#6795,#6796)
    ,(#6797,#6798)
    ,(#6799,#6800
    )),.UNSPECIFIED.,.F.,.F.,.F.,(4,4),(2,2),(0.E+000,1.),(-3.E-003,
    0.E+000),.PIECEWISE_BEZIER_KNOTS.);
#6793 = CARTESIAN_POINT('',(-4.371431695263,5.102999367,-11.41735667382)
  );
#6794 = CARTESIAN_POINT('',(-4.371431695263,5.099999367,-11.41735667382)
  );
#6795 = CARTESIAN_POINT('',(-4.380710071126,5.102999367,-11.42637909449)
  );
#6796 = CARTESIAN_POINT('',(-4.380710071126,5.099999367,-11.42637909449)
  );
#6797 = CARTESIAN_POINT('',(-4.385445242257,5.102999367,-11.4391128655)
  );
#6798 = CARTESIAN_POINT('',(-4.385445242257,5.099999367,-11.4391128655)
  );
#6799 = CARTESIAN_POINT('',(-4.384677376668,5.102999367,-11.45210259171)
  );
#6800 = CARTESIAN_POINT('',(-4.384677376668,5.099999367,-11.45210259171)
  );
#6801 = ADVANCED_FACE('',(#6802),#6828,.F.);
#6802 = FACE_BOUND('',#6803,.F.);
#6803 = EDGE_LOOP('',(#6804,#6805,#6814,#6821));
#6804 = ORIENTED_EDGE('',*,*,#6779,.T.);
#6805 = ORIENTED_EDGE('',*,*,#6806,.T.);
#6806 = EDGE_CURVE('',#6771,#6807,#6809,.T.);
#6807 = VERTEX_POINT('',#6808);
#6808 = CARTESIAN_POINT('',(-4.321712398394,5.102999367,-11.52408999065)
  );
#6809 = B_SPLINE_CURVE_WITH_KNOTS('',3,(#6810,#6811,#6812,#6813),
  .UNSPECIFIED.,.F.,.F.,(4,4),(0.E+000,1.),.PIECEWISE_BEZIER_KNOTS.);
#6810 = CARTESIAN_POINT('',(-4.384677376668,5.102999367,-11.45210259171)
  );
#6811 = CARTESIAN_POINT('',(-4.38518928706,5.102999367,-11.48864019597)
  );
#6812 = CARTESIAN_POINT('',(-4.357930058661,5.102999367,-11.51961077472)
  );
#6813 = CARTESIAN_POINT('',(-4.321712398394,5.102999367,-11.52408999065)
  );
#6814 = ORIENTED_EDGE('',*,*,#6815,.F.);
#6815 = EDGE_CURVE('',#6816,#6807,#6818,.T.);
#6816 = VERTEX_POINT('',#6817);
#6817 = CARTESIAN_POINT('',(-4.321712398394,5.099999367,-11.52408999065)
  );
#6818 = B_SPLINE_CURVE_WITH_KNOTS('',1,(#6819,#6820),.UNSPECIFIED.,.F.,
  .F.,(2,2),(0.E+000,3.E-003),.PIECEWISE_BEZIER_KNOTS.);
#6819 = CARTESIAN_POINT('',(-4.321712398394,5.099999367,-11.52408999065)
  );
#6820 = CARTESIAN_POINT('',(-4.321712398394,5.102999367,-11.52408999065)
  );
#6821 = ORIENTED_EDGE('',*,*,#6822,.F.);
#6822 = EDGE_CURVE('',#6780,#6816,#6823,.T.);
#6823 = B_SPLINE_CURVE_WITH_KNOTS('',3,(#6824,#6825,#6826,#6827),
  .UNSPECIFIED.,.F.,.F.,(4,4),(0.E+000,1.),.PIECEWISE_BEZIER_KNOTS.);
#6824 = CARTESIAN_POINT('',(-4.384677376668,5.099999367,-11.45210259171)
  );
#6825 = CARTESIAN_POINT('',(-4.38518928706,5.099999367,-11.48864019597)
  );
#6826 = CARTESIAN_POINT('',(-4.357930058661,5.099999367,-11.51961077472)
  );
#6827 = CARTESIAN_POINT('',(-4.321712398394,5.099999367,-11.52408999065)
  );
#6828 = B_SPLINE_SURFACE_WITH_KNOTS('',3,1,(
    (#6829,#6830)
    ,(#6831,#6832)
    ,(#6833,#6834)
    ,(#6835,#6836
    )),.UNSPECIFIED.,.F.,.F.,.F.,(4,4),(2,2),(0.E+000,1.),(-3.E-003,
    0.E+000),.PIECEWISE_BEZIER_KNOTS.);
#6829 = CARTESIAN_POINT('',(-4.384677376668,5.102999367,-11.45210259171)
  );
#6830 = CARTESIAN_POINT('',(-4.384677376668,5.099999367,-11.45210259171)
  );
#6831 = CARTESIAN_POINT('',(-4.38518928706,5.102999367,-11.48864019597)
  );
#6832 = CARTESIAN_POINT('',(-4.38518928706,5.099999367,-11.48864019597)
  );
#6833 = CARTESIAN_POINT('',(-4.357930058661,5.102999367,-11.51961077472)
  );
#6834 = CARTESIAN_POINT('',(-4.357930058661,5.099999367,-11.51961077472)
  );
#6835 = CARTESIAN_POINT('',(-4.321712398394,5.102999367,-11.52408999065)
  );
#6836 = CARTESIAN_POINT('',(-4.321712398394,5.099999367,-11.52408999065)
  );
#6837 = ADVANCED_FACE('',(#6838),#6864,.F.);
#6838 = FACE_BOUND('',#6839,.F.);
#6839 = EDGE_LOOP('',(#6840,#6841,#6850,#6857));
#6840 = ORIENTED_EDGE('',*,*,#6815,.T.);
#6841 = ORIENTED_EDGE('',*,*,#6842,.T.);
#6842 = EDGE_CURVE('',#6807,#6843,#6845,.T.);
#6843 = VERTEX_POINT('',#6844);
#6844 = CARTESIAN_POINT('',(-4.286966480505,5.102999367,-11.51110026444)
  );
#6845 = B_SPLINE_CURVE_WITH_KNOTS('',3,(#6846,#6847,#6848,#6849),
  .UNSPECIFIED.,.F.,.F.,(4,4),(0.E+000,1.),.PIECEWISE_BEZIER_KNOTS.);
#6846 = CARTESIAN_POINT('',(-4.321712398394,5.102999367,-11.52408999065)
  );
#6847 = CARTESIAN_POINT('',(-4.308722672185,5.102999367,-11.52485785624)
  );
#6848 = CARTESIAN_POINT('',(-4.295924912373,5.102999367,-11.52012268511)
  );
#6849 = CARTESIAN_POINT('',(-4.286966480505,5.102999367,-11.51110026444)
  );
#6850 = ORIENTED_EDGE('',*,*,#6851,.F.);
#6851 = EDGE_CURVE('',#6852,#6843,#6854,.T.);
#6852 = VERTEX_POINT('',#6853);
#6853 = CARTESIAN_POINT('',(-4.286966480505,5.099999367,-11.51110026444)
  );
#6854 = B_SPLINE_CURVE_WITH_KNOTS('',1,(#6855,#6856),.UNSPECIFIED.,.F.,
  .F.,(2,2),(0.E+000,3.E-003),.PIECEWISE_BEZIER_KNOTS.);
#6855 = CARTESIAN_POINT('',(-4.286966480505,5.099999367,-11.51110026444)
  );
#6856 = CARTESIAN_POINT('',(-4.286966480505,5.102999367,-11.51110026444)
  );
#6857 = ORIENTED_EDGE('',*,*,#6858,.F.);
#6858 = EDGE_CURVE('',#6816,#6852,#6859,.T.);
#6859 = B_SPLINE_CURVE_WITH_KNOTS('',3,(#6860,#6861,#6862,#6863),
  .UNSPECIFIED.,.F.,.F.,(4,4),(0.E+000,1.),.PIECEWISE_BEZIER_KNOTS.);
#6860 = CARTESIAN_POINT('',(-4.321712398394,5.099999367,-11.52408999065)
  );
#6861 = CARTESIAN_POINT('',(-4.308722672185,5.099999367,-11.52485785624)
  );
#6862 = CARTESIAN_POINT('',(-4.295924912373,5.099999367,-11.52012268511)
  );
#6863 = CARTESIAN_POINT('',(-4.286966480505,5.099999367,-11.51110026444)
  );
#6864 = B_SPLINE_SURFACE_WITH_KNOTS('',3,1,(
    (#6865,#6866)
    ,(#6867,#6868)
    ,(#6869,#6870)
    ,(#6871,#6872
    )),.UNSPECIFIED.,.F.,.F.,.F.,(4,4),(2,2),(0.E+000,1.),(-3.E-003,
    0.E+000),.PIECEWISE_BEZIER_KNOTS.);
#6865 = CARTESIAN_POINT('',(-4.321712398394,5.102999367,-11.52408999065)
  );
#6866 = CARTESIAN_POINT('',(-4.321712398394,5.099999367,-11.52408999065)
  );
#6867 = CARTESIAN_POINT('',(-4.308722672185,5.102999367,-11.52485785624)
  );
#6868 = CARTESIAN_POINT('',(-4.308722672185,5.099999367,-11.52485785624)
  );
#6869 = CARTESIAN_POINT('',(-4.295924912373,5.102999367,-11.52012268511)
  );
#6870 = CARTESIAN_POINT('',(-4.295924912373,5.099999367,-11.52012268511)
  );
#6871 = CARTESIAN_POINT('',(-4.286966480505,5.102999367,-11.51110026444)
  );
#6872 = CARTESIAN_POINT('',(-4.286966480505,5.099999367,-11.51110026444)
  );
#6873 = ADVANCED_FACE('',(#6874),#6900,.F.);
#6874 = FACE_BOUND('',#6875,.F.);
#6875 = EDGE_LOOP('',(#6876,#6877,#6886,#6893));
#6876 = ORIENTED_EDGE('',*,*,#6851,.T.);
#6877 = ORIENTED_EDGE('',*,*,#6878,.T.);
#6878 = EDGE_CURVE('',#6843,#6879,#6881,.T.);
#6879 = VERTEX_POINT('',#6880);
#6880 = CARTESIAN_POINT('',(-4.273720799099,5.102999367,-11.47609839136)
  );
#6881 = B_SPLINE_CURVE_WITH_KNOTS('',3,(#6882,#6883,#6884,#6885),
  .UNSPECIFIED.,.F.,.F.,(4,4),(0.E+000,1.),.PIECEWISE_BEZIER_KNOTS.);
#6882 = CARTESIAN_POINT('',(-4.286966480505,5.102999367,-11.51110026444)
  );
#6883 = CARTESIAN_POINT('',(-4.277688104641,5.102999367,-11.50188587738)
  );
#6884 = CARTESIAN_POINT('',(-4.272952933511,5.102999367,-11.48908811757)
  );
#6885 = CARTESIAN_POINT('',(-4.273720799099,5.102999367,-11.47609839136)
  );
#6886 = ORIENTED_EDGE('',*,*,#6887,.F.);
#6887 = EDGE_CURVE('',#6888,#6879,#6890,.T.);
#6888 = VERTEX_POINT('',#6889);
#6889 = CARTESIAN_POINT('',(-4.273720799099,5.099999367,-11.47609839136)
  );
#6890 = B_SPLINE_CURVE_WITH_KNOTS('',1,(#6891,#6892),.UNSPECIFIED.,.F.,
  .F.,(2,2),(0.E+000,3.E-003),.PIECEWISE_BEZIER_KNOTS.);
#6891 = CARTESIAN_POINT('',(-4.273720799099,5.099999367,-11.47609839136)
  );
#6892 = CARTESIAN_POINT('',(-4.273720799099,5.102999367,-11.47609839136)
  );
#6893 = ORIENTED_EDGE('',*,*,#6894,.F.);
#6894 = EDGE_CURVE('',#6852,#6888,#6895,.T.);
#6895 = B_SPLINE_CURVE_WITH_KNOTS('',3,(#6896,#6897,#6898,#6899),
  .UNSPECIFIED.,.F.,.F.,(4,4),(0.E+000,1.),.PIECEWISE_BEZIER_KNOTS.);
#6896 = CARTESIAN_POINT('',(-4.286966480505,5.099999367,-11.51110026444)
  );
#6897 = CARTESIAN_POINT('',(-4.277688104641,5.099999367,-11.50188587738)
  );
#6898 = CARTESIAN_POINT('',(-4.272952933511,5.099999367,-11.48908811757)
  );
#6899 = CARTESIAN_POINT('',(-4.273720799099,5.099999367,-11.47609839136)
  );
#6900 = B_SPLINE_SURFACE_WITH_KNOTS('',3,1,(
    (#6901,#6902)
    ,(#6903,#6904)
    ,(#6905,#6906)
    ,(#6907,#6908
    )),.UNSPECIFIED.,.F.,.F.,.F.,(4,4),(2,2),(0.E+000,1.),(-3.E-003,
    0.E+000),.PIECEWISE_BEZIER_KNOTS.);
#6901 = CARTESIAN_POINT('',(-4.286966480505,5.102999367,-11.51110026444)
  );
#6902 = CARTESIAN_POINT('',(-4.286966480505,5.099999367,-11.51110026444)
  );
#6903 = CARTESIAN_POINT('',(-4.277688104641,5.102999367,-11.50188587738)
  );
#6904 = CARTESIAN_POINT('',(-4.277688104641,5.099999367,-11.50188587738)
  );
#6905 = CARTESIAN_POINT('',(-4.272952933511,5.102999367,-11.48908811757)
  );
#6906 = CARTESIAN_POINT('',(-4.272952933511,5.099999367,-11.48908811757)
  );
#6907 = CARTESIAN_POINT('',(-4.273720799099,5.102999367,-11.47609839136)
  );
#6908 = CARTESIAN_POINT('',(-4.273720799099,5.099999367,-11.47609839136)
  );
#6909 = ADVANCED_FACE('',(#6910),#6936,.F.);
#6910 = FACE_BOUND('',#6911,.F.);
#6911 = EDGE_LOOP('',(#6912,#6913,#6922,#6929));
#6912 = ORIENTED_EDGE('',*,*,#6887,.T.);
#6913 = ORIENTED_EDGE('',*,*,#6914,.T.);
#6914 = EDGE_CURVE('',#6879,#6915,#6917,.T.);
#6915 = VERTEX_POINT('',#6916);
#6916 = CARTESIAN_POINT('',(-4.336173866981,5.102999367,-11.4051348132)
  );
#6917 = B_SPLINE_CURVE_WITH_KNOTS('',3,(#6918,#6919,#6920,#6921),
  .UNSPECIFIED.,.F.,.F.,(4,4),(0.E+000,1.),.PIECEWISE_BEZIER_KNOTS.);
#6918 = CARTESIAN_POINT('',(-4.273720799099,5.102999367,-11.47609839136)
  );
#6919 = CARTESIAN_POINT('',(-4.273720799099,5.102999367,-11.44013668629)
  );
#6920 = CARTESIAN_POINT('',(-4.300468117106,5.102999367,-11.40961402913)
  );
#6921 = CARTESIAN_POINT('',(-4.336173866981,5.102999367,-11.4051348132)
  );
#6922 = ORIENTED_EDGE('',*,*,#6923,.F.);
#6923 = EDGE_CURVE('',#6924,#6915,#6926,.T.);
#6924 = VERTEX_POINT('',#6925);
#6925 = CARTESIAN_POINT('',(-4.336173866981,5.099999367,-11.4051348132)
  );
#6926 = B_SPLINE_CURVE_WITH_KNOTS('',1,(#6927,#6928),.UNSPECIFIED.,.F.,
  .F.,(2,2),(0.E+000,3.E-003),.PIECEWISE_BEZIER_KNOTS.);
#6927 = CARTESIAN_POINT('',(-4.336173866981,5.099999367,-11.4051348132)
  );
#6928 = CARTESIAN_POINT('',(-4.336173866981,5.102999367,-11.4051348132)
  );
#6929 = ORIENTED_EDGE('',*,*,#6930,.F.);
#6930 = EDGE_CURVE('',#6888,#6924,#6931,.T.);
#6931 = B_SPLINE_CURVE_WITH_KNOTS('',3,(#6932,#6933,#6934,#6935),
  .UNSPECIFIED.,.F.,.F.,(4,4),(0.E+000,1.),.PIECEWISE_BEZIER_KNOTS.);
#6932 = CARTESIAN_POINT('',(-4.273720799099,5.099999367,-11.47609839136)
  );
#6933 = CARTESIAN_POINT('',(-4.273720799099,5.099999367,-11.44013668629)
  );
#6934 = CARTESIAN_POINT('',(-4.300468117106,5.099999367,-11.40961402913)
  );
#6935 = CARTESIAN_POINT('',(-4.336173866981,5.099999367,-11.4051348132)
  );
#6936 = B_SPLINE_SURFACE_WITH_KNOTS('',3,1,(
    (#6937,#6938)
    ,(#6939,#6940)
    ,(#6941,#6942)
    ,(#6943,#6944
    )),.UNSPECIFIED.,.F.,.F.,.F.,(4,4),(2,2),(0.E+000,1.),(-3.E-003,
    0.E+000),.PIECEWISE_BEZIER_KNOTS.);
#6937 = CARTESIAN_POINT('',(-4.273720799099,5.102999367,-11.47609839136)
  );
#6938 = CARTESIAN_POINT('',(-4.273720799099,5.099999367,-11.47609839136)
  );
#6939 = CARTESIAN_POINT('',(-4.273720799099,5.102999367,-11.44013668629)
  );
#6940 = CARTESIAN_POINT('',(-4.273720799099,5.099999367,-11.44013668629)
  );
#6941 = CARTESIAN_POINT('',(-4.300468117106,5.102999367,-11.40961402913)
  );
#6942 = CARTESIAN_POINT('',(-4.300468117106,5.099999367,-11.40961402913)
  );
#6943 = CARTESIAN_POINT('',(-4.336173866981,5.102999367,-11.4051348132)
  );
#6944 = CARTESIAN_POINT('',(-4.336173866981,5.099999367,-11.4051348132)
  );
#6945 = ADVANCED_FACE('',(#6946),#6960,.F.);
#6946 = FACE_BOUND('',#6947,.F.);
#6947 = EDGE_LOOP('',(#6948,#6949,#6954,#6955));
#6948 = ORIENTED_EDGE('',*,*,#6923,.T.);
#6949 = ORIENTED_EDGE('',*,*,#6950,.T.);
#6950 = EDGE_CURVE('',#6915,#6728,#6951,.T.);
#6951 = B_SPLINE_CURVE_WITH_KNOTS('',1,(#6952,#6953),.UNSPECIFIED.,.F.,
  .F.,(2,2),(0.E+000,2.2360679775E-002),.PIECEWISE_BEZIER_KNOTS.);
#6952 = CARTESIAN_POINT('',(-4.336173866981,5.102999367,-11.4051348132)
  );
#6953 = CARTESIAN_POINT('',(-4.336685777373,5.102999367,-11.40411099241)
  );
#6954 = ORIENTED_EDGE('',*,*,#6725,.F.);
#6955 = ORIENTED_EDGE('',*,*,#6956,.F.);
#6956 = EDGE_CURVE('',#6924,#6726,#6957,.T.);
#6957 = B_SPLINE_CURVE_WITH_KNOTS('',1,(#6958,#6959),.UNSPECIFIED.,.F.,
  .F.,(2,2),(0.E+000,2.2360679775E-002),.PIECEWISE_BEZIER_KNOTS.);
#6958 = CARTESIAN_POINT('',(-4.336173866981,5.099999367,-11.4051348132)
  );
#6959 = CARTESIAN_POINT('',(-4.336685777373,5.099999367,-11.40411099241)
  );
#6960 = B_SPLINE_SURFACE_WITH_KNOTS('',1,1,(
    (#6961,#6962)
    ,(#6963,#6964
    )),.UNSPECIFIED.,.F.,.F.,.F.,(2,2),(2,2),(0.E+000,2.2360679775E-002)
  ,(-3.E-003,0.E+000),.PIECEWISE_BEZIER_KNOTS.);
#6961 = CARTESIAN_POINT('',(-4.336173866981,5.102999367,-11.4051348132)
  );
#6962 = CARTESIAN_POINT('',(-4.336173866981,5.099999367,-11.4051348132)
  );
#6963 = CARTESIAN_POINT('',(-4.336685777373,5.102999367,-11.40411099241)
  );
#6964 = CARTESIAN_POINT('',(-4.336685777373,5.099999367,-11.40411099241)
  );
#6965 = ADVANCED_FACE('',(#6966,#6975),#6984,.F.);
#6966 = FACE_BOUND('',#6967,.F.);
#6967 = EDGE_LOOP('',(#6968,#6969,#6970,#6971,#6972,#6973,#6974));
#6968 = ORIENTED_EDGE('',*,*,#6506,.T.);
#6969 = ORIENTED_EDGE('',*,*,#6542,.T.);
#6970 = ORIENTED_EDGE('',*,*,#6578,.T.);
#6971 = ORIENTED_EDGE('',*,*,#6614,.T.);
#6972 = ORIENTED_EDGE('',*,*,#6650,.T.);
#6973 = ORIENTED_EDGE('',*,*,#6686,.T.);
#6974 = ORIENTED_EDGE('',*,*,#6712,.T.);
#6975 = FACE_BOUND('',#6976,.F.);
#6976 = EDGE_LOOP('',(#6977,#6978,#6979,#6980,#6981,#6982,#6983));
#6977 = ORIENTED_EDGE('',*,*,#6750,.T.);
#6978 = ORIENTED_EDGE('',*,*,#6786,.T.);
#6979 = ORIENTED_EDGE('',*,*,#6822,.T.);
#6980 = ORIENTED_EDGE('',*,*,#6858,.T.);
#6981 = ORIENTED_EDGE('',*,*,#6894,.T.);
#6982 = ORIENTED_EDGE('',*,*,#6930,.T.);
#6983 = ORIENTED_EDGE('',*,*,#6956,.T.);
#6984 = B_SPLINE_SURFACE_WITH_KNOTS('',1,1,(
    (#6985,#6986)
    ,(#6987,#6988
    )),.UNSPECIFIED.,.F.,.F.,.F.,(2,2),(2,2),(-14.22174128727,
    -4.917871473598),(-36.53476014949,-27.34017914183),
  .PIECEWISE_BEZIER_KNOTS.);
#6985 = CARTESIAN_POINT('',(-4.445663821275,5.099999367,-11.34940056922)
  );
#6986 = CARTESIAN_POINT('',(-4.445663821275,5.099999367,-11.58110401061)
  );
#6987 = CARTESIAN_POINT('',(-4.21120630197,5.099999367,-11.34940056922)
  );
#6988 = CARTESIAN_POINT('',(-4.21120630197,5.099999367,-11.58110401061)
  );
#6989 = ADVANCED_FACE('',(#6990,#6999),#7008,.T.);
#6990 = FACE_BOUND('',#6991,.T.);
#6991 = EDGE_LOOP('',(#6992,#6993,#6994,#6995,#6996,#6997,#6998));
#6992 = ORIENTED_EDGE('',*,*,#6490,.T.);
#6993 = ORIENTED_EDGE('',*,*,#6526,.T.);
#6994 = ORIENTED_EDGE('',*,*,#6562,.T.);
#6995 = ORIENTED_EDGE('',*,*,#6598,.T.);
#6996 = ORIENTED_EDGE('',*,*,#6634,.T.);
#6997 = ORIENTED_EDGE('',*,*,#6670,.T.);
#6998 = ORIENTED_EDGE('',*,*,#6706,.T.);
#6999 = FACE_BOUND('',#7000,.T.);
#7000 = EDGE_LOOP('',(#7001,#7002,#7003,#7004,#7005,#7006,#7007));
#7001 = ORIENTED_EDGE('',*,*,#6734,.T.);
#7002 = ORIENTED_EDGE('',*,*,#6770,.T.);
#7003 = ORIENTED_EDGE('',*,*,#6806,.T.);
#7004 = ORIENTED_EDGE('',*,*,#6842,.T.);
#7005 = ORIENTED_EDGE('',*,*,#6878,.T.);
#7006 = ORIENTED_EDGE('',*,*,#6914,.T.);
#7007 = ORIENTED_EDGE('',*,*,#6950,.T.);
#7008 = B_SPLINE_SURFACE_WITH_KNOTS('',1,1,(
    (#7009,#7010)
    ,(#7011,#7012
    )),.UNSPECIFIED.,.F.,.F.,.F.,(2,2),(2,2),(-14.22174128727,
    -4.917871473598),(-36.53476014949,-27.34017914183),
  .PIECEWISE_BEZIER_KNOTS.);
#7009 = CARTESIAN_POINT('',(-4.445663821275,5.102999367,-11.34940056922)
  );
#7010 = CARTESIAN_POINT('',(-4.445663821275,5.102999367,-11.58110401061)
  );
#7011 = CARTESIAN_POINT('',(-4.21120630197,5.102999367,-11.34940056922)
  );
#7012 = CARTESIAN_POINT('',(-4.21120630197,5.102999367,-11.58110401061)
  );
#7013 = MANIFOLD_SOLID_BREP('',#7014);
#7014 = CLOSED_SHELL('',(#7015,#7051,#7079,#7115,#7151,#7187,#7223,#7251
    ,#7279,#7307,#7343,#7379,#7415,#7451,#7479,#7507,#7535,#7555,#7580)
  );
#7015 = ADVANCED_FACE('',(#7016),#7046,.F.);
#7016 = FACE_BOUND('',#7017,.F.);
#7017 = EDGE_LOOP('',(#7018,#7027,#7034,#7041));
#7018 = ORIENTED_EDGE('',*,*,#7019,.T.);
#7019 = EDGE_CURVE('',#7020,#7022,#7024,.T.);
#7020 = VERTEX_POINT('',#7021);
#7021 = CARTESIAN_POINT('',(-4.204228963322,5.099999367,-11.35611939312)
  );
#7022 = VERTEX_POINT('',#7023);
#7023 = CARTESIAN_POINT('',(-4.204228963322,5.102999367,-11.35611939312)
  );
#7024 = B_SPLINE_CURVE_WITH_KNOTS('',1,(#7025,#7026),.UNSPECIFIED.,.F.,
  .F.,(2,2),(0.E+000,3.E-003),.PIECEWISE_BEZIER_KNOTS.);
#7025 = CARTESIAN_POINT('',(-4.204228963322,5.099999367,-11.35611939312)
  );
#7026 = CARTESIAN_POINT('',(-4.204228963322,5.102999367,-11.35611939312)
  );
#7027 = ORIENTED_EDGE('',*,*,#7028,.T.);
#7028 = EDGE_CURVE('',#7022,#7029,#7031,.T.);
#7029 = VERTEX_POINT('',#7030);
#7030 = CARTESIAN_POINT('',(-4.141711906641,5.102999367,-11.35611939312)
  );
#7031 = B_SPLINE_CURVE_WITH_KNOTS('',1,(#7032,#7033),.UNSPECIFIED.,.F.,
  .F.,(2,2),(0.E+000,1.22125),.PIECEWISE_BEZIER_KNOTS.);
#7032 = CARTESIAN_POINT('',(-4.204228963322,5.102999367,-11.35611939312)
  );
#7033 = CARTESIAN_POINT('',(-4.141711906641,5.102999367,-11.35611939312)
  );
#7034 = ORIENTED_EDGE('',*,*,#7035,.F.);
#7035 = EDGE_CURVE('',#7036,#7029,#7038,.T.);
#7036 = VERTEX_POINT('',#7037);
#7037 = CARTESIAN_POINT('',(-4.141711906641,5.099999367,-11.35611939312)
  );
#7038 = B_SPLINE_CURVE_WITH_KNOTS('',1,(#7039,#7040),.UNSPECIFIED.,.F.,
  .F.,(2,2),(0.E+000,3.E-003),.PIECEWISE_BEZIER_KNOTS.);
#7039 = CARTESIAN_POINT('',(-4.141711906641,5.099999367,-11.35611939312)
  );
#7040 = CARTESIAN_POINT('',(-4.141711906641,5.102999367,-11.35611939312)
  );
#7041 = ORIENTED_EDGE('',*,*,#7042,.F.);
#7042 = EDGE_CURVE('',#7020,#7036,#7043,.T.);
#7043 = B_SPLINE_CURVE_WITH_KNOTS('',1,(#7044,#7045),.UNSPECIFIED.,.F.,
  .F.,(2,2),(0.E+000,1.22125),.PIECEWISE_BEZIER_KNOTS.);
#7044 = CARTESIAN_POINT('',(-4.204228963322,5.099999367,-11.35611939312)
  );
#7045 = CARTESIAN_POINT('',(-4.141711906641,5.099999367,-11.35611939312)
  );
#7046 = B_SPLINE_SURFACE_WITH_KNOTS('',1,1,(
    (#7047,#7048)
    ,(#7049,#7050
    )),.UNSPECIFIED.,.F.,.F.,.F.,(2,2),(2,2),(0.E+000,1.22125),(-3.E-003
    ,0.E+000),.PIECEWISE_BEZIER_KNOTS.);
#7047 = CARTESIAN_POINT('',(-4.204228963322,5.102999367,-11.35611939312)
  );
#7048 = CARTESIAN_POINT('',(-4.204228963322,5.099999367,-11.35611939312)
  );
#7049 = CARTESIAN_POINT('',(-4.141711906641,5.102999367,-11.35611939312)
  );
#7050 = CARTESIAN_POINT('',(-4.141711906641,5.099999367,-11.35611939312)
  );
#7051 = ADVANCED_FACE('',(#7052),#7074,.F.);
#7052 = FACE_BOUND('',#7053,.F.);
#7053 = EDGE_LOOP('',(#7054,#7055,#7062,#7069));
#7054 = ORIENTED_EDGE('',*,*,#7035,.T.);
#7055 = ORIENTED_EDGE('',*,*,#7056,.T.);
#7056 = EDGE_CURVE('',#7029,#7057,#7059,.T.);
#7057 = VERTEX_POINT('',#7058);
#7058 = CARTESIAN_POINT('',(-4.108757675124,5.102999367,-11.48236929366)
  );
#7059 = B_SPLINE_CURVE_WITH_KNOTS('',1,(#7060,#7061),.UNSPECIFIED.,.F.,
  .F.,(2,2),(0.E+000,2.548882720919),.PIECEWISE_BEZIER_KNOTS.);
#7060 = CARTESIAN_POINT('',(-4.141711906641,5.102999367,-11.35611939312)
  );
#7061 = CARTESIAN_POINT('',(-4.108757675124,5.102999367,-11.48236929366)
  );
#7062 = ORIENTED_EDGE('',*,*,#7063,.F.);
#7063 = EDGE_CURVE('',#7064,#7057,#7066,.T.);
#7064 = VERTEX_POINT('',#7065);
#7065 = CARTESIAN_POINT('',(-4.108757675124,5.099999367,-11.48236929366)
  );
#7066 = B_SPLINE_CURVE_WITH_KNOTS('',1,(#7067,#7068),.UNSPECIFIED.,.F.,
  .F.,(2,2),(0.E+000,3.E-003),.PIECEWISE_BEZIER_KNOTS.);
#7067 = CARTESIAN_POINT('',(-4.108757675124,5.099999367,-11.48236929366)
  );
#7068 = CARTESIAN_POINT('',(-4.108757675124,5.102999367,-11.48236929366)
  );
#7069 = ORIENTED_EDGE('',*,*,#7070,.F.);
#7070 = EDGE_CURVE('',#7036,#7064,#7071,.T.);
#7071 = B_SPLINE_CURVE_WITH_KNOTS('',1,(#7072,#7073),.UNSPECIFIED.,.F.,
  .F.,(2,2),(0.E+000,2.548882720919),.PIECEWISE_BEZIER_KNOTS.);
#7072 = CARTESIAN_POINT('',(-4.141711906641,5.099999367,-11.35611939312)
  );
#7073 = CARTESIAN_POINT('',(-4.108757675124,5.099999367,-11.48236929366)
  );
#7074 = B_SPLINE_SURFACE_WITH_KNOTS('',1,1,(
    (#7075,#7076)
    ,(#7077,#7078
    )),.UNSPECIFIED.,.F.,.F.,.F.,(2,2),(2,2),(0.E+000,2.548882720919),(
    -3.E-003,0.E+000),.PIECEWISE_BEZIER_KNOTS.);
#7075 = CARTESIAN_POINT('',(-4.141711906641,5.102999367,-11.35611939312)
  );
#7076 = CARTESIAN_POINT('',(-4.141711906641,5.099999367,-11.35611939312)
  );
#7077 = CARTESIAN_POINT('',(-4.108757675124,5.102999367,-11.48236929366)
  );
#7078 = CARTESIAN_POINT('',(-4.108757675124,5.099999367,-11.48236929366)
  );
#7079 = ADVANCED_FACE('',(#7080),#7106,.F.);
#7080 = FACE_BOUND('',#7081,.F.);
#7081 = EDGE_LOOP('',(#7082,#7083,#7092,#7099));
#7082 = ORIENTED_EDGE('',*,*,#7063,.T.);
#7083 = ORIENTED_EDGE('',*,*,#7084,.T.);
#7084 = EDGE_CURVE('',#7057,#7085,#7087,.T.);
#7085 = VERTEX_POINT('',#7086);
#7086 = CARTESIAN_POINT('',(-4.06076607583,5.102999367,-11.52613763222)
  );
#7087 = B_SPLINE_CURVE_WITH_KNOTS('',3,(#7088,#7089,#7090,#7091),
  .UNSPECIFIED.,.F.,.F.,(4,4),(0.E+000,1.),.PIECEWISE_BEZIER_KNOTS.);
#7088 = CARTESIAN_POINT('',(-4.108757675124,5.102999367,-11.48236929366)
  );
#7089 = CARTESIAN_POINT('',(-4.106454078359,5.102999367,-11.5071329589)
  );
#7090 = CARTESIAN_POINT('',(-4.085465752267,5.102999367,-11.52613763222)
  );
#7091 = CARTESIAN_POINT('',(-4.06076607583,5.102999367,-11.52613763222)
  );
#7092 = ORIENTED_EDGE('',*,*,#7093,.F.);
#7093 = EDGE_CURVE('',#7094,#7085,#7096,.T.);
#7094 = VERTEX_POINT('',#7095);
#7095 = CARTESIAN_POINT('',(-4.06076607583,5.099999367,-11.52613763222)
  );
#7096 = B_SPLINE_CURVE_WITH_KNOTS('',1,(#7097,#7098),.UNSPECIFIED.,.F.,
  .F.,(2,2),(0.E+000,3.E-003),.PIECEWISE_BEZIER_KNOTS.);
#7097 = CARTESIAN_POINT('',(-4.06076607583,5.099999367,-11.52613763222)
  );
#7098 = CARTESIAN_POINT('',(-4.06076607583,5.102999367,-11.52613763222)
  );
#7099 = ORIENTED_EDGE('',*,*,#7100,.F.);
#7100 = EDGE_CURVE('',#7064,#7094,#7101,.T.);
#7101 = B_SPLINE_CURVE_WITH_KNOTS('',3,(#7102,#7103,#7104,#7105),
  .UNSPECIFIED.,.F.,.F.,(4,4),(0.E+000,1.),.PIECEWISE_BEZIER_KNOTS.);
#7102 = CARTESIAN_POINT('',(-4.108757675124,5.099999367,-11.48236929366)
  );
#7103 = CARTESIAN_POINT('',(-4.106454078359,5.099999367,-11.5071329589)
  );
#7104 = CARTESIAN_POINT('',(-4.085465752267,5.099999367,-11.52613763222)
  );
#7105 = CARTESIAN_POINT('',(-4.06076607583,5.099999367,-11.52613763222)
  );
#7106 = B_SPLINE_SURFACE_WITH_KNOTS('',3,1,(
    (#7107,#7108)
    ,(#7109,#7110)
    ,(#7111,#7112)
    ,(#7113,#7114
    )),.UNSPECIFIED.,.F.,.F.,.F.,(4,4),(2,2),(0.E+000,1.),(-3.E-003,
    0.E+000),.PIECEWISE_BEZIER_KNOTS.);
#7107 = CARTESIAN_POINT('',(-4.108757675124,5.102999367,-11.48236929366)
  );
#7108 = CARTESIAN_POINT('',(-4.108757675124,5.099999367,-11.48236929366)
  );
#7109 = CARTESIAN_POINT('',(-4.106454078359,5.102999367,-11.5071329589)
  );
#7110 = CARTESIAN_POINT('',(-4.106454078359,5.099999367,-11.5071329589)
  );
#7111 = CARTESIAN_POINT('',(-4.085465752267,5.102999367,-11.52613763222)
  );
#7112 = CARTESIAN_POINT('',(-4.085465752267,5.099999367,-11.52613763222)
  );
#7113 = CARTESIAN_POINT('',(-4.06076607583,5.102999367,-11.52613763222)
  );
#7114 = CARTESIAN_POINT('',(-4.06076607583,5.099999367,-11.52613763222)
  );
#7115 = ADVANCED_FACE('',(#7116),#7142,.F.);
#7116 = FACE_BOUND('',#7117,.F.);
#7117 = EDGE_LOOP('',(#7118,#7119,#7128,#7135));
#7118 = ORIENTED_EDGE('',*,*,#7093,.T.);
#7119 = ORIENTED_EDGE('',*,*,#7120,.T.);
#7120 = EDGE_CURVE('',#7085,#7121,#7123,.T.);
#7121 = VERTEX_POINT('',#7122);
#7122 = CARTESIAN_POINT('',(-4.039009884151,5.102999367,-11.51986672991)
  );
#7123 = B_SPLINE_CURVE_WITH_KNOTS('',3,(#7124,#7125,#7126,#7127),
  .UNSPECIFIED.,.F.,.F.,(4,4),(0.E+000,1.),.PIECEWISE_BEZIER_KNOTS.);
#7124 = CARTESIAN_POINT('',(-4.06076607583,5.102999367,-11.52613763222)
  );
#7125 = CARTESIAN_POINT('',(-4.052959442345,5.102999367,-11.52735597895)
  );
#7126 = CARTESIAN_POINT('',(-4.044960842463,5.102999367,-11.52511381144)
  );
#7127 = CARTESIAN_POINT('',(-4.039009884151,5.102999367,-11.51986672991)
  );
#7128 = ORIENTED_EDGE('',*,*,#7129,.F.);
#7129 = EDGE_CURVE('',#7130,#7121,#7132,.T.);
#7130 = VERTEX_POINT('',#7131);
#7131 = CARTESIAN_POINT('',(-4.039009884151,5.099999367,-11.51986672991)
  );
#7132 = B_SPLINE_CURVE_WITH_KNOTS('',1,(#7133,#7134),.UNSPECIFIED.,.F.,
  .F.,(2,2),(0.E+000,3.E-003),.PIECEWISE_BEZIER_KNOTS.);
#7133 = CARTESIAN_POINT('',(-4.039009884151,5.099999367,-11.51986672991)
  );
#7134 = CARTESIAN_POINT('',(-4.039009884151,5.102999367,-11.51986672991)
  );
#7135 = ORIENTED_EDGE('',*,*,#7136,.F.);
#7136 = EDGE_CURVE('',#7094,#7130,#7137,.T.);
#7137 = B_SPLINE_CURVE_WITH_KNOTS('',3,(#7138,#7139,#7140,#7141),
  .UNSPECIFIED.,.F.,.F.,(4,4),(0.E+000,1.),.PIECEWISE_BEZIER_KNOTS.);
#7138 = CARTESIAN_POINT('',(-4.06076607583,5.099999367,-11.52613763222)
  );
#7139 = CARTESIAN_POINT('',(-4.052959442345,5.099999367,-11.52735597895)
  );
#7140 = CARTESIAN_POINT('',(-4.044960842463,5.099999367,-11.52511381144)
  );
#7141 = CARTESIAN_POINT('',(-4.039009884151,5.099999367,-11.51986672991)
  );
#7142 = B_SPLINE_SURFACE_WITH_KNOTS('',3,1,(
    (#7143,#7144)
    ,(#7145,#7146)
    ,(#7147,#7148)
    ,(#7149,#7150
    )),.UNSPECIFIED.,.F.,.F.,.F.,(4,4),(2,2),(0.E+000,1.),(-3.E-003,
    0.E+000),.PIECEWISE_BEZIER_KNOTS.);
#7143 = CARTESIAN_POINT('',(-4.06076607583,5.102999367,-11.52613763222)
  );
#7144 = CARTESIAN_POINT('',(-4.06076607583,5.099999367,-11.52613763222)
  );
#7145 = CARTESIAN_POINT('',(-4.052959442345,5.102999367,-11.52735597895)
  );
#7146 = CARTESIAN_POINT('',(-4.052959442345,5.099999367,-11.52735597895)
  );
#7147 = CARTESIAN_POINT('',(-4.044960842463,5.102999367,-11.52511381144)
  );
#7148 = CARTESIAN_POINT('',(-4.044960842463,5.099999367,-11.52511381144)
  );
#7149 = CARTESIAN_POINT('',(-4.039009884151,5.102999367,-11.51986672991)
  );
#7150 = CARTESIAN_POINT('',(-4.039009884151,5.099999367,-11.51986672991)
  );
#7151 = ADVANCED_FACE('',(#7152),#7178,.F.);
#7152 = FACE_BOUND('',#7153,.F.);
#7153 = EDGE_LOOP('',(#7154,#7155,#7164,#7171));
#7154 = ORIENTED_EDGE('',*,*,#7129,.T.);
#7155 = ORIENTED_EDGE('',*,*,#7156,.T.);
#7156 = EDGE_CURVE('',#7121,#7157,#7159,.T.);
#7157 = VERTEX_POINT('',#7158);
#7158 = CARTESIAN_POINT('',(-4.030499373876,5.102999367,-11.49913435902)
  );
#7159 = B_SPLINE_CURVE_WITH_KNOTS('',3,(#7160,#7161,#7162,#7163),
  .UNSPECIFIED.,.F.,.F.,(4,4),(0.E+000,1.),.PIECEWISE_BEZIER_KNOTS.);
#7160 = CARTESIAN_POINT('',(-4.039009884151,5.102999367,-11.51986672991)
  );
#7161 = CARTESIAN_POINT('',(-4.033250892236,5.102999367,-11.51461964839)
  );
#7162 = CARTESIAN_POINT('',(-4.029987463482,5.102999367,-11.5071329589)
  );
#7163 = CARTESIAN_POINT('',(-4.030499373876,5.102999367,-11.49913435902)
  );
#7164 = ORIENTED_EDGE('',*,*,#7165,.F.);
#7165 = EDGE_CURVE('',#7166,#7157,#7168,.T.);
#7166 = VERTEX_POINT('',#7167);
#7167 = CARTESIAN_POINT('',(-4.030499373876,5.099999367,-11.49913435902)
  );
#7168 = B_SPLINE_CURVE_WITH_KNOTS('',1,(#7169,#7170),.UNSPECIFIED.,.F.,
  .F.,(2,2),(0.E+000,3.E-003),.PIECEWISE_BEZIER_KNOTS.);
#7169 = CARTESIAN_POINT('',(-4.030499373876,5.099999367,-11.49913435902)
  );
#7170 = CARTESIAN_POINT('',(-4.030499373876,5.102999367,-11.49913435902)
  );
#7171 = ORIENTED_EDGE('',*,*,#7172,.F.);
#7172 = EDGE_CURVE('',#7130,#7166,#7173,.T.);
#7173 = B_SPLINE_CURVE_WITH_KNOTS('',3,(#7174,#7175,#7176,#7177),
  .UNSPECIFIED.,.F.,.F.,(4,4),(0.E+000,1.),.PIECEWISE_BEZIER_KNOTS.);
#7174 = CARTESIAN_POINT('',(-4.039009884151,5.099999367,-11.51986672991)
  );
#7175 = CARTESIAN_POINT('',(-4.033250892236,5.099999367,-11.51461964839)
  );
#7176 = CARTESIAN_POINT('',(-4.029987463482,5.099999367,-11.5071329589)
  );
#7177 = CARTESIAN_POINT('',(-4.030499373876,5.099999367,-11.49913435902)
  );
#7178 = B_SPLINE_SURFACE_WITH_KNOTS('',3,1,(
    (#7179,#7180)
    ,(#7181,#7182)
    ,(#7183,#7184)
    ,(#7185,#7186
    )),.UNSPECIFIED.,.F.,.F.,.F.,(4,4),(2,2),(0.E+000,1.),(-3.E-003,
    0.E+000),.PIECEWISE_BEZIER_KNOTS.);
#7179 = CARTESIAN_POINT('',(-4.039009884151,5.102999367,-11.51986672991)
  );
#7180 = CARTESIAN_POINT('',(-4.039009884151,5.099999367,-11.51986672991)
  );
#7181 = CARTESIAN_POINT('',(-4.033250892236,5.102999367,-11.51461964839)
  );
#7182 = CARTESIAN_POINT('',(-4.033250892236,5.099999367,-11.51461964839)
  );
#7183 = CARTESIAN_POINT('',(-4.029987463482,5.102999367,-11.5071329589)
  );
#7184 = CARTESIAN_POINT('',(-4.029987463482,5.099999367,-11.5071329589)
  );
#7185 = CARTESIAN_POINT('',(-4.030499373876,5.102999367,-11.49913435902)
  );
#7186 = CARTESIAN_POINT('',(-4.030499373876,5.099999367,-11.49913435902)
  );
#7187 = ADVANCED_FACE('',(#7188),#7214,.F.);
#7188 = FACE_BOUND('',#7189,.F.);
#7189 = EDGE_LOOP('',(#7190,#7191,#7200,#7207));
#7190 = ORIENTED_EDGE('',*,*,#7165,.T.);
#7191 = ORIENTED_EDGE('',*,*,#7192,.T.);
#7192 = EDGE_CURVE('',#7157,#7193,#7195,.T.);
#7193 = VERTEX_POINT('',#7194);
#7194 = CARTESIAN_POINT('',(-4.033253451787,5.102999367,-11.47936182011)
  );
#7195 = B_SPLINE_CURVE_WITH_KNOTS('',3,(#7196,#7197,#7198,#7199),
  .UNSPECIFIED.,.F.,.F.,(4,4),(0.E+000,1.),.PIECEWISE_BEZIER_KNOTS.);
#7196 = CARTESIAN_POINT('',(-4.030499373876,5.102999367,-11.49913435902)
  );
#7197 = CARTESIAN_POINT('',(-4.030499373876,5.102999367,-11.49260750151)
  );
#7198 = CARTESIAN_POINT('',(-4.031523194661,5.102999367,-11.48588867761)
  );
#7199 = CARTESIAN_POINT('',(-4.033253451787,5.102999367,-11.47936182011)
  );
#7200 = ORIENTED_EDGE('',*,*,#7201,.F.);
#7201 = EDGE_CURVE('',#7202,#7193,#7204,.T.);
#7202 = VERTEX_POINT('',#7203);
#7203 = CARTESIAN_POINT('',(-4.033253451787,5.099999367,-11.47936182011)
  );
#7204 = B_SPLINE_CURVE_WITH_KNOTS('',1,(#7205,#7206),.UNSPECIFIED.,.F.,
  .F.,(2,2),(0.E+000,3.E-003),.PIECEWISE_BEZIER_KNOTS.);
#7205 = CARTESIAN_POINT('',(-4.033253451787,5.099999367,-11.47936182011)
  );
#7206 = CARTESIAN_POINT('',(-4.033253451787,5.102999367,-11.47936182011)
  );
#7207 = ORIENTED_EDGE('',*,*,#7208,.F.);
#7208 = EDGE_CURVE('',#7166,#7202,#7209,.T.);
#7209 = B_SPLINE_CURVE_WITH_KNOTS('',3,(#7210,#7211,#7212,#7213),
  .UNSPECIFIED.,.F.,.F.,(4,4),(0.E+000,1.),.PIECEWISE_BEZIER_KNOTS.);
#7210 = CARTESIAN_POINT('',(-4.030499373876,5.099999367,-11.49913435902)
  );
#7211 = CARTESIAN_POINT('',(-4.030499373876,5.099999367,-11.49260750151)
  );
#7212 = CARTESIAN_POINT('',(-4.031523194661,5.099999367,-11.48588867761)
  );
#7213 = CARTESIAN_POINT('',(-4.033253451787,5.099999367,-11.47936182011)
  );
#7214 = B_SPLINE_SURFACE_WITH_KNOTS('',3,1,(
    (#7215,#7216)
    ,(#7217,#7218)
    ,(#7219,#7220)
    ,(#7221,#7222
    )),.UNSPECIFIED.,.F.,.F.,.F.,(4,4),(2,2),(0.E+000,1.),(-3.E-003,
    0.E+000),.PIECEWISE_BEZIER_KNOTS.);
#7215 = CARTESIAN_POINT('',(-4.030499373876,5.102999367,-11.49913435902)
  );
#7216 = CARTESIAN_POINT('',(-4.030499373876,5.099999367,-11.49913435902)
  );
#7217 = CARTESIAN_POINT('',(-4.030499373876,5.102999367,-11.49260750151)
  );
#7218 = CARTESIAN_POINT('',(-4.030499373876,5.099999367,-11.49260750151)
  );
#7219 = CARTESIAN_POINT('',(-4.031523194661,5.102999367,-11.48588867761)
  );
#7220 = CARTESIAN_POINT('',(-4.031523194661,5.099999367,-11.48588867761)
  );
#7221 = CARTESIAN_POINT('',(-4.033253451787,5.102999367,-11.47936182011)
  );
#7222 = CARTESIAN_POINT('',(-4.033253451787,5.099999367,-11.47936182011)
  );
#7223 = ADVANCED_FACE('',(#7224),#7246,.F.);
#7224 = FACE_BOUND('',#7225,.F.);
#7225 = EDGE_LOOP('',(#7226,#7227,#7234,#7241));
#7226 = ORIENTED_EDGE('',*,*,#7201,.T.);
#7227 = ORIENTED_EDGE('',*,*,#7228,.T.);
#7228 = EDGE_CURVE('',#7193,#7229,#7231,.T.);
#7229 = VERTEX_POINT('',#7230);
#7230 = CARTESIAN_POINT('',(-4.065503806514,5.102999367,-11.35912686668)
  );
#7231 = B_SPLINE_CURVE_WITH_KNOTS('',1,(#7232,#7233),.UNSPECIFIED.,.F.,
  .F.,(2,2),(0.E+000,2.431774365047),.PIECEWISE_BEZIER_KNOTS.);
#7232 = CARTESIAN_POINT('',(-4.033253451787,5.102999367,-11.47936182011)
  );
#7233 = CARTESIAN_POINT('',(-4.065503806514,5.102999367,-11.35912686668)
  );
#7234 = ORIENTED_EDGE('',*,*,#7235,.F.);
#7235 = EDGE_CURVE('',#7236,#7229,#7238,.T.);
#7236 = VERTEX_POINT('',#7237);
#7237 = CARTESIAN_POINT('',(-4.065503806514,5.099999367,-11.35912686668)
  );
#7238 = B_SPLINE_CURVE_WITH_KNOTS('',1,(#7239,#7240),.UNSPECIFIED.,.F.,
  .F.,(2,2),(0.E+000,3.E-003),.PIECEWISE_BEZIER_KNOTS.);
#7239 = CARTESIAN_POINT('',(-4.065503806514,5.099999367,-11.35912686668)
  );
#7240 = CARTESIAN_POINT('',(-4.065503806514,5.102999367,-11.35912686668)
  );
#7241 = ORIENTED_EDGE('',*,*,#7242,.F.);
#7242 = EDGE_CURVE('',#7202,#7236,#7243,.T.);
#7243 = B_SPLINE_CURVE_WITH_KNOTS('',1,(#7244,#7245),.UNSPECIFIED.,.F.,
  .F.,(2,2),(0.E+000,2.431774365047),.PIECEWISE_BEZIER_KNOTS.);
#7244 = CARTESIAN_POINT('',(-4.033253451787,5.099999367,-11.47936182011)
  );
#7245 = CARTESIAN_POINT('',(-4.065503806514,5.099999367,-11.35912686668)
  );
#7246 = B_SPLINE_SURFACE_WITH_KNOTS('',1,1,(
    (#7247,#7248)
    ,(#7249,#7250
    )),.UNSPECIFIED.,.F.,.F.,.F.,(2,2),(2,2),(0.E+000,2.431774365047),(
    -3.E-003,0.E+000),.PIECEWISE_BEZIER_KNOTS.);
#7247 = CARTESIAN_POINT('',(-4.033253451787,5.102999367,-11.47936182011)
  );
#7248 = CARTESIAN_POINT('',(-4.033253451787,5.099999367,-11.47936182011)
  );
#7249 = CARTESIAN_POINT('',(-4.065503806514,5.102999367,-11.35912686668)
  );
#7250 = CARTESIAN_POINT('',(-4.065503806514,5.099999367,-11.35912686668)
  );
#7251 = ADVANCED_FACE('',(#7252),#7274,.F.);
#7252 = FACE_BOUND('',#7253,.F.);
#7253 = EDGE_LOOP('',(#7254,#7255,#7262,#7269));
#7254 = ORIENTED_EDGE('',*,*,#7235,.T.);
#7255 = ORIENTED_EDGE('',*,*,#7256,.T.);
#7256 = EDGE_CURVE('',#7229,#7257,#7259,.T.);
#7257 = VERTEX_POINT('',#7258);
#7258 = CARTESIAN_POINT('',(-4.002986749833,5.102999367,-11.35912686668)
  );
#7259 = B_SPLINE_CURVE_WITH_KNOTS('',1,(#7260,#7261),.UNSPECIFIED.,.F.,
  .F.,(2,2),(0.E+000,1.22125),.PIECEWISE_BEZIER_KNOTS.);
#7260 = CARTESIAN_POINT('',(-4.065503806514,5.102999367,-11.35912686668)
  );
#7261 = CARTESIAN_POINT('',(-4.002986749833,5.102999367,-11.35912686668)
  );
#7262 = ORIENTED_EDGE('',*,*,#7263,.F.);
#7263 = EDGE_CURVE('',#7264,#7257,#7266,.T.);
#7264 = VERTEX_POINT('',#7265);
#7265 = CARTESIAN_POINT('',(-4.002986749833,5.099999367,-11.35912686668)
  );
#7266 = B_SPLINE_CURVE_WITH_KNOTS('',1,(#7267,#7268),.UNSPECIFIED.,.F.,
  .F.,(2,2),(0.E+000,3.E-003),.PIECEWISE_BEZIER_KNOTS.);
#7267 = CARTESIAN_POINT('',(-4.002986749833,5.099999367,-11.35912686668)
  );
#7268 = CARTESIAN_POINT('',(-4.002986749833,5.102999367,-11.35912686668)
  );
#7269 = ORIENTED_EDGE('',*,*,#7270,.F.);
#7270 = EDGE_CURVE('',#7236,#7264,#7271,.T.);
#7271 = B_SPLINE_CURVE_WITH_KNOTS('',1,(#7272,#7273),.UNSPECIFIED.,.F.,
  .F.,(2,2),(0.E+000,1.22125),.PIECEWISE_BEZIER_KNOTS.);
#7272 = CARTESIAN_POINT('',(-4.065503806514,5.099999367,-11.35912686668)
  );
#7273 = CARTESIAN_POINT('',(-4.002986749833,5.099999367,-11.35912686668)
  );
#7274 = B_SPLINE_SURFACE_WITH_KNOTS('',1,1,(
    (#7275,#7276)
    ,(#7277,#7278
    )),.UNSPECIFIED.,.F.,.F.,.F.,(2,2),(2,2),(0.E+000,1.22125),(-3.E-003
    ,0.E+000),.PIECEWISE_BEZIER_KNOTS.);
#7275 = CARTESIAN_POINT('',(-4.065503806514,5.102999367,-11.35912686668)
  );
#7276 = CARTESIAN_POINT('',(-4.065503806514,5.099999367,-11.35912686668)
  );
#7277 = CARTESIAN_POINT('',(-4.002986749833,5.102999367,-11.35912686668)
  );
#7278 = CARTESIAN_POINT('',(-4.002986749833,5.099999367,-11.35912686668)
  );
#7279 = ADVANCED_FACE('',(#7280),#7302,.F.);
#7280 = FACE_BOUND('',#7281,.F.);
#7281 = EDGE_LOOP('',(#7282,#7283,#7290,#7297));
#7282 = ORIENTED_EDGE('',*,*,#7263,.T.);
#7283 = ORIENTED_EDGE('',*,*,#7284,.T.);
#7284 = EDGE_CURVE('',#7257,#7285,#7287,.T.);
#7285 = VERTEX_POINT('',#7286);
#7286 = CARTESIAN_POINT('',(-3.9712483055,5.102999367,-11.47661030175));
#7287 = B_SPLINE_CURVE_WITH_KNOTS('',1,(#7288,#7289),.UNSPECIFIED.,.F.,
  .F.,(2,2),(0.E+000,2.377272596906),.PIECEWISE_BEZIER_KNOTS.);
#7288 = CARTESIAN_POINT('',(-4.002986749833,5.102999367,-11.35912686668)
  );
#7289 = CARTESIAN_POINT('',(-3.9712483055,5.102999367,-11.47661030175));
#7290 = ORIENTED_EDGE('',*,*,#7291,.F.);
#7291 = EDGE_CURVE('',#7292,#7285,#7294,.T.);
#7292 = VERTEX_POINT('',#7293);
#7293 = CARTESIAN_POINT('',(-3.9712483055,5.099999367,-11.47661030175));
#7294 = B_SPLINE_CURVE_WITH_KNOTS('',1,(#7295,#7296),.UNSPECIFIED.,.F.,
  .F.,(2,2),(0.E+000,3.E-003),.PIECEWISE_BEZIER_KNOTS.);
#7295 = CARTESIAN_POINT('',(-3.9712483055,5.099999367,-11.47661030175));
#7296 = CARTESIAN_POINT('',(-3.9712483055,5.102999367,-11.47661030175));
#7297 = ORIENTED_EDGE('',*,*,#7298,.F.);
#7298 = EDGE_CURVE('',#7264,#7292,#7299,.T.);
#7299 = B_SPLINE_CURVE_WITH_KNOTS('',1,(#7300,#7301),.UNSPECIFIED.,.F.,
  .F.,(2,2),(0.E+000,2.377272596906),.PIECEWISE_BEZIER_KNOTS.);
#7300 = CARTESIAN_POINT('',(-4.002986749833,5.099999367,-11.35912686668)
  );
#7301 = CARTESIAN_POINT('',(-3.9712483055,5.099999367,-11.47661030175));
#7302 = B_SPLINE_SURFACE_WITH_KNOTS('',1,1,(
    (#7303,#7304)
    ,(#7305,#7306
    )),.UNSPECIFIED.,.F.,.F.,.F.,(2,2),(2,2),(0.E+000,2.377272596906),(
    -3.E-003,0.E+000),.PIECEWISE_BEZIER_KNOTS.);
#7303 = CARTESIAN_POINT('',(-4.002986749833,5.102999367,-11.35912686668)
  );
#7304 = CARTESIAN_POINT('',(-4.002986749833,5.099999367,-11.35912686668)
  );
#7305 = CARTESIAN_POINT('',(-3.9712483055,5.102999367,-11.47661030175));
#7306 = CARTESIAN_POINT('',(-3.9712483055,5.099999367,-11.47661030175));
#7307 = ADVANCED_FACE('',(#7308),#7334,.F.);
#7308 = FACE_BOUND('',#7309,.F.);
#7309 = EDGE_LOOP('',(#7310,#7311,#7320,#7327));
#7310 = ORIENTED_EDGE('',*,*,#7291,.T.);
#7311 = ORIENTED_EDGE('',*,*,#7312,.T.);
#7312 = EDGE_CURVE('',#7285,#7313,#7315,.T.);
#7313 = VERTEX_POINT('',#7314);
#7314 = CARTESIAN_POINT('',(-3.964273526401,5.102999367,-11.51833099873)
  );
#7315 = B_SPLINE_CURVE_WITH_KNOTS('',3,(#7316,#7317,#7318,#7319),
  .UNSPECIFIED.,.F.,.F.,(4,4),(0.E+000,1.),.PIECEWISE_BEZIER_KNOTS.);
#7316 = CARTESIAN_POINT('',(-3.9712483055,5.102999367,-11.47661030175));
#7317 = CARTESIAN_POINT('',(-3.967280999957,5.102999367,-11.49011193835)
  );
#7318 = CARTESIAN_POINT('',(-3.964977403191,5.102999367,-11.50412548535)
  );
#7319 = CARTESIAN_POINT('',(-3.964273526401,5.102999367,-11.51833099873)
  );
#7320 = ORIENTED_EDGE('',*,*,#7321,.F.);
#7321 = EDGE_CURVE('',#7322,#7313,#7324,.T.);
#7322 = VERTEX_POINT('',#7323);
#7323 = CARTESIAN_POINT('',(-3.964273526401,5.099999367,-11.51833099873)
  );
#7324 = B_SPLINE_CURVE_WITH_KNOTS('',1,(#7325,#7326),.UNSPECIFIED.,.F.,
  .F.,(2,2),(0.E+000,3.E-003),.PIECEWISE_BEZIER_KNOTS.);
#7325 = CARTESIAN_POINT('',(-3.964273526401,5.099999367,-11.51833099873)
  );
#7326 = CARTESIAN_POINT('',(-3.964273526401,5.102999367,-11.51833099873)
  );
#7327 = ORIENTED_EDGE('',*,*,#7328,.F.);
#7328 = EDGE_CURVE('',#7292,#7322,#7329,.T.);
#7329 = B_SPLINE_CURVE_WITH_KNOTS('',3,(#7330,#7331,#7332,#7333),
  .UNSPECIFIED.,.F.,.F.,(4,4),(0.E+000,1.),.PIECEWISE_BEZIER_KNOTS.);
#7330 = CARTESIAN_POINT('',(-3.9712483055,5.099999367,-11.47661030175));
#7331 = CARTESIAN_POINT('',(-3.967280999957,5.099999367,-11.49011193835)
  );
#7332 = CARTESIAN_POINT('',(-3.964977403191,5.099999367,-11.50412548535)
  );
#7333 = CARTESIAN_POINT('',(-3.964273526401,5.099999367,-11.51833099873)
  );
#7334 = B_SPLINE_SURFACE_WITH_KNOTS('',3,1,(
    (#7335,#7336)
    ,(#7337,#7338)
    ,(#7339,#7340)
    ,(#7341,#7342
    )),.UNSPECIFIED.,.F.,.F.,.F.,(4,4),(2,2),(0.E+000,1.),(-3.E-003,
    0.E+000),.PIECEWISE_BEZIER_KNOTS.);
#7335 = CARTESIAN_POINT('',(-3.9712483055,5.102999367,-11.47661030175));
#7336 = CARTESIAN_POINT('',(-3.9712483055,5.099999367,-11.47661030175));
#7337 = CARTESIAN_POINT('',(-3.967280999957,5.102999367,-11.49011193835)
  );
#7338 = CARTESIAN_POINT('',(-3.967280999957,5.099999367,-11.49011193835)
  );
#7339 = CARTESIAN_POINT('',(-3.964977403191,5.102999367,-11.50412548535)
  );
#7340 = CARTESIAN_POINT('',(-3.964977403191,5.099999367,-11.50412548535)
  );
#7341 = CARTESIAN_POINT('',(-3.964273526401,5.102999367,-11.51833099873)
  );
#7342 = CARTESIAN_POINT('',(-3.964273526401,5.099999367,-11.51833099873)
  );
#7343 = ADVANCED_FACE('',(#7344),#7370,.F.);
#7344 = FACE_BOUND('',#7345,.F.);
#7345 = EDGE_LOOP('',(#7346,#7347,#7356,#7363));
#7346 = ORIENTED_EDGE('',*,*,#7321,.T.);
#7347 = ORIENTED_EDGE('',*,*,#7348,.T.);
#7348 = EDGE_CURVE('',#7313,#7349,#7351,.T.);
#7349 = VERTEX_POINT('',#7350);
#7350 = CARTESIAN_POINT('',(-3.983534154918,5.102999367,-11.56286720288)
  );
#7351 = B_SPLINE_CURVE_WITH_KNOTS('',3,(#7352,#7353,#7354,#7355),
  .UNSPECIFIED.,.F.,.F.,(4,4),(0.E+000,1.),.PIECEWISE_BEZIER_KNOTS.);
#7352 = CARTESIAN_POINT('',(-3.964273526401,5.102999367,-11.51833099873)
  );
#7353 = CARTESIAN_POINT('',(-3.964017571205,5.102999367,-11.53535201929)
  );
#7354 = CARTESIAN_POINT('',(-3.970992350302,5.102999367,-11.55160517425)
  );
#7355 = CARTESIAN_POINT('',(-3.983534154918,5.102999367,-11.56286720288)
  );
#7356 = ORIENTED_EDGE('',*,*,#7357,.F.);
#7357 = EDGE_CURVE('',#7358,#7349,#7360,.T.);
#7358 = VERTEX_POINT('',#7359);
#7359 = CARTESIAN_POINT('',(-3.983534154918,5.099999367,-11.56286720288)
  );
#7360 = B_SPLINE_CURVE_WITH_KNOTS('',1,(#7361,#7362),.UNSPECIFIED.,.F.,
  .F.,(2,2),(0.E+000,3.E-003),.PIECEWISE_BEZIER_KNOTS.);
#7361 = CARTESIAN_POINT('',(-3.983534154918,5.099999367,-11.56286720288)
  );
#7362 = CARTESIAN_POINT('',(-3.983534154918,5.102999367,-11.56286720288)
  );
#7363 = ORIENTED_EDGE('',*,*,#7364,.F.);
#7364 = EDGE_CURVE('',#7322,#7358,#7365,.T.);
#7365 = B_SPLINE_CURVE_WITH_KNOTS('',3,(#7366,#7367,#7368,#7369),
  .UNSPECIFIED.,.F.,.F.,(4,4),(0.E+000,1.),.PIECEWISE_BEZIER_KNOTS.);
#7366 = CARTESIAN_POINT('',(-3.964273526401,5.099999367,-11.51833099873)
  );
#7367 = CARTESIAN_POINT('',(-3.964017571205,5.099999367,-11.53535201929)
  );
#7368 = CARTESIAN_POINT('',(-3.970992350302,5.099999367,-11.55160517425)
  );
#7369 = CARTESIAN_POINT('',(-3.983534154918,5.099999367,-11.56286720288)
  );
#7370 = B_SPLINE_SURFACE_WITH_KNOTS('',3,1,(
    (#7371,#7372)
    ,(#7373,#7374)
    ,(#7375,#7376)
    ,(#7377,#7378
    )),.UNSPECIFIED.,.F.,.F.,.F.,(4,4),(2,2),(0.E+000,1.),(-3.E-003,
    0.E+000),.PIECEWISE_BEZIER_KNOTS.);
#7371 = CARTESIAN_POINT('',(-3.964273526401,5.102999367,-11.51833099873)
  );
#7372 = CARTESIAN_POINT('',(-3.964273526401,5.099999367,-11.51833099873)
  );
#7373 = CARTESIAN_POINT('',(-3.964017571205,5.102999367,-11.53535201929)
  );
#7374 = CARTESIAN_POINT('',(-3.964017571205,5.099999367,-11.53535201929)
  );
#7375 = CARTESIAN_POINT('',(-3.970992350302,5.102999367,-11.55160517425)
  );
#7376 = CARTESIAN_POINT('',(-3.970992350302,5.099999367,-11.55160517425)
  );
#7377 = CARTESIAN_POINT('',(-3.983534154918,5.102999367,-11.56286720288)
  );
#7378 = CARTESIAN_POINT('',(-3.983534154918,5.099999367,-11.56286720288)
  );
#7379 = ADVANCED_FACE('',(#7380),#7406,.F.);
#7380 = FACE_BOUND('',#7381,.F.);
#7381 = EDGE_LOOP('',(#7382,#7383,#7392,#7399));
#7382 = ORIENTED_EDGE('',*,*,#7357,.T.);
#7383 = ORIENTED_EDGE('',*,*,#7384,.T.);
#7384 = EDGE_CURVE('',#7349,#7385,#7387,.T.);
#7385 = VERTEX_POINT('',#7386);
#7386 = CARTESIAN_POINT('',(-4.029478112642,5.102999367,-11.57835249225)
  );
#7387 = B_SPLINE_CURVE_WITH_KNOTS('',3,(#7388,#7389,#7390,#7391),
  .UNSPECIFIED.,.F.,.F.,(4,4),(0.E+000,1.),.PIECEWISE_BEZIER_KNOTS.);
#7388 = CARTESIAN_POINT('',(-3.983534154918,5.102999367,-11.56286720288)
  );
#7389 = CARTESIAN_POINT('',(-3.995756015538,5.102999367,-11.57438518671)
  );
#7390 = CARTESIAN_POINT('',(-4.012521080891,5.102999367,-11.58008018983)
  );
#7391 = CARTESIAN_POINT('',(-4.029478112642,5.102999367,-11.57835249225)
  );
#7392 = ORIENTED_EDGE('',*,*,#7393,.F.);
#7393 = EDGE_CURVE('',#7394,#7385,#7396,.T.);
#7394 = VERTEX_POINT('',#7395);
#7395 = CARTESIAN_POINT('',(-4.029478112642,5.099999367,-11.57835249225)
  );
#7396 = B_SPLINE_CURVE_WITH_KNOTS('',1,(#7397,#7398),.UNSPECIFIED.,.F.,
  .F.,(2,2),(0.E+000,3.E-003),.PIECEWISE_BEZIER_KNOTS.);
#7397 = CARTESIAN_POINT('',(-4.029478112642,5.099999367,-11.57835249225)
  );
#7398 = CARTESIAN_POINT('',(-4.029478112642,5.102999367,-11.57835249225)
  );
#7399 = ORIENTED_EDGE('',*,*,#7400,.F.);
#7400 = EDGE_CURVE('',#7358,#7394,#7401,.T.);
#7401 = B_SPLINE_CURVE_WITH_KNOTS('',3,(#7402,#7403,#7404,#7405),
  .UNSPECIFIED.,.F.,.F.,(4,4),(0.E+000,1.),.PIECEWISE_BEZIER_KNOTS.);
#7402 = CARTESIAN_POINT('',(-3.983534154918,5.099999367,-11.56286720288)
  );
#7403 = CARTESIAN_POINT('',(-3.995756015538,5.099999367,-11.57438518671)
  );
#7404 = CARTESIAN_POINT('',(-4.012521080891,5.099999367,-11.58008018983)
  );
#7405 = CARTESIAN_POINT('',(-4.029478112642,5.099999367,-11.57835249225)
  );
#7406 = B_SPLINE_SURFACE_WITH_KNOTS('',3,1,(
    (#7407,#7408)
    ,(#7409,#7410)
    ,(#7411,#7412)
    ,(#7413,#7414
    )),.UNSPECIFIED.,.F.,.F.,.F.,(4,4),(2,2),(0.E+000,1.),(-3.E-003,
    0.E+000),.PIECEWISE_BEZIER_KNOTS.);
#7407 = CARTESIAN_POINT('',(-3.983534154918,5.102999367,-11.56286720288)
  );
#7408 = CARTESIAN_POINT('',(-3.983534154918,5.099999367,-11.56286720288)
  );
#7409 = CARTESIAN_POINT('',(-3.995756015538,5.102999367,-11.57438518671)
  );
#7410 = CARTESIAN_POINT('',(-3.995756015538,5.099999367,-11.57438518671)
  );
#7411 = CARTESIAN_POINT('',(-4.012521080891,5.102999367,-11.58008018983)
  );
#7412 = CARTESIAN_POINT('',(-4.012521080891,5.099999367,-11.58008018983)
  );
#7413 = CARTESIAN_POINT('',(-4.029478112642,5.102999367,-11.57835249225)
  );
#7414 = CARTESIAN_POINT('',(-4.029478112642,5.099999367,-11.57835249225)
  );
#7415 = ADVANCED_FACE('',(#7416),#7442,.F.);
#7416 = FACE_BOUND('',#7417,.F.);
#7417 = EDGE_LOOP('',(#7418,#7419,#7428,#7435));
#7418 = ORIENTED_EDGE('',*,*,#7393,.T.);
#7419 = ORIENTED_EDGE('',*,*,#7420,.T.);
#7420 = EDGE_CURVE('',#7385,#7421,#7423,.T.);
#7421 = VERTEX_POINT('',#7422);
#7422 = CARTESIAN_POINT('',(-4.088987695767,5.102999367,-11.55134921905)
  );
#7423 = B_SPLINE_CURVE_WITH_KNOTS('',3,(#7424,#7425,#7426,#7427),
  .UNSPECIFIED.,.F.,.F.,(4,4),(0.E+000,1.),.PIECEWISE_BEZIER_KNOTS.);
#7424 = CARTESIAN_POINT('',(-4.029478112642,5.102999367,-11.57835249225)
  );
#7425 = CARTESIAN_POINT('',(-4.052002169912,5.102999367,-11.57707271627)
  );
#7426 = CARTESIAN_POINT('',(-4.0732464512,5.102999367,-11.56760237401));
#7427 = CARTESIAN_POINT('',(-4.088987695767,5.102999367,-11.55134921905)
  );
#7428 = ORIENTED_EDGE('',*,*,#7429,.F.);
#7429 = EDGE_CURVE('',#7430,#7421,#7432,.T.);
#7430 = VERTEX_POINT('',#7431);
#7431 = CARTESIAN_POINT('',(-4.088987695767,5.099999367,-11.55134921905)
  );
#7432 = B_SPLINE_CURVE_WITH_KNOTS('',1,(#7433,#7434),.UNSPECIFIED.,.F.,
  .F.,(2,2),(0.E+000,3.E-003),.PIECEWISE_BEZIER_KNOTS.);
#7433 = CARTESIAN_POINT('',(-4.088987695767,5.099999367,-11.55134921905)
  );
#7434 = CARTESIAN_POINT('',(-4.088987695767,5.102999367,-11.55134921905)
  );
#7435 = ORIENTED_EDGE('',*,*,#7436,.F.);
#7436 = EDGE_CURVE('',#7394,#7430,#7437,.T.);
#7437 = B_SPLINE_CURVE_WITH_KNOTS('',3,(#7438,#7439,#7440,#7441),
  .UNSPECIFIED.,.F.,.F.,(4,4),(0.E+000,1.),.PIECEWISE_BEZIER_KNOTS.);
#7438 = CARTESIAN_POINT('',(-4.029478112642,5.099999367,-11.57835249225)
  );
#7439 = CARTESIAN_POINT('',(-4.052002169912,5.099999367,-11.57707271627)
  );
#7440 = CARTESIAN_POINT('',(-4.0732464512,5.099999367,-11.56760237401));
#7441 = CARTESIAN_POINT('',(-4.088987695767,5.099999367,-11.55134921905)
  );
#7442 = B_SPLINE_SURFACE_WITH_KNOTS('',3,1,(
    (#7443,#7444)
    ,(#7445,#7446)
    ,(#7447,#7448)
    ,(#7449,#7450
    )),.UNSPECIFIED.,.F.,.F.,.F.,(4,4),(2,2),(0.E+000,1.),(-3.E-003,
    0.E+000),.PIECEWISE_BEZIER_KNOTS.);
#7443 = CARTESIAN_POINT('',(-4.029478112642,5.102999367,-11.57835249225)
  );
#7444 = CARTESIAN_POINT('',(-4.029478112642,5.099999367,-11.57835249225)
  );
#7445 = CARTESIAN_POINT('',(-4.052002169912,5.102999367,-11.57707271627)
  );
#7446 = CARTESIAN_POINT('',(-4.052002169912,5.099999367,-11.57707271627)
  );
#7447 = CARTESIAN_POINT('',(-4.0732464512,5.102999367,-11.56760237401));
#7448 = CARTESIAN_POINT('',(-4.0732464512,5.099999367,-11.56760237401));
#7449 = CARTESIAN_POINT('',(-4.088987695767,5.102999367,-11.55134921905)
  );
#7450 = CARTESIAN_POINT('',(-4.088987695767,5.099999367,-11.55134921905)
  );
#7451 = ADVANCED_FACE('',(#7452),#7474,.F.);
#7452 = FACE_BOUND('',#7453,.F.);
#7453 = EDGE_LOOP('',(#7454,#7455,#7462,#7469));
#7454 = ORIENTED_EDGE('',*,*,#7429,.T.);
#7455 = ORIENTED_EDGE('',*,*,#7456,.T.);
#7456 = EDGE_CURVE('',#7421,#7457,#7459,.T.);
#7457 = VERTEX_POINT('',#7458);
#7458 = CARTESIAN_POINT('',(-4.083228703852,5.102999367,-11.57835249225)
  );
#7459 = B_SPLINE_CURVE_WITH_KNOTS('',1,(#7460,#7461),.UNSPECIFIED.,.F.,
  .F.,(2,2),(0.E+000,0.539363050273),.PIECEWISE_BEZIER_KNOTS.);
#7460 = CARTESIAN_POINT('',(-4.088987695767,5.102999367,-11.55134921905)
  );
#7461 = CARTESIAN_POINT('',(-4.083228703852,5.102999367,-11.57835249225)
  );
#7462 = ORIENTED_EDGE('',*,*,#7463,.F.);
#7463 = EDGE_CURVE('',#7464,#7457,#7466,.T.);
#7464 = VERTEX_POINT('',#7465);
#7465 = CARTESIAN_POINT('',(-4.083228703852,5.099999367,-11.57835249225)
  );
#7466 = B_SPLINE_CURVE_WITH_KNOTS('',1,(#7467,#7468),.UNSPECIFIED.,.F.,
  .F.,(2,2),(0.E+000,3.E-003),.PIECEWISE_BEZIER_KNOTS.);
#7467 = CARTESIAN_POINT('',(-4.083228703852,5.099999367,-11.57835249225)
  );
#7468 = CARTESIAN_POINT('',(-4.083228703852,5.102999367,-11.57835249225)
  );
#7469 = ORIENTED_EDGE('',*,*,#7470,.F.);
#7470 = EDGE_CURVE('',#7430,#7464,#7471,.T.);
#7471 = B_SPLINE_CURVE_WITH_KNOTS('',1,(#7472,#7473),.UNSPECIFIED.,.F.,
  .F.,(2,2),(0.E+000,0.539363050273),.PIECEWISE_BEZIER_KNOTS.);
#7472 = CARTESIAN_POINT('',(-4.088987695767,5.099999367,-11.55134921905)
  );
#7473 = CARTESIAN_POINT('',(-4.083228703852,5.099999367,-11.57835249225)
  );
#7474 = B_SPLINE_SURFACE_WITH_KNOTS('',1,1,(
    (#7475,#7476)
    ,(#7477,#7478
    )),.UNSPECIFIED.,.F.,.F.,.F.,(2,2),(2,2),(0.E+000,0.539363050273),(
    -3.E-003,0.E+000),.PIECEWISE_BEZIER_KNOTS.);
#7475 = CARTESIAN_POINT('',(-4.088987695767,5.102999367,-11.55134921905)
  );
#7476 = CARTESIAN_POINT('',(-4.088987695767,5.099999367,-11.55134921905)
  );
#7477 = CARTESIAN_POINT('',(-4.083228703852,5.102999367,-11.57835249225)
  );
#7478 = CARTESIAN_POINT('',(-4.083228703852,5.099999367,-11.57835249225)
  );
#7479 = ADVANCED_FACE('',(#7480),#7502,.F.);
#7480 = FACE_BOUND('',#7481,.F.);
#7481 = EDGE_LOOP('',(#7482,#7483,#7490,#7497));
#7482 = ORIENTED_EDGE('',*,*,#7463,.T.);
#7483 = ORIENTED_EDGE('',*,*,#7484,.T.);
#7484 = EDGE_CURVE('',#7457,#7485,#7487,.T.);
#7485 = VERTEX_POINT('',#7486);
#7486 = CARTESIAN_POINT('',(-4.145489805337,5.102999367,-11.57835249225)
  );
#7487 = B_SPLINE_CURVE_WITH_KNOTS('',1,(#7488,#7489),.UNSPECIFIED.,.F.,
  .F.,(2,2),(0.E+000,1.21625),.PIECEWISE_BEZIER_KNOTS.);
#7488 = CARTESIAN_POINT('',(-4.083228703852,5.102999367,-11.57835249225)
  );
#7489 = CARTESIAN_POINT('',(-4.145489805337,5.102999367,-11.57835249225)
  );
#7490 = ORIENTED_EDGE('',*,*,#7491,.F.);
#7491 = EDGE_CURVE('',#7492,#7485,#7494,.T.);
#7492 = VERTEX_POINT('',#7493);
#7493 = CARTESIAN_POINT('',(-4.145489805337,5.099999367,-11.57835249225)
  );
#7494 = B_SPLINE_CURVE_WITH_KNOTS('',1,(#7495,#7496),.UNSPECIFIED.,.F.,
  .F.,(2,2),(0.E+000,3.E-003),.PIECEWISE_BEZIER_KNOTS.);
#7495 = CARTESIAN_POINT('',(-4.145489805337,5.099999367,-11.57835249225)
  );
#7496 = CARTESIAN_POINT('',(-4.145489805337,5.102999367,-11.57835249225)
  );
#7497 = ORIENTED_EDGE('',*,*,#7498,.F.);
#7498 = EDGE_CURVE('',#7464,#7492,#7499,.T.);
#7499 = B_SPLINE_CURVE_WITH_KNOTS('',1,(#7500,#7501),.UNSPECIFIED.,.F.,
  .F.,(2,2),(0.E+000,1.21625),.PIECEWISE_BEZIER_KNOTS.);
#7500 = CARTESIAN_POINT('',(-4.083228703852,5.099999367,-11.57835249225)
  );
#7501 = CARTESIAN_POINT('',(-4.145489805337,5.099999367,-11.57835249225)
  );
#7502 = B_SPLINE_SURFACE_WITH_KNOTS('',1,1,(
    (#7503,#7504)
    ,(#7505,#7506
    )),.UNSPECIFIED.,.F.,.F.,.F.,(2,2),(2,2),(0.E+000,1.21625),(-3.E-003
    ,0.E+000),.PIECEWISE_BEZIER_KNOTS.);
#7503 = CARTESIAN_POINT('',(-4.083228703852,5.102999367,-11.57835249225)
  );
#7504 = CARTESIAN_POINT('',(-4.083228703852,5.099999367,-11.57835249225)
  );
#7505 = CARTESIAN_POINT('',(-4.145489805337,5.102999367,-11.57835249225)
  );
#7506 = CARTESIAN_POINT('',(-4.145489805337,5.099999367,-11.57835249225)
  );
#7507 = ADVANCED_FACE('',(#7508),#7530,.F.);
#7508 = FACE_BOUND('',#7509,.F.);
#7509 = EDGE_LOOP('',(#7510,#7511,#7518,#7525));
#7510 = ORIENTED_EDGE('',*,*,#7491,.T.);
#7511 = ORIENTED_EDGE('',*,*,#7512,.T.);
#7512 = EDGE_CURVE('',#7485,#7513,#7515,.T.);
#7513 = VERTEX_POINT('',#7514);
#7514 = CARTESIAN_POINT('',(-4.204231522873,5.102999367,-11.35611939312)
  );
#7515 = B_SPLINE_CURVE_WITH_KNOTS('',1,(#7516,#7517),.UNSPECIFIED.,.F.,
  .F.,(2,2),(0.E+000,4.490346068233),.PIECEWISE_BEZIER_KNOTS.);
#7516 = CARTESIAN_POINT('',(-4.145489805337,5.102999367,-11.57835249225)
  );
#7517 = CARTESIAN_POINT('',(-4.204231522873,5.102999367,-11.35611939312)
  );
#7518 = ORIENTED_EDGE('',*,*,#7519,.F.);
#7519 = EDGE_CURVE('',#7520,#7513,#7522,.T.);
#7520 = VERTEX_POINT('',#7521);
#7521 = CARTESIAN_POINT('',(-4.204231522873,5.099999367,-11.35611939312)
  );
#7522 = B_SPLINE_CURVE_WITH_KNOTS('',1,(#7523,#7524),.UNSPECIFIED.,.F.,
  .F.,(2,2),(0.E+000,3.E-003),.PIECEWISE_BEZIER_KNOTS.);
#7523 = CARTESIAN_POINT('',(-4.204231522873,5.099999367,-11.35611939312)
  );
#7524 = CARTESIAN_POINT('',(-4.204231522873,5.102999367,-11.35611939312)
  );
#7525 = ORIENTED_EDGE('',*,*,#7526,.F.);
#7526 = EDGE_CURVE('',#7492,#7520,#7527,.T.);
#7527 = B_SPLINE_CURVE_WITH_KNOTS('',1,(#7528,#7529),.UNSPECIFIED.,.F.,
  .F.,(2,2),(0.E+000,4.490346068233),.PIECEWISE_BEZIER_KNOTS.);
#7528 = CARTESIAN_POINT('',(-4.145489805337,5.099999367,-11.57835249225)
  );
#7529 = CARTESIAN_POINT('',(-4.204231522873,5.099999367,-11.35611939312)
  );
#7530 = B_SPLINE_SURFACE_WITH_KNOTS('',1,1,(
    (#7531,#7532)
    ,(#7533,#7534
    )),.UNSPECIFIED.,.F.,.F.,.F.,(2,2),(2,2),(0.E+000,4.490346068233),(
    -3.E-003,0.E+000),.PIECEWISE_BEZIER_KNOTS.);
#7531 = CARTESIAN_POINT('',(-4.145489805337,5.102999367,-11.57835249225)
  );
#7532 = CARTESIAN_POINT('',(-4.145489805337,5.099999367,-11.57835249225)
  );
#7533 = CARTESIAN_POINT('',(-4.204231522873,5.102999367,-11.35611939312)
  );
#7534 = CARTESIAN_POINT('',(-4.204231522873,5.099999367,-11.35611939312)
  );
#7535 = ADVANCED_FACE('',(#7536),#7550,.F.);
#7536 = FACE_BOUND('',#7537,.F.);
#7537 = EDGE_LOOP('',(#7538,#7539,#7544,#7545));
#7538 = ORIENTED_EDGE('',*,*,#7519,.T.);
#7539 = ORIENTED_EDGE('',*,*,#7540,.T.);
#7540 = EDGE_CURVE('',#7513,#7022,#7541,.T.);
#7541 = B_SPLINE_CURVE_WITH_KNOTS('',1,(#7542,#7543),.UNSPECIFIED.,.F.,
  .F.,(2,2),(0.E+000,4.999999997324E-005),.PIECEWISE_BEZIER_KNOTS.);
#7542 = CARTESIAN_POINT('',(-4.204231522873,5.102999367,-11.35611939312)
  );
#7543 = CARTESIAN_POINT('',(-4.204228963322,5.102999367,-11.35611939312)
  );
#7544 = ORIENTED_EDGE('',*,*,#7019,.F.);
#7545 = ORIENTED_EDGE('',*,*,#7546,.F.);
#7546 = EDGE_CURVE('',#7520,#7020,#7547,.T.);
#7547 = B_SPLINE_CURVE_WITH_KNOTS('',1,(#7548,#7549),.UNSPECIFIED.,.F.,
  .F.,(2,2),(0.E+000,4.999999997324E-005),.PIECEWISE_BEZIER_KNOTS.);
#7548 = CARTESIAN_POINT('',(-4.204231522873,5.099999367,-11.35611939312)
  );
#7549 = CARTESIAN_POINT('',(-4.204228963322,5.099999367,-11.35611939312)
  );
#7550 = B_SPLINE_SURFACE_WITH_KNOTS('',1,1,(
    (#7551,#7552)
    ,(#7553,#7554
    )),.UNSPECIFIED.,.F.,.F.,.F.,(2,2),(2,2),(0.E+000,
    4.999999997324E-005),(-3.E-003,0.E+000),.PIECEWISE_BEZIER_KNOTS.);
#7551 = CARTESIAN_POINT('',(-4.204231522873,5.102999367,-11.35611939312)
  );
#7552 = CARTESIAN_POINT('',(-4.204231522873,5.099999367,-11.35611939312)
  );
#7553 = CARTESIAN_POINT('',(-4.204228963322,5.102999367,-11.35611939312)
  );
#7554 = CARTESIAN_POINT('',(-4.204228963322,5.099999367,-11.35611939312)
  );
#7555 = ADVANCED_FACE('',(#7556),#7575,.F.);
#7556 = FACE_BOUND('',#7557,.F.);
#7557 = EDGE_LOOP('',(#7558,#7559,#7560,#7561,#7562,#7563,#7564,#7565,
    #7566,#7567,#7568,#7569,#7570,#7571,#7572,#7573,#7574));
#7558 = ORIENTED_EDGE('',*,*,#7042,.T.);
#7559 = ORIENTED_EDGE('',*,*,#7070,.T.);
#7560 = ORIENTED_EDGE('',*,*,#7100,.T.);
#7561 = ORIENTED_EDGE('',*,*,#7136,.T.);
#7562 = ORIENTED_EDGE('',*,*,#7172,.T.);
#7563 = ORIENTED_EDGE('',*,*,#7208,.T.);
#7564 = ORIENTED_EDGE('',*,*,#7242,.T.);
#7565 = ORIENTED_EDGE('',*,*,#7270,.T.);
#7566 = ORIENTED_EDGE('',*,*,#7298,.T.);
#7567 = ORIENTED_EDGE('',*,*,#7328,.T.);
#7568 = ORIENTED_EDGE('',*,*,#7364,.T.);
#7569 = ORIENTED_EDGE('',*,*,#7400,.T.);
#7570 = ORIENTED_EDGE('',*,*,#7436,.T.);
#7571 = ORIENTED_EDGE('',*,*,#7470,.T.);
#7572 = ORIENTED_EDGE('',*,*,#7498,.T.);
#7573 = ORIENTED_EDGE('',*,*,#7526,.T.);
#7574 = ORIENTED_EDGE('',*,*,#7546,.T.);
#7575 = B_SPLINE_SURFACE_WITH_KNOTS('',1,1,(
    (#7576,#7577)
    ,(#7578,#7579
    )),.UNSPECIFIED.,.F.,.F.,.F.,(2,2),(2,2),(-4.641094525286,
    4.891205144077),(-36.26814015341,-27.38080695076),
  .PIECEWISE_BEZIER_KNOTS.);
#7576 = CARTESIAN_POINT('',(-4.204231522873,5.099999367,-11.35611939312)
  );
#7577 = CARTESIAN_POINT('',(-4.204231522873,5.099999367,-11.58008018983)
  );
#7578 = CARTESIAN_POINT('',(-3.964017571205,5.099999367,-11.35611939312)
  );
#7579 = CARTESIAN_POINT('',(-3.964017571205,5.099999367,-11.58008018983)
  );
#7580 = ADVANCED_FACE('',(#7581),#7600,.T.);
#7581 = FACE_BOUND('',#7582,.T.);
#7582 = EDGE_LOOP('',(#7583,#7584,#7585,#7586,#7587,#7588,#7589,#7590,
    #7591,#7592,#7593,#7594,#7595,#7596,#7597,#7598,#7599));
#7583 = ORIENTED_EDGE('',*,*,#7028,.T.);
#7584 = ORIENTED_EDGE('',*,*,#7056,.T.);
#7585 = ORIENTED_EDGE('',*,*,#7084,.T.);
#7586 = ORIENTED_EDGE('',*,*,#7120,.T.);
#7587 = ORIENTED_EDGE('',*,*,#7156,.T.);
#7588 = ORIENTED_EDGE('',*,*,#7192,.T.);
#7589 = ORIENTED_EDGE('',*,*,#7228,.T.);
#7590 = ORIENTED_EDGE('',*,*,#7256,.T.);
#7591 = ORIENTED_EDGE('',*,*,#7284,.T.);
#7592 = ORIENTED_EDGE('',*,*,#7312,.T.);
#7593 = ORIENTED_EDGE('',*,*,#7348,.T.);
#7594 = ORIENTED_EDGE('',*,*,#7384,.T.);
#7595 = ORIENTED_EDGE('',*,*,#7420,.T.);
#7596 = ORIENTED_EDGE('',*,*,#7456,.T.);
#7597 = ORIENTED_EDGE('',*,*,#7484,.T.);
#7598 = ORIENTED_EDGE('',*,*,#7512,.T.);
#7599 = ORIENTED_EDGE('',*,*,#7540,.T.);
#7600 = B_SPLINE_SURFACE_WITH_KNOTS('',1,1,(
    (#7601,#7602)
    ,(#7603,#7604
    )),.UNSPECIFIED.,.F.,.F.,.F.,(2,2),(2,2),(-4.641094525286,
    4.891205144077),(-36.26814015341,-27.38080695076),
  .PIECEWISE_BEZIER_KNOTS.);
#7601 = CARTESIAN_POINT('',(-4.204231522873,5.102999367,-11.35611939312)
  );
#7602 = CARTESIAN_POINT('',(-4.204231522873,5.102999367,-11.58008018983)
  );
#7603 = CARTESIAN_POINT('',(-3.964017571205,5.102999367,-11.35611939312)
  );
#7604 = CARTESIAN_POINT('',(-3.964017571205,5.102999367,-11.58008018983)
  );
#7605 = ( GEOMETRIC_REPRESENTATION_CONTEXT(3) 
GLOBAL_UNCERTAINTY_ASSIGNED_CONTEXT((#7609)) 
GLOBAL_UNIT_ASSIGNED_CONTEXT((#7606,#7607,#7608)) REPRESENTATION_CONTEXT
('Context #1','3D Context with UNIT and UNCERTAINTY') );
#7606 = ( LENGTH_UNIT() NAMED_UNIT(*) SI_UNIT(.MILLI.,.METRE.) );
#7607 = ( NAMED_UNIT(*) PLANE_ANGLE_UNIT() SI_UNIT($,.RADIAN.) );
#7608 = ( NAMED_UNIT(*) SI_UNIT($,.STERADIAN.) SOLID_ANGLE_UNIT() );
#7609 = UNCERTAINTY_MEASURE_WITH_UNIT(LENGTH_MEASURE(2.E-007),#7606,
  'distance_accuracy_value','confusion accuracy');
#7610 = PRODUCT_RELATED_PRODUCT_CATEGORY('part',$,(#163));
#7611 = SHAPE_DEFINITION_REPRESENTATION(#7612,#7618);
#7612 = PRODUCT_DEFINITION_SHAPE('','',#7613);
#7613 = PRODUCT_DEFINITION('design','',#7614,#7617);
#7614 = PRODUCT_DEFINITION_FORMATION('','',#7615);
#7615 = PRODUCT('body','body','',(#7616));
#7616 = PRODUCT_CONTEXT('',#2,'mechanical');
#7617 = PRODUCT_DEFINITION_CONTEXT('part definition',#2,'design');
#7618 = ADVANCED_BREP_SHAPE_REPRESENTATION('',(#11,#7619),#8721);
#7619 = MANIFOLD_SOLID_BREP('',#7620);
#7620 = CLOSED_SHELL('',(#7621,#7661,#7689,#7974,#8002,#8027,#8052,#8080
    ,#8102,#8130,#8152,#8174,#8196,#8224,#8246,#8274,#8296,#8318,#8340,
    #8371,#8393,#8418,#8430,#8442,#8454,#8466,#8495,#8516,#8538,#8554,
    #8577,#8593,#8609,#8625,#8646,#8665,#8681,#8701));
#7621 = ADVANCED_FACE('',(#7622),#7654,.T.);
#7622 = FACE_BOUND('',#7623,.T.);
#7623 = EDGE_LOOP('',(#7624,#7633,#7641,#7648));
#7624 = ORIENTED_EDGE('',*,*,#7625,.T.);
#7625 = EDGE_CURVE('',#7626,#7628,#7630,.T.);
#7626 = VERTEX_POINT('',#7627);
#7627 = CARTESIAN_POINT('',(-9.1,-4.6,-9.785122397427E-003));
#7628 = VERTEX_POINT('',#7629);
#7629 = CARTESIAN_POINT('',(-9.1,-4.6,-14.88345872239));
#7630 = B_SPLINE_CURVE_WITH_KNOTS('',1,(#7631,#7632),.UNSPECIFIED.,.F.,
  .F.,(2,2),(0.E+000,14.4),.PIECEWISE_BEZIER_KNOTS.);
#7631 = CARTESIAN_POINT('',(-9.1,-4.6,-9.785122397427E-003));
#7632 = CARTESIAN_POINT('',(-9.1,-4.6,-14.88345872239));
#7633 = ORIENTED_EDGE('',*,*,#7634,.F.);
#7634 = EDGE_CURVE('',#7635,#7628,#7637,.T.);
#7635 = VERTEX_POINT('',#7636);
#7636 = CARTESIAN_POINT('',(-8.6,-5.1,-14.88345872239));
#7637 = ( BOUNDED_CURVE() B_SPLINE_CURVE(2,(#7638,#7639,#7640),
.UNSPECIFIED.,.F.,.F.) B_SPLINE_CURVE_WITH_KNOTS((3,3),(0.E+000,
1.570796326795),.PIECEWISE_BEZIER_KNOTS.) CURVE() 
GEOMETRIC_REPRESENTATION_ITEM() RATIONAL_B_SPLINE_CURVE((1.,
0.707106781187,1.)) REPRESENTATION_ITEM('') );
#7638 = CARTESIAN_POINT('',(-8.6,-5.1,-14.88345872239));
#7639 = CARTESIAN_POINT('',(-9.1,-5.1,-14.88345872239));
#7640 = CARTESIAN_POINT('',(-9.1,-4.6,-14.88345872239));
#7641 = ORIENTED_EDGE('',*,*,#7642,.F.);
#7642 = EDGE_CURVE('',#7643,#7635,#7645,.T.);
#7643 = VERTEX_POINT('',#7644);
#7644 = CARTESIAN_POINT('',(-8.6,-5.1,-9.785122397427E-003));
#7645 = B_SPLINE_CURVE_WITH_KNOTS('',1,(#7646,#7647),.UNSPECIFIED.,.F.,
  .F.,(2,2),(0.E+000,14.4),.PIECEWISE_BEZIER_KNOTS.);
#7646 = CARTESIAN_POINT('',(-8.6,-5.1,-9.785122397427E-003));
#7647 = CARTESIAN_POINT('',(-8.6,-5.1,-14.88345872239));
#7648 = ORIENTED_EDGE('',*,*,#7649,.F.);
#7649 = EDGE_CURVE('',#7626,#7643,#7650,.T.);
#7650 = ( BOUNDED_CURVE() B_SPLINE_CURVE(2,(#7651,#7652,#7653),
.UNSPECIFIED.,.F.,.F.) B_SPLINE_CURVE_WITH_KNOTS((3,3),(0.E+000,
1.570796326795),.PIECEWISE_BEZIER_KNOTS.) CURVE() 
GEOMETRIC_REPRESENTATION_ITEM() RATIONAL_B_SPLINE_CURVE((1.,
0.707106781187,1.)) REPRESENTATION_ITEM('') );
#7651 = CARTESIAN_POINT('',(-9.1,-4.6,-9.785122397427E-003));
#7652 = CARTESIAN_POINT('',(-9.1,-5.1,-9.785122397427E-003));
#7653 = CARTESIAN_POINT('',(-8.6,-5.1,-9.785122397427E-003));
#7654 = ( BOUNDED_SURFACE() B_SPLINE_SURFACE(2,1,(
    (#7655,#7656)
    ,(#7657,#7658)
    ,(#7659,#7660
)),.UNSPECIFIED.,.F.,.F.,.F.) B_SPLINE_SURFACE_WITH_KNOTS((3,3),(2,2),(
    0.E+000,1.570796326795),(28.8684,43.2684),.PIECEWISE_BEZIER_KNOTS.) 
GEOMETRIC_REPRESENTATION_ITEM() RATIONAL_B_SPLINE_SURFACE((
    (1.,1.)
    ,(0.707106781187,0.707106781187)
,(1.,1.))) REPRESENTATION_ITEM('') SURFACE() );
#7655 = CARTESIAN_POINT('',(-8.6,-5.1,-9.785122397427E-003));
#7656 = CARTESIAN_POINT('',(-8.6,-5.1,-14.88345872239));
#7657 = CARTESIAN_POINT('',(-9.1,-5.1,-9.785122397427E-003));
#7658 = CARTESIAN_POINT('',(-9.1,-5.1,-14.88345872239));
#7659 = CARTESIAN_POINT('',(-9.1,-4.6,-9.785122397427E-003));
#7660 = CARTESIAN_POINT('',(-9.1,-4.6,-14.88345872239));
#7661 = ADVANCED_FACE('',(#7662),#7684,.T.);
#7662 = FACE_BOUND('',#7663,.T.);
#7663 = EDGE_LOOP('',(#7664,#7671,#7672,#7679));
#7664 = ORIENTED_EDGE('',*,*,#7665,.F.);
#7665 = EDGE_CURVE('',#7628,#7666,#7668,.T.);
#7666 = VERTEX_POINT('',#7667);
#7667 = CARTESIAN_POINT('',(-9.1,4.6,-14.88345872239));
#7668 = B_SPLINE_CURVE_WITH_KNOTS('',1,(#7669,#7670),.UNSPECIFIED.,.F.,
  .F.,(2,2),(0.E+000,9.2),.PIECEWISE_BEZIER_KNOTS.);
#7669 = CARTESIAN_POINT('',(-9.1,-4.6,-14.88345872239));
#7670 = CARTESIAN_POINT('',(-9.1,4.6,-14.88345872239));
#7671 = ORIENTED_EDGE('',*,*,#7625,.F.);
#7672 = ORIENTED_EDGE('',*,*,#7673,.T.);
#7673 = EDGE_CURVE('',#7626,#7674,#7676,.T.);
#7674 = VERTEX_POINT('',#7675);
#7675 = CARTESIAN_POINT('',(-9.1,4.6,-9.785122397427E-003));
#7676 = B_SPLINE_CURVE_WITH_KNOTS('',1,(#7677,#7678),.UNSPECIFIED.,.F.,
  .F.,(2,2),(0.E+000,9.2),.PIECEWISE_BEZIER_KNOTS.);
#7677 = CARTESIAN_POINT('',(-9.1,-4.6,-9.785122397427E-003));
#7678 = CARTESIAN_POINT('',(-9.1,4.6,-9.785122397427E-003));
#7679 = ORIENTED_EDGE('',*,*,#7680,.T.);
#7680 = EDGE_CURVE('',#7674,#7666,#7681,.T.);
#7681 = B_SPLINE_CURVE_WITH_KNOTS('',1,(#7682,#7683),.UNSPECIFIED.,.F.,
  .F.,(2,2),(0.E+000,14.4),.PIECEWISE_BEZIER_KNOTS.);
#7682 = CARTESIAN_POINT('',(-9.1,4.6,-9.785122397427E-003));
#7683 = CARTESIAN_POINT('',(-9.1,4.6,-14.88345872239));
#7684 = B_SPLINE_SURFACE_WITH_KNOTS('',1,1,(
    (#7685,#7686)
    ,(#7687,#7688
    )),.UNSPECIFIED.,.F.,.F.,.F.,(2,2),(2,2),(0.5,9.7),(-14.4,0.E+000),
  .PIECEWISE_BEZIER_KNOTS.);
#7685 = CARTESIAN_POINT('',(-9.1,4.6,-14.88345872239));
#7686 = CARTESIAN_POINT('',(-9.1,4.6,-9.785122397427E-003));
#7687 = CARTESIAN_POINT('',(-9.1,-4.6,-14.88345872239));
#7688 = CARTESIAN_POINT('',(-9.1,-4.6,-9.785122397427E-003));
#7689 = ADVANCED_FACE('',(#7690,#7849,#7879,#7909,#7939),#7969,.T.);
#7690 = FACE_BOUND('',#7691,.T.);
#7691 = EDGE_LOOP('',(#7692,#7693,#7700,#7707,#7714,#7721,#7728,#7735,
    #7742,#7749,#7756,#7764,#7771,#7779,#7786,#7793,#7800,#7807,#7814,
    #7821,#7828,#7835,#7842,#7848));
#7692 = ORIENTED_EDGE('',*,*,#7649,.T.);
#7693 = ORIENTED_EDGE('',*,*,#7694,.F.);
#7694 = EDGE_CURVE('',#7695,#7643,#7697,.T.);
#7695 = VERTEX_POINT('',#7696);
#7696 = CARTESIAN_POINT('',(-6.565413116994,-5.1,-9.785122397427E-003));
#7697 = B_SPLINE_CURVE_WITH_KNOTS('',1,(#7698,#7699),.UNSPECIFIED.,.F.,
  .F.,(2,2),(0.E+000,2.034586883006),.PIECEWISE_BEZIER_KNOTS.);
#7698 = CARTESIAN_POINT('',(-6.565413116994,-5.1,-9.785122397427E-003));
#7699 = CARTESIAN_POINT('',(-8.6,-5.1,-9.785122397427E-003));
#7700 = ORIENTED_EDGE('',*,*,#7701,.F.);
#7701 = EDGE_CURVE('',#7702,#7695,#7704,.T.);
#7702 = VERTEX_POINT('',#7703);
#7703 = CARTESIAN_POINT('',(-6.565413116994,-4.8,-9.785122397427E-003));
#7704 = B_SPLINE_CURVE_WITH_KNOTS('',1,(#7705,#7706),.UNSPECIFIED.,.F.,
  .F.,(2,2),(0.E+000,0.3),.PIECEWISE_BEZIER_KNOTS.);
#7705 = CARTESIAN_POINT('',(-6.565413116994,-4.8,-9.785122397427E-003));
#7706 = CARTESIAN_POINT('',(-6.565413116994,-5.1,-9.785122397427E-003));
#7707 = ORIENTED_EDGE('',*,*,#7708,.T.);
#7708 = EDGE_CURVE('',#7702,#7709,#7711,.T.);
#7709 = VERTEX_POINT('',#7710);
#7710 = CARTESIAN_POINT('',(-5.134586883006,-4.8,-9.785122397427E-003));
#7711 = B_SPLINE_CURVE_WITH_KNOTS('',1,(#7712,#7713),.UNSPECIFIED.,.F.,
  .F.,(2,2),(0.E+000,1.430826233988),.PIECEWISE_BEZIER_KNOTS.);
#7712 = CARTESIAN_POINT('',(-6.565413116994,-4.8,-9.785122397427E-003));
#7713 = CARTESIAN_POINT('',(-5.134586883006,-4.8,-9.785122397427E-003));
#7714 = ORIENTED_EDGE('',*,*,#7715,.F.);
#7715 = EDGE_CURVE('',#7716,#7709,#7718,.T.);
#7716 = VERTEX_POINT('',#7717);
#7717 = CARTESIAN_POINT('',(-5.134586883006,-5.1,-9.785122397427E-003));
#7718 = B_SPLINE_CURVE_WITH_KNOTS('',1,(#7719,#7720),.UNSPECIFIED.,.F.,
  .F.,(2,2),(0.E+000,0.3),.PIECEWISE_BEZIER_KNOTS.);
#7719 = CARTESIAN_POINT('',(-5.134586883006,-5.1,-9.785122397427E-003));
#7720 = CARTESIAN_POINT('',(-5.134586883006,-4.8,-9.785122397427E-003));
#7721 = ORIENTED_EDGE('',*,*,#7722,.F.);
#7722 = EDGE_CURVE('',#7723,#7716,#7725,.T.);
#7723 = VERTEX_POINT('',#7724);
#7724 = CARTESIAN_POINT('',(5.134586883006,-5.1,-9.785122397427E-003));
#7725 = B_SPLINE_CURVE_WITH_KNOTS('',1,(#7726,#7727),.UNSPECIFIED.,.F.,
  .F.,(2,2),(0.E+000,10.269173766012),.PIECEWISE_BEZIER_KNOTS.);
#7726 = CARTESIAN_POINT('',(5.134586883006,-5.1,-9.785122397427E-003));
#7727 = CARTESIAN_POINT('',(-5.134586883006,-5.1,-9.785122397427E-003));
#7728 = ORIENTED_EDGE('',*,*,#7729,.F.);
#7729 = EDGE_CURVE('',#7730,#7723,#7732,.T.);
#7730 = VERTEX_POINT('',#7731);
#7731 = CARTESIAN_POINT('',(5.134586883006,-4.8,-9.785122397427E-003));
#7732 = B_SPLINE_CURVE_WITH_KNOTS('',1,(#7733,#7734),.UNSPECIFIED.,.F.,
  .F.,(2,2),(0.E+000,0.3),.PIECEWISE_BEZIER_KNOTS.);
#7733 = CARTESIAN_POINT('',(5.134586883006,-4.8,-9.785122397427E-003));
#7734 = CARTESIAN_POINT('',(5.134586883006,-5.1,-9.785122397427E-003));
#7735 = ORIENTED_EDGE('',*,*,#7736,.T.);
#7736 = EDGE_CURVE('',#7730,#7737,#7739,.T.);
#7737 = VERTEX_POINT('',#7738);
#7738 = CARTESIAN_POINT('',(6.565413116994,-4.8,-9.785122397427E-003));
#7739 = B_SPLINE_CURVE_WITH_KNOTS('',1,(#7740,#7741),.UNSPECIFIED.,.F.,
  .F.,(2,2),(0.E+000,1.430826233988),.PIECEWISE_BEZIER_KNOTS.);
#7740 = CARTESIAN_POINT('',(5.134586883006,-4.8,-9.785122397427E-003));
#7741 = CARTESIAN_POINT('',(6.565413116994,-4.8,-9.785122397427E-003));
#7742 = ORIENTED_EDGE('',*,*,#7743,.F.);
#7743 = EDGE_CURVE('',#7744,#7737,#7746,.T.);
#7744 = VERTEX_POINT('',#7745);
#7745 = CARTESIAN_POINT('',(6.565413116994,-5.1,-9.785122397427E-003));
#7746 = B_SPLINE_CURVE_WITH_KNOTS('',1,(#7747,#7748),.UNSPECIFIED.,.F.,
  .F.,(2,2),(0.E+000,0.3),.PIECEWISE_BEZIER_KNOTS.);
#7747 = CARTESIAN_POINT('',(6.565413116994,-5.1,-9.785122397427E-003));
#7748 = CARTESIAN_POINT('',(6.565413116994,-4.8,-9.785122397427E-003));
#7749 = ORIENTED_EDGE('',*,*,#7750,.F.);
#7750 = EDGE_CURVE('',#7751,#7744,#7753,.T.);
#7751 = VERTEX_POINT('',#7752);
#7752 = CARTESIAN_POINT('',(8.6,-5.1,-9.785122397427E-003));
#7753 = B_SPLINE_CURVE_WITH_KNOTS('',1,(#7754,#7755),.UNSPECIFIED.,.F.,
  .F.,(2,2),(0.E+000,2.034586883006),.PIECEWISE_BEZIER_KNOTS.);
#7754 = CARTESIAN_POINT('',(8.6,-5.1,-9.785122397427E-003));
#7755 = CARTESIAN_POINT('',(6.565413116994,-5.1,-9.785122397427E-003));
#7756 = ORIENTED_EDGE('',*,*,#7757,.T.);
#7757 = EDGE_CURVE('',#7751,#7758,#7760,.T.);
#7758 = VERTEX_POINT('',#7759);
#7759 = CARTESIAN_POINT('',(9.1,-4.6,-9.785122397427E-003));
#7760 = ( BOUNDED_CURVE() B_SPLINE_CURVE(2,(#7761,#7762,#7763),
.UNSPECIFIED.,.F.,.F.) B_SPLINE_CURVE_WITH_KNOTS((3,3),(0.E+000,
1.570796326795),.PIECEWISE_BEZIER_KNOTS.) CURVE() 
GEOMETRIC_REPRESENTATION_ITEM() RATIONAL_B_SPLINE_CURVE((1.,
0.707106781187,1.)) REPRESENTATION_ITEM('') );
#7761 = CARTESIAN_POINT('',(8.6,-5.1,-9.785122397427E-003));
#7762 = CARTESIAN_POINT('',(9.1,-5.1,-9.785122397427E-003));
#7763 = CARTESIAN_POINT('',(9.1,-4.6,-9.785122397427E-003));
#7764 = ORIENTED_EDGE('',*,*,#7765,.F.);
#7765 = EDGE_CURVE('',#7766,#7758,#7768,.T.);
#7766 = VERTEX_POINT('',#7767);
#7767 = CARTESIAN_POINT('',(9.1,4.6,-9.785122397427E-003));
#7768 = B_SPLINE_CURVE_WITH_KNOTS('',1,(#7769,#7770),.UNSPECIFIED.,.F.,
  .F.,(2,2),(0.E+000,9.2),.PIECEWISE_BEZIER_KNOTS.);
#7769 = CARTESIAN_POINT('',(9.1,4.6,-9.785122397427E-003));
#7770 = CARTESIAN_POINT('',(9.1,-4.6,-9.785122397427E-003));
#7771 = ORIENTED_EDGE('',*,*,#7772,.T.);
#7772 = EDGE_CURVE('',#7766,#7773,#7775,.T.);
#7773 = VERTEX_POINT('',#7774);
#7774 = CARTESIAN_POINT('',(8.6,5.1,-9.785122397427E-003));
#7775 = ( BOUNDED_CURVE() B_SPLINE_CURVE(2,(#7776,#7777,#7778),
.UNSPECIFIED.,.F.,.F.) B_SPLINE_CURVE_WITH_KNOTS((3,3),(0.E+000,
1.570796326795),.PIECEWISE_BEZIER_KNOTS.) CURVE() 
GEOMETRIC_REPRESENTATION_ITEM() RATIONAL_B_SPLINE_CURVE((1.,
0.707106781187,1.)) REPRESENTATION_ITEM('') );
#7776 = CARTESIAN_POINT('',(9.1,4.6,-9.785122397427E-003));
#7777 = CARTESIAN_POINT('',(9.1,5.1,-9.785122397427E-003));
#7778 = CARTESIAN_POINT('',(8.6,5.1,-9.785122397427E-003));
#7779 = ORIENTED_EDGE('',*,*,#7780,.F.);
#7780 = EDGE_CURVE('',#7781,#7773,#7783,.T.);
#7781 = VERTEX_POINT('',#7782);
#7782 = CARTESIAN_POINT('',(6.565413116994,5.1,-9.785122397427E-003));
#7783 = B_SPLINE_CURVE_WITH_KNOTS('',1,(#7784,#7785),.UNSPECIFIED.,.F.,
  .F.,(2,2),(0.E+000,2.034586883006),.PIECEWISE_BEZIER_KNOTS.);
#7784 = CARTESIAN_POINT('',(6.565413116994,5.1,-9.785122397427E-003));
#7785 = CARTESIAN_POINT('',(8.6,5.1,-9.785122397427E-003));
#7786 = ORIENTED_EDGE('',*,*,#7787,.F.);
#7787 = EDGE_CURVE('',#7788,#7781,#7790,.T.);
#7788 = VERTEX_POINT('',#7789);
#7789 = CARTESIAN_POINT('',(6.565413116994,4.8,-9.785122397427E-003));
#7790 = B_SPLINE_CURVE_WITH_KNOTS('',1,(#7791,#7792),.UNSPECIFIED.,.F.,
  .F.,(2,2),(0.E+000,0.3),.PIECEWISE_BEZIER_KNOTS.);
#7791 = CARTESIAN_POINT('',(6.565413116994,4.8,-9.785122397427E-003));
#7792 = CARTESIAN_POINT('',(6.565413116994,5.1,-9.785122397427E-003));
#7793 = ORIENTED_EDGE('',*,*,#7794,.T.);
#7794 = EDGE_CURVE('',#7788,#7795,#7797,.T.);
#7795 = VERTEX_POINT('',#7796);
#7796 = CARTESIAN_POINT('',(5.134586883006,4.8,-9.785122397427E-003));
#7797 = B_SPLINE_CURVE_WITH_KNOTS('',1,(#7798,#7799),.UNSPECIFIED.,.F.,
  .F.,(2,2),(0.E+000,1.430826233988),.PIECEWISE_BEZIER_KNOTS.);
#7798 = CARTESIAN_POINT('',(6.565413116994,4.8,-9.785122397427E-003));
#7799 = CARTESIAN_POINT('',(5.134586883006,4.8,-9.785122397427E-003));
#7800 = ORIENTED_EDGE('',*,*,#7801,.F.);
#7801 = EDGE_CURVE('',#7802,#7795,#7804,.T.);
#7802 = VERTEX_POINT('',#7803);
#7803 = CARTESIAN_POINT('',(5.134586883006,5.1,-9.785122397427E-003));
#7804 = B_SPLINE_CURVE_WITH_KNOTS('',1,(#7805,#7806),.UNSPECIFIED.,.F.,
  .F.,(2,2),(0.E+000,0.3),.PIECEWISE_BEZIER_KNOTS.);
#7805 = CARTESIAN_POINT('',(5.134586883006,5.1,-9.785122397427E-003));
#7806 = CARTESIAN_POINT('',(5.134586883006,4.8,-9.785122397427E-003));
#7807 = ORIENTED_EDGE('',*,*,#7808,.F.);
#7808 = EDGE_CURVE('',#7809,#7802,#7811,.T.);
#7809 = VERTEX_POINT('',#7810);
#7810 = CARTESIAN_POINT('',(-5.134586883006,5.1,-9.785122397427E-003));
#7811 = B_SPLINE_CURVE_WITH_KNOTS('',1,(#7812,#7813),.UNSPECIFIED.,.F.,
  .F.,(2,2),(0.E+000,10.269173766012),.PIECEWISE_BEZIER_KNOTS.);
#7812 = CARTESIAN_POINT('',(-5.134586883006,5.1,-9.785122397427E-003));
#7813 = CARTESIAN_POINT('',(5.134586883006,5.1,-9.785122397427E-003));
#7814 = ORIENTED_EDGE('',*,*,#7815,.F.);
#7815 = EDGE_CURVE('',#7816,#7809,#7818,.T.);
#7816 = VERTEX_POINT('',#7817);
#7817 = CARTESIAN_POINT('',(-5.134586883006,4.8,-9.785122397427E-003));
#7818 = B_SPLINE_CURVE_WITH_KNOTS('',1,(#7819,#7820),.UNSPECIFIED.,.F.,
  .F.,(2,2),(0.E+000,0.3),.PIECEWISE_BEZIER_KNOTS.);
#7819 = CARTESIAN_POINT('',(-5.134586883006,4.8,-9.785122397427E-003));
#7820 = CARTESIAN_POINT('',(-5.134586883006,5.1,-9.785122397427E-003));
#7821 = ORIENTED_EDGE('',*,*,#7822,.T.);
#7822 = EDGE_CURVE('',#7816,#7823,#7825,.T.);
#7823 = VERTEX_POINT('',#7824);
#7824 = CARTESIAN_POINT('',(-6.565413116994,4.8,-9.785122397427E-003));
#7825 = B_SPLINE_CURVE_WITH_KNOTS('',1,(#7826,#7827),.UNSPECIFIED.,.F.,
  .F.,(2,2),(0.E+000,1.430826233988),.PIECEWISE_BEZIER_KNOTS.);
#7826 = CARTESIAN_POINT('',(-5.134586883006,4.8,-9.785122397427E-003));
#7827 = CARTESIAN_POINT('',(-6.565413116994,4.8,-9.785122397427E-003));
#7828 = ORIENTED_EDGE('',*,*,#7829,.F.);
#7829 = EDGE_CURVE('',#7830,#7823,#7832,.T.);
#7830 = VERTEX_POINT('',#7831);
#7831 = CARTESIAN_POINT('',(-6.565413116994,5.1,-9.785122397427E-003));
#7832 = B_SPLINE_CURVE_WITH_KNOTS('',1,(#7833,#7834),.UNSPECIFIED.,.F.,
  .F.,(2,2),(0.E+000,0.3),.PIECEWISE_BEZIER_KNOTS.);
#7833 = CARTESIAN_POINT('',(-6.565413116994,5.1,-9.785122397427E-003));
#7834 = CARTESIAN_POINT('',(-6.565413116994,4.8,-9.785122397427E-003));
#7835 = ORIENTED_EDGE('',*,*,#7836,.F.);
#7836 = EDGE_CURVE('',#7837,#7830,#7839,.T.);
#7837 = VERTEX_POINT('',#7838);
#7838 = CARTESIAN_POINT('',(-8.6,5.1,-9.785122397427E-003));
#7839 = B_SPLINE_CURVE_WITH_KNOTS('',1,(#7840,#7841),.UNSPECIFIED.,.F.,
  .F.,(2,2),(0.E+000,2.034586883006),.PIECEWISE_BEZIER_KNOTS.);
#7840 = CARTESIAN_POINT('',(-8.6,5.1,-9.785122397427E-003));
#7841 = CARTESIAN_POINT('',(-6.565413116994,5.1,-9.785122397427E-003));
#7842 = ORIENTED_EDGE('',*,*,#7843,.T.);
#7843 = EDGE_CURVE('',#7837,#7674,#7844,.T.);
#7844 = ( BOUNDED_CURVE() B_SPLINE_CURVE(2,(#7845,#7846,#7847),
.UNSPECIFIED.,.F.,.F.) B_SPLINE_CURVE_WITH_KNOTS((3,3),(0.E+000,
1.570796326795),.PIECEWISE_BEZIER_KNOTS.) CURVE() 
GEOMETRIC_REPRESENTATION_ITEM() RATIONAL_B_SPLINE_CURVE((1.,
0.707106781187,1.)) REPRESENTATION_ITEM('') );
#7845 = CARTESIAN_POINT('',(-8.6,5.1,-9.785122397427E-003));
#7846 = CARTESIAN_POINT('',(-9.1,5.1,-9.785122397427E-003));
#7847 = CARTESIAN_POINT('',(-9.1,4.6,-9.785122397427E-003));
#7848 = ORIENTED_EDGE('',*,*,#7673,.F.);
#7849 = FACE_BOUND('',#7850,.T.);
#7850 = EDGE_LOOP('',(#7851,#7860,#7867,#7874));
#7851 = ORIENTED_EDGE('',*,*,#7852,.F.);
#7852 = EDGE_CURVE('',#7853,#7855,#7857,.T.);
#7853 = VERTEX_POINT('',#7854);
#7854 = CARTESIAN_POINT('',(-8.075,-3.575,-9.785122397427E-003));
#7855 = VERTEX_POINT('',#7856);
#7856 = CARTESIAN_POINT('',(-8.075,-4.025,-9.785122397427E-003));
#7857 = B_SPLINE_CURVE_WITH_KNOTS('',1,(#7858,#7859),.UNSPECIFIED.,.F.,
  .F.,(2,2),(0.E+000,0.45),.PIECEWISE_BEZIER_KNOTS.);
#7858 = CARTESIAN_POINT('',(-8.075,-3.575,-9.785122397427E-003));
#7859 = CARTESIAN_POINT('',(-8.075,-4.025,-9.785122397427E-003));
#7860 = ORIENTED_EDGE('',*,*,#7861,.F.);
#7861 = EDGE_CURVE('',#7862,#7853,#7864,.T.);
#7862 = VERTEX_POINT('',#7863);
#7863 = CARTESIAN_POINT('',(-7.625,-3.575,-9.785122397427E-003));
#7864 = B_SPLINE_CURVE_WITH_KNOTS('',1,(#7865,#7866),.UNSPECIFIED.,.F.,
  .F.,(2,2),(0.E+000,0.45),.PIECEWISE_BEZIER_KNOTS.);
#7865 = CARTESIAN_POINT('',(-7.625,-3.575,-9.785122397427E-003));
#7866 = CARTESIAN_POINT('',(-8.075,-3.575,-9.785122397427E-003));
#7867 = ORIENTED_EDGE('',*,*,#7868,.F.);
#7868 = EDGE_CURVE('',#7869,#7862,#7871,.T.);
#7869 = VERTEX_POINT('',#7870);
#7870 = CARTESIAN_POINT('',(-7.625,-4.025,-9.785122397427E-003));
#7871 = B_SPLINE_CURVE_WITH_KNOTS('',1,(#7872,#7873),.UNSPECIFIED.,.F.,
  .F.,(2,2),(0.E+000,0.45),.PIECEWISE_BEZIER_KNOTS.);
#7872 = CARTESIAN_POINT('',(-7.625,-4.025,-9.785122397427E-003));
#7873 = CARTESIAN_POINT('',(-7.625,-3.575,-9.785122397427E-003));
#7874 = ORIENTED_EDGE('',*,*,#7875,.F.);
#7875 = EDGE_CURVE('',#7855,#7869,#7876,.T.);
#7876 = B_SPLINE_CURVE_WITH_KNOTS('',1,(#7877,#7878),.UNSPECIFIED.,.F.,
  .F.,(2,2),(0.E+000,0.45),.PIECEWISE_BEZIER_KNOTS.);
#7877 = CARTESIAN_POINT('',(-8.075,-4.025,-9.785122397427E-003));
#7878 = CARTESIAN_POINT('',(-7.625,-4.025,-9.785122397427E-003));
#7879 = FACE_BOUND('',#7880,.T.);
#7880 = EDGE_LOOP('',(#7881,#7890,#7897,#7904));
#7881 = ORIENTED_EDGE('',*,*,#7882,.F.);
#7882 = EDGE_CURVE('',#7883,#7885,#7887,.T.);
#7883 = VERTEX_POINT('',#7884);
#7884 = CARTESIAN_POINT('',(-8.075,3.575,-9.785122397427E-003));
#7885 = VERTEX_POINT('',#7886);
#7886 = CARTESIAN_POINT('',(-7.625,3.575,-9.785122397427E-003));
#7887 = B_SPLINE_CURVE_WITH_KNOTS('',1,(#7888,#7889),.UNSPECIFIED.,.F.,
  .F.,(2,2),(0.E+000,0.45),.PIECEWISE_BEZIER_KNOTS.);
#7888 = CARTESIAN_POINT('',(-8.075,3.575,-9.785122397427E-003));
#7889 = CARTESIAN_POINT('',(-7.625,3.575,-9.785122397427E-003));
#7890 = ORIENTED_EDGE('',*,*,#7891,.F.);
#7891 = EDGE_CURVE('',#7892,#7883,#7894,.T.);
#7892 = VERTEX_POINT('',#7893);
#7893 = CARTESIAN_POINT('',(-8.075,4.025,-9.785122397427E-003));
#7894 = B_SPLINE_CURVE_WITH_KNOTS('',1,(#7895,#7896),.UNSPECIFIED.,.F.,
  .F.,(2,2),(0.E+000,0.45),.PIECEWISE_BEZIER_KNOTS.);
#7895 = CARTESIAN_POINT('',(-8.075,4.025,-9.785122397427E-003));
#7896 = CARTESIAN_POINT('',(-8.075,3.575,-9.785122397427E-003));
#7897 = ORIENTED_EDGE('',*,*,#7898,.F.);
#7898 = EDGE_CURVE('',#7899,#7892,#7901,.T.);
#7899 = VERTEX_POINT('',#7900);
#7900 = CARTESIAN_POINT('',(-7.625,4.025,-9.785122397427E-003));
#7901 = B_SPLINE_CURVE_WITH_KNOTS('',1,(#7902,#7903),.UNSPECIFIED.,.F.,
  .F.,(2,2),(0.E+000,0.45),.PIECEWISE_BEZIER_KNOTS.);
#7902 = CARTESIAN_POINT('',(-7.625,4.025,-9.785122397427E-003));
#7903 = CARTESIAN_POINT('',(-8.075,4.025,-9.785122397427E-003));
#7904 = ORIENTED_EDGE('',*,*,#7905,.F.);
#7905 = EDGE_CURVE('',#7885,#7899,#7906,.T.);
#7906 = B_SPLINE_CURVE_WITH_KNOTS('',1,(#7907,#7908),.UNSPECIFIED.,.F.,
  .F.,(2,2),(0.E+000,0.45),.PIECEWISE_BEZIER_KNOTS.);
#7907 = CARTESIAN_POINT('',(-7.625,3.575,-9.785122397427E-003));
#7908 = CARTESIAN_POINT('',(-7.625,4.025,-9.785122397427E-003));
#7909 = FACE_BOUND('',#7910,.T.);
#7910 = EDGE_LOOP('',(#7911,#7920,#7927,#7934));
#7911 = ORIENTED_EDGE('',*,*,#7912,.F.);
#7912 = EDGE_CURVE('',#7913,#7915,#7917,.T.);
#7913 = VERTEX_POINT('',#7914);
#7914 = CARTESIAN_POINT('',(4.7,3.075,-9.785122397427E-003));
#7915 = VERTEX_POINT('',#7916);
#7916 = CARTESIAN_POINT('',(5.,3.075,-9.785122397427E-003));
#7917 = B_SPLINE_CURVE_WITH_KNOTS('',1,(#7918,#7919),.UNSPECIFIED.,.F.,
  .F.,(2,2),(0.E+000,0.3),.PIECEWISE_BEZIER_KNOTS.);
#7918 = CARTESIAN_POINT('',(4.7,3.075,-9.785122397427E-003));
#7919 = CARTESIAN_POINT('',(5.,3.075,-9.785122397427E-003));
#7920 = ORIENTED_EDGE('',*,*,#7921,.F.);
#7921 = EDGE_CURVE('',#7922,#7913,#7924,.T.);
#7922 = VERTEX_POINT('',#7923);
#7923 = CARTESIAN_POINT('',(4.7,4.075,-9.785122397427E-003));
#7924 = B_SPLINE_CURVE_WITH_KNOTS('',1,(#7925,#7926),.UNSPECIFIED.,.F.,
  .F.,(2,2),(0.E+000,1.),.PIECEWISE_BEZIER_KNOTS.);
#7925 = CARTESIAN_POINT('',(4.7,4.075,-9.785122397427E-003));
#7926 = CARTESIAN_POINT('',(4.7,3.075,-9.785122397427E-003));
#7927 = ORIENTED_EDGE('',*,*,#7928,.F.);
#7928 = EDGE_CURVE('',#7929,#7922,#7931,.T.);
#7929 = VERTEX_POINT('',#7930);
#7930 = CARTESIAN_POINT('',(5.,4.075,-9.785122397427E-003));
#7931 = B_SPLINE_CURVE_WITH_KNOTS('',1,(#7932,#7933),.UNSPECIFIED.,.F.,
  .F.,(2,2),(0.E+000,0.3),.PIECEWISE_BEZIER_KNOTS.);
#7932 = CARTESIAN_POINT('',(5.,4.075,-9.785122397427E-003));
#7933 = CARTESIAN_POINT('',(4.7,4.075,-9.785122397427E-003));
#7934 = ORIENTED_EDGE('',*,*,#7935,.F.);
#7935 = EDGE_CURVE('',#7915,#7929,#7936,.T.);
#7936 = B_SPLINE_CURVE_WITH_KNOTS('',1,(#7937,#7938),.UNSPECIFIED.,.F.,
  .F.,(2,2),(0.E+000,1.),.PIECEWISE_BEZIER_KNOTS.);
#7937 = CARTESIAN_POINT('',(5.,3.075,-9.785122397427E-003));
#7938 = CARTESIAN_POINT('',(5.,4.075,-9.785122397427E-003));
#7939 = FACE_BOUND('',#7940,.T.);
#7940 = EDGE_LOOP('',(#7941,#7950,#7957,#7964));
#7941 = ORIENTED_EDGE('',*,*,#7942,.F.);
#7942 = EDGE_CURVE('',#7943,#7945,#7947,.T.);
#7943 = VERTEX_POINT('',#7944);
#7944 = CARTESIAN_POINT('',(7.24,-4.525,-9.785122397427E-003));
#7945 = VERTEX_POINT('',#7946);
#7946 = CARTESIAN_POINT('',(7.54,-4.525,-9.785122397427E-003));
#7947 = B_SPLINE_CURVE_WITH_KNOTS('',1,(#7948,#7949),.UNSPECIFIED.,.F.,
  .F.,(2,2),(0.E+000,0.3),.PIECEWISE_BEZIER_KNOTS.);
#7948 = CARTESIAN_POINT('',(7.24,-4.525,-9.785122397427E-003));
#7949 = CARTESIAN_POINT('',(7.54,-4.525,-9.785122397427E-003));
#7950 = ORIENTED_EDGE('',*,*,#7951,.F.);
#7951 = EDGE_CURVE('',#7952,#7943,#7954,.T.);
#7952 = VERTEX_POINT('',#7953);
#7953 = CARTESIAN_POINT('',(7.24,-3.525,-9.785122397427E-003));
#7954 = B_SPLINE_CURVE_WITH_KNOTS('',1,(#7955,#7956),.UNSPECIFIED.,.F.,
  .F.,(2,2),(0.E+000,1.),.PIECEWISE_BEZIER_KNOTS.);
#7955 = CARTESIAN_POINT('',(7.24,-3.525,-9.785122397427E-003));
#7956 = CARTESIAN_POINT('',(7.24,-4.525,-9.785122397427E-003));
#7957 = ORIENTED_EDGE('',*,*,#7958,.F.);
#7958 = EDGE_CURVE('',#7959,#7952,#7961,.T.);
#7959 = VERTEX_POINT('',#7960);
#7960 = CARTESIAN_POINT('',(7.54,-3.525,-9.785122397427E-003));
#7961 = B_SPLINE_CURVE_WITH_KNOTS('',1,(#7962,#7963),.UNSPECIFIED.,.F.,
  .F.,(2,2),(0.E+000,0.3),.PIECEWISE_BEZIER_KNOTS.);
#7962 = CARTESIAN_POINT('',(7.54,-3.525,-9.785122397427E-003));
#7963 = CARTESIAN_POINT('',(7.24,-3.525,-9.785122397427E-003));
#7964 = ORIENTED_EDGE('',*,*,#7965,.F.);
#7965 = EDGE_CURVE('',#7945,#7959,#7966,.T.);
#7966 = B_SPLINE_CURVE_WITH_KNOTS('',1,(#7967,#7968),.UNSPECIFIED.,.F.,
  .F.,(2,2),(0.E+000,1.),.PIECEWISE_BEZIER_KNOTS.);
#7967 = CARTESIAN_POINT('',(7.54,-4.525,-9.785122397427E-003));
#7968 = CARTESIAN_POINT('',(7.54,-3.525,-9.785122397427E-003));
#7969 = B_SPLINE_SURFACE_WITH_KNOTS('',1,1,(
    (#7970,#7971)
    ,(#7972,#7973
    )),.UNSPECIFIED.,.F.,.F.,.F.,(2,2),(2,2),(-9.1,9.1),(-5.1,5.1),
  .PIECEWISE_BEZIER_KNOTS.);
#7970 = CARTESIAN_POINT('',(-9.1,-5.1,-9.785122397427E-003));
#7971 = CARTESIAN_POINT('',(-9.1,5.1,-9.785122397427E-003));
#7972 = CARTESIAN_POINT('',(9.1,-5.1,-9.785122397427E-003));
#7973 = CARTESIAN_POINT('',(9.1,5.1,-9.785122397427E-003));
#7974 = ADVANCED_FACE('',(#7975),#7992,.T.);
#7975 = FACE_BOUND('',#7976,.T.);
#7976 = EDGE_LOOP('',(#7977,#7985,#7986));
#7977 = ORIENTED_EDGE('',*,*,#7978,.T.);
#7978 = EDGE_CURVE('',#7979,#7635,#7981,.T.);
#7979 = VERTEX_POINT('',#7980);
#7980 = CARTESIAN_POINT('',(-8.6,-4.6,-15.39990572239));
#7981 = ( BOUNDED_CURVE() B_SPLINE_CURVE(2,(#7982,#7983,#7984),
.UNSPECIFIED.,.F.,.F.) B_SPLINE_CURVE_WITH_KNOTS((3,3),(0.E+000,
1.570796326795),.PIECEWISE_BEZIER_KNOTS.) CURVE() 
GEOMETRIC_REPRESENTATION_ITEM() RATIONAL_B_SPLINE_CURVE((1.,
0.707106781187,1.)) REPRESENTATION_ITEM('') );
#7982 = CARTESIAN_POINT('',(-8.6,-4.6,-15.39990572239));
#7983 = CARTESIAN_POINT('',(-8.6,-5.1,-15.39990572239));
#7984 = CARTESIAN_POINT('',(-8.6,-5.1,-14.88345872239));
#7985 = ORIENTED_EDGE('',*,*,#7634,.T.);
#7986 = ORIENTED_EDGE('',*,*,#7987,.T.);
#7987 = EDGE_CURVE('',#7628,#7979,#7988,.T.);
#7988 = ( BOUNDED_CURVE() B_SPLINE_CURVE(2,(#7989,#7990,#7991),
.UNSPECIFIED.,.F.,.F.) B_SPLINE_CURVE_WITH_KNOTS((3,3),(0.E+000,
1.570796326795),.PIECEWISE_BEZIER_KNOTS.) CURVE() 
GEOMETRIC_REPRESENTATION_ITEM() RATIONAL_B_SPLINE_CURVE((1.,
0.707106781187,1.)) REPRESENTATION_ITEM('') );
#7989 = CARTESIAN_POINT('',(-9.1,-4.6,-14.88345872239));
#7990 = CARTESIAN_POINT('',(-9.1,-4.6,-15.39990572239));
#7991 = CARTESIAN_POINT('',(-8.6,-4.6,-15.39990572239));
#7992 = ( BOUNDED_SURFACE() B_SPLINE_SURFACE(2,2,(
    (#7993,#7994,#7995)
    ,(#7996,#7997,#7998)
    ,(#7999,#8000,#8001
)),.UNSPECIFIED.,.F.,.F.,.F.) B_SPLINE_SURFACE_WITH_KNOTS((3,3),(3,3),(
    0.E+000,1.570796326795),(-0.785406160136,0.785406160136),
.PIECEWISE_BEZIER_KNOTS.) GEOMETRIC_REPRESENTATION_ITEM() 
RATIONAL_B_SPLINE_SURFACE((
    (1.,0.707101126616,1.)
    ,(0.707106781187,0.499996001615,0.707106781187)
,(1.,0.707101126616,1.))) REPRESENTATION_ITEM('') SURFACE() );
#7993 = CARTESIAN_POINT('',(-9.099999999984,-4.599996001631,
    -14.88345872239));
#7994 = CARTESIAN_POINT('',(-9.100003998417,-5.100003998417,
    -14.88345872239));
#7995 = CARTESIAN_POINT('',(-8.599996001631,-5.099999999984,
    -14.88345872239));
#7996 = CARTESIAN_POINT('',(-9.099999999984,-4.599996001631,
    -15.24863897793));
#7997 = CARTESIAN_POINT('',(-9.100003998417,-5.100003998417,
    -15.61383091466));
#7998 = CARTESIAN_POINT('',(-8.599996001631,-5.099999999984,
    -15.24863897793));
#7999 = CARTESIAN_POINT('',(-8.850001999177,-4.349998000823,
    -15.24863897793));
#8000 = CARTESIAN_POINT('',(-8.6,-4.6,-15.61383091466));
#8001 = CARTESIAN_POINT('',(-8.349998000823,-4.850001999177,
    -15.24863897793));
#8002 = ADVANCED_FACE('',(#8003),#8020,.T.);
#8003 = FACE_BOUND('',#8004,.T.);
#8004 = EDGE_LOOP('',(#8005,#8013,#8018,#8019));
#8005 = ORIENTED_EDGE('',*,*,#8006,.F.);
#8006 = EDGE_CURVE('',#8007,#7666,#8009,.T.);
#8007 = VERTEX_POINT('',#8008);
#8008 = CARTESIAN_POINT('',(-8.6,4.6,-15.39990572239));
#8009 = ( BOUNDED_CURVE() B_SPLINE_CURVE(2,(#8010,#8011,#8012),
.UNSPECIFIED.,.F.,.F.) B_SPLINE_CURVE_WITH_KNOTS((3,3),(0.E+000,
1.570796326795),.PIECEWISE_BEZIER_KNOTS.) CURVE() 
GEOMETRIC_REPRESENTATION_ITEM() RATIONAL_B_SPLINE_CURVE((1.,
0.707106781187,1.)) REPRESENTATION_ITEM('') );
#8010 = CARTESIAN_POINT('',(-8.6,4.6,-15.39990572239));
#8011 = CARTESIAN_POINT('',(-9.1,4.6,-15.39990572239));
#8012 = CARTESIAN_POINT('',(-9.1,4.6,-14.88345872239));
#8013 = ORIENTED_EDGE('',*,*,#8014,.F.);
#8014 = EDGE_CURVE('',#7979,#8007,#8015,.T.);
#8015 = B_SPLINE_CURVE_WITH_KNOTS('',1,(#8016,#8017),.UNSPECIFIED.,.F.,
  .F.,(2,2),(0.E+000,9.2),.PIECEWISE_BEZIER_KNOTS.);
#8016 = CARTESIAN_POINT('',(-8.6,-4.6,-15.39990572239));
#8017 = CARTESIAN_POINT('',(-8.6,4.6,-15.39990572239));
#8018 = ORIENTED_EDGE('',*,*,#7987,.F.);
#8019 = ORIENTED_EDGE('',*,*,#7665,.T.);
#8020 = ( BOUNDED_SURFACE() B_SPLINE_SURFACE(2,1,(
    (#8021,#8022)
    ,(#8023,#8024)
    ,(#8025,#8026
)),.UNSPECIFIED.,.F.,.F.,.F.) B_SPLINE_SURFACE_WITH_KNOTS((3,3),(2,2),(
    0.E+000,1.570796326795),(13.79672,22.99672),
.PIECEWISE_BEZIER_KNOTS.) GEOMETRIC_REPRESENTATION_ITEM() 
RATIONAL_B_SPLINE_SURFACE((
    (1.,1.)
    ,(0.707106781187,0.707106781187)
,(1.,1.))) REPRESENTATION_ITEM('') SURFACE() );
#8021 = CARTESIAN_POINT('',(-8.6,-4.6,-15.39990572239));
#8022 = CARTESIAN_POINT('',(-8.6,4.6,-15.39990572239));
#8023 = CARTESIAN_POINT('',(-9.1,-4.6,-15.39990572239));
#8024 = CARTESIAN_POINT('',(-9.1,4.6,-15.39990572239));
#8025 = CARTESIAN_POINT('',(-9.1,-4.6,-14.88345872239));
#8026 = CARTESIAN_POINT('',(-9.1,4.6,-14.88345872239));
#8027 = ADVANCED_FACE('',(#8028),#8045,.T.);
#8028 = FACE_BOUND('',#8029,.T.);
#8029 = EDGE_LOOP('',(#8030,#8037,#8043,#8044));
#8030 = ORIENTED_EDGE('',*,*,#8031,.T.);
#8031 = EDGE_CURVE('',#7837,#8032,#8034,.T.);
#8032 = VERTEX_POINT('',#8033);
#8033 = CARTESIAN_POINT('',(-8.6,5.1,-14.88345872239));
#8034 = B_SPLINE_CURVE_WITH_KNOTS('',1,(#8035,#8036),.UNSPECIFIED.,.F.,
  .F.,(2,2),(0.E+000,14.4),.PIECEWISE_BEZIER_KNOTS.);
#8035 = CARTESIAN_POINT('',(-8.6,5.1,-9.785122397427E-003));
#8036 = CARTESIAN_POINT('',(-8.6,5.1,-14.88345872239));
#8037 = ORIENTED_EDGE('',*,*,#8038,.F.);
#8038 = EDGE_CURVE('',#7666,#8032,#8039,.T.);
#8039 = ( BOUNDED_CURVE() B_SPLINE_CURVE(2,(#8040,#8041,#8042),
.UNSPECIFIED.,.F.,.F.) B_SPLINE_CURVE_WITH_KNOTS((3,3),(0.E+000,
1.570796326795),.PIECEWISE_BEZIER_KNOTS.) CURVE() 
GEOMETRIC_REPRESENTATION_ITEM() RATIONAL_B_SPLINE_CURVE((1.,
0.707106781187,1.)) REPRESENTATION_ITEM('') );
#8040 = CARTESIAN_POINT('',(-9.1,4.6,-14.88345872239));
#8041 = CARTESIAN_POINT('',(-9.1,5.1,-14.88345872239));
#8042 = CARTESIAN_POINT('',(-8.6,5.1,-14.88345872239));
#8043 = ORIENTED_EDGE('',*,*,#7680,.F.);
#8044 = ORIENTED_EDGE('',*,*,#7843,.F.);
#8045 = ( BOUNDED_SURFACE() B_SPLINE_SURFACE(2,1,(
    (#8046,#8047)
    ,(#8048,#8049)
    ,(#8050,#8051
)),.UNSPECIFIED.,.F.,.F.,.F.) B_SPLINE_SURFACE_WITH_KNOTS((3,3),(2,2),(
    0.E+000,1.570796326795),(28.8684,43.2684),.PIECEWISE_BEZIER_KNOTS.) 
GEOMETRIC_REPRESENTATION_ITEM() RATIONAL_B_SPLINE_SURFACE((
    (1.,1.)
    ,(0.707106781187,0.707106781187)
,(1.,1.))) REPRESENTATION_ITEM('') SURFACE() );
#8046 = CARTESIAN_POINT('',(-9.1,4.6,-9.785122397427E-003));
#8047 = CARTESIAN_POINT('',(-9.1,4.6,-14.88345872239));
#8048 = CARTESIAN_POINT('',(-9.1,5.1,-9.785122397427E-003));
#8049 = CARTESIAN_POINT('',(-9.1,5.1,-14.88345872239));
#8050 = CARTESIAN_POINT('',(-8.6,5.1,-9.785122397427E-003));
#8051 = CARTESIAN_POINT('',(-8.6,5.1,-14.88345872239));
#8052 = ADVANCED_FACE('',(#8053),#8075,.T.);
#8053 = FACE_BOUND('',#8054,.T.);
#8054 = EDGE_LOOP('',(#8055,#8056,#8063,#8070));
#8055 = ORIENTED_EDGE('',*,*,#7701,.T.);
#8056 = ORIENTED_EDGE('',*,*,#8057,.F.);
#8057 = EDGE_CURVE('',#8058,#7695,#8060,.T.);
#8058 = VERTEX_POINT('',#8059);
#8059 = CARTESIAN_POINT('',(-6.35,-5.1,0.300083077603));
#8060 = B_SPLINE_CURVE_WITH_KNOTS('',1,(#8061,#8062),.UNSPECIFIED.,.F.,
  .F.,(2,2),(0.E+000,0.369327511801),.PIECEWISE_BEZIER_KNOTS.);
#8061 = CARTESIAN_POINT('',(-6.35,-5.1,0.300083077603));
#8062 = CARTESIAN_POINT('',(-6.565413116994,-5.1,-9.785122397292E-003));
#8063 = ORIENTED_EDGE('',*,*,#8064,.F.);
#8064 = EDGE_CURVE('',#8065,#8058,#8067,.T.);
#8065 = VERTEX_POINT('',#8066);
#8066 = CARTESIAN_POINT('',(-6.35,-4.8,0.300083077603));
#8067 = B_SPLINE_CURVE_WITH_KNOTS('',1,(#8068,#8069),.UNSPECIFIED.,.F.,
  .F.,(2,2),(0.E+000,0.3),.PIECEWISE_BEZIER_KNOTS.);
#8068 = CARTESIAN_POINT('',(-6.35,-4.8,0.300083077603));
#8069 = CARTESIAN_POINT('',(-6.35,-5.1,0.300083077603));
#8070 = ORIENTED_EDGE('',*,*,#8071,.F.);
#8071 = EDGE_CURVE('',#7702,#8065,#8072,.T.);
#8072 = B_SPLINE_CURVE_WITH_KNOTS('',1,(#8073,#8074),.UNSPECIFIED.,.F.,
  .F.,(2,2),(0.E+000,0.369327511801),.PIECEWISE_BEZIER_KNOTS.);
#8073 = CARTESIAN_POINT('',(-6.565413116994,-4.8,-9.785122397427E-003));
#8074 = CARTESIAN_POINT('',(-6.35,-4.8,0.300083077602));
#8075 = B_SPLINE_SURFACE_WITH_KNOTS('',1,1,(
    (#8076,#8077)
    ,(#8078,#8079
    )),.UNSPECIFIED.,.F.,.F.,.F.,(2,2),(2,2),(-0.1846637559,0.1846637559
    ),(-0.15,0.15),.PIECEWISE_BEZIER_KNOTS.);
#8076 = CARTESIAN_POINT('',(-6.35,-4.8,0.300083077603));
#8077 = CARTESIAN_POINT('',(-6.35,-5.1,0.300083077603));
#8078 = CARTESIAN_POINT('',(-6.565413116994,-4.8,-9.78512239736E-003));
#8079 = CARTESIAN_POINT('',(-6.565413116994,-5.1,-9.78512239736E-003));
#8080 = ADVANCED_FACE('',(#8081),#8097,.T.);
#8081 = FACE_BOUND('',#8082,.T.);
#8082 = EDGE_LOOP('',(#8083,#8090,#8095,#8096));
#8083 = ORIENTED_EDGE('',*,*,#8084,.F.);
#8084 = EDGE_CURVE('',#8085,#8065,#8087,.T.);
#8085 = VERTEX_POINT('',#8086);
#8086 = CARTESIAN_POINT('',(-5.35,-4.8,0.300083077603));
#8087 = B_SPLINE_CURVE_WITH_KNOTS('',1,(#8088,#8089),.UNSPECIFIED.,.F.,
  .F.,(2,2),(0.E+000,1.),.PIECEWISE_BEZIER_KNOTS.);
#8088 = CARTESIAN_POINT('',(-5.35,-4.8,0.300083077603));
#8089 = CARTESIAN_POINT('',(-6.35,-4.8,0.300083077603));
#8090 = ORIENTED_EDGE('',*,*,#8091,.T.);
#8091 = EDGE_CURVE('',#8085,#7709,#8092,.T.);
#8092 = B_SPLINE_CURVE_WITH_KNOTS('',1,(#8093,#8094),.UNSPECIFIED.,.F.,
  .F.,(2,2),(0.E+000,0.369327511801),.PIECEWISE_BEZIER_KNOTS.);
#8093 = CARTESIAN_POINT('',(-5.35,-4.8,0.300083077603));
#8094 = CARTESIAN_POINT('',(-5.134586883006,-4.8,-9.785122397291E-003));
#8095 = ORIENTED_EDGE('',*,*,#7708,.F.);
#8096 = ORIENTED_EDGE('',*,*,#8071,.T.);
#8097 = B_SPLINE_SURFACE_WITH_KNOTS('',1,1,(
    (#8098,#8099)
    ,(#8100,#8101
    )),.UNSPECIFIED.,.F.,.F.,.F.,(2,2),(2,2),(-0.215413116994,
    1.215413116994),(0.E+000,0.3),.PIECEWISE_BEZIER_KNOTS.);
#8098 = CARTESIAN_POINT('',(-5.134586883006,-4.8,-9.785122397427E-003));
#8099 = CARTESIAN_POINT('',(-5.134586883006,-4.8,0.300083077603));
#8100 = CARTESIAN_POINT('',(-6.565413116994,-4.8,-9.785122397427E-003));
#8101 = CARTESIAN_POINT('',(-6.565413116994,-4.8,0.300083077603));
#8102 = ADVANCED_FACE('',(#8103),#8125,.T.);
#8103 = FACE_BOUND('',#8104,.T.);
#8104 = EDGE_LOOP('',(#8105,#8106,#8113,#8120));
#8105 = ORIENTED_EDGE('',*,*,#7829,.T.);
#8106 = ORIENTED_EDGE('',*,*,#8107,.F.);
#8107 = EDGE_CURVE('',#8108,#7823,#8110,.T.);
#8108 = VERTEX_POINT('',#8109);
#8109 = CARTESIAN_POINT('',(-6.35,4.8,0.300083077603));
#8110 = B_SPLINE_CURVE_WITH_KNOTS('',1,(#8111,#8112),.UNSPECIFIED.,.F.,
  .F.,(2,2),(0.E+000,0.369327511801),.PIECEWISE_BEZIER_KNOTS.);
#8111 = CARTESIAN_POINT('',(-6.35,4.8,0.300083077603));
#8112 = CARTESIAN_POINT('',(-6.565413116994,4.8,-9.785122397292E-003));
#8113 = ORIENTED_EDGE('',*,*,#8114,.F.);
#8114 = EDGE_CURVE('',#8115,#8108,#8117,.T.);
#8115 = VERTEX_POINT('',#8116);
#8116 = CARTESIAN_POINT('',(-6.35,5.1,0.300083077603));
#8117 = B_SPLINE_CURVE_WITH_KNOTS('',1,(#8118,#8119),.UNSPECIFIED.,.F.,
  .F.,(2,2),(0.E+000,0.3),.PIECEWISE_BEZIER_KNOTS.);
#8118 = CARTESIAN_POINT('',(-6.35,5.1,0.300083077603));
#8119 = CARTESIAN_POINT('',(-6.35,4.8,0.300083077603));
#8120 = ORIENTED_EDGE('',*,*,#8121,.F.);
#8121 = EDGE_CURVE('',#7830,#8115,#8122,.T.);
#8122 = B_SPLINE_CURVE_WITH_KNOTS('',1,(#8123,#8124),.UNSPECIFIED.,.F.,
  .F.,(2,2),(0.E+000,0.369327511801),.PIECEWISE_BEZIER_KNOTS.);
#8123 = CARTESIAN_POINT('',(-6.565413116994,5.1,-9.785122397427E-003));
#8124 = CARTESIAN_POINT('',(-6.35,5.1,0.300083077602));
#8125 = B_SPLINE_SURFACE_WITH_KNOTS('',1,1,(
    (#8126,#8127)
    ,(#8128,#8129
    )),.UNSPECIFIED.,.F.,.F.,.F.,(2,2),(2,2),(-0.1846637559,0.1846637559
    ),(-0.15,0.15),.PIECEWISE_BEZIER_KNOTS.);
#8126 = CARTESIAN_POINT('',(-6.35,5.1,0.300083077603));
#8127 = CARTESIAN_POINT('',(-6.35,4.8,0.300083077603));
#8128 = CARTESIAN_POINT('',(-6.565413116994,5.1,-9.78512239736E-003));
#8129 = CARTESIAN_POINT('',(-6.565413116994,4.8,-9.78512239736E-003));
#8130 = ADVANCED_FACE('',(#8131),#8147,.T.);
#8131 = FACE_BOUND('',#8132,.T.);
#8132 = EDGE_LOOP('',(#8133,#8134,#8135,#8142));
#8133 = ORIENTED_EDGE('',*,*,#7715,.T.);
#8134 = ORIENTED_EDGE('',*,*,#8091,.F.);
#8135 = ORIENTED_EDGE('',*,*,#8136,.F.);
#8136 = EDGE_CURVE('',#8137,#8085,#8139,.T.);
#8137 = VERTEX_POINT('',#8138);
#8138 = CARTESIAN_POINT('',(-5.35,-5.1,0.300083077603));
#8139 = B_SPLINE_CURVE_WITH_KNOTS('',1,(#8140,#8141),.UNSPECIFIED.,.F.,
  .F.,(2,2),(0.E+000,0.3),.PIECEWISE_BEZIER_KNOTS.);
#8140 = CARTESIAN_POINT('',(-5.35,-5.1,0.300083077603));
#8141 = CARTESIAN_POINT('',(-5.35,-4.8,0.300083077603));
#8142 = ORIENTED_EDGE('',*,*,#8143,.F.);
#8143 = EDGE_CURVE('',#7716,#8137,#8144,.T.);
#8144 = B_SPLINE_CURVE_WITH_KNOTS('',1,(#8145,#8146),.UNSPECIFIED.,.F.,
  .F.,(2,2),(0.E+000,0.369327511801),.PIECEWISE_BEZIER_KNOTS.);
#8145 = CARTESIAN_POINT('',(-5.134586883006,-5.1,-9.785122397427E-003));
#8146 = CARTESIAN_POINT('',(-5.35,-5.1,0.300083077602));
#8147 = B_SPLINE_SURFACE_WITH_KNOTS('',1,1,(
    (#8148,#8149)
    ,(#8150,#8151
    )),.UNSPECIFIED.,.F.,.F.,.F.,(2,2),(2,2),(-0.1846637559,0.1846637559
    ),(-0.15,0.15),.PIECEWISE_BEZIER_KNOTS.);
#8148 = CARTESIAN_POINT('',(-5.35,-5.1,0.300083077603));
#8149 = CARTESIAN_POINT('',(-5.35,-4.8,0.300083077603));
#8150 = CARTESIAN_POINT('',(-5.134586883006,-5.1,-9.785122397359E-003));
#8151 = CARTESIAN_POINT('',(-5.134586883006,-4.8,-9.785122397359E-003));
#8152 = ADVANCED_FACE('',(#8153),#8169,.T.);
#8153 = FACE_BOUND('',#8154,.T.);
#8154 = EDGE_LOOP('',(#8155,#8162,#8163,#8164));
#8155 = ORIENTED_EDGE('',*,*,#8156,.F.);
#8156 = EDGE_CURVE('',#8108,#8157,#8159,.T.);
#8157 = VERTEX_POINT('',#8158);
#8158 = CARTESIAN_POINT('',(-5.35,4.8,0.300083077603));
#8159 = B_SPLINE_CURVE_WITH_KNOTS('',1,(#8160,#8161),.UNSPECIFIED.,.F.,
  .F.,(2,2),(0.E+000,1.),.PIECEWISE_BEZIER_KNOTS.);
#8160 = CARTESIAN_POINT('',(-6.35,4.8,0.300083077603));
#8161 = CARTESIAN_POINT('',(-5.35,4.8,0.300083077603));
#8162 = ORIENTED_EDGE('',*,*,#8107,.T.);
#8163 = ORIENTED_EDGE('',*,*,#7822,.F.);
#8164 = ORIENTED_EDGE('',*,*,#8165,.T.);
#8165 = EDGE_CURVE('',#7816,#8157,#8166,.T.);
#8166 = B_SPLINE_CURVE_WITH_KNOTS('',1,(#8167,#8168),.UNSPECIFIED.,.F.,
  .F.,(2,2),(0.E+000,0.369327511801),.PIECEWISE_BEZIER_KNOTS.);
#8167 = CARTESIAN_POINT('',(-5.134586883006,4.8,-9.785122397427E-003));
#8168 = CARTESIAN_POINT('',(-5.35,4.8,0.300083077602));
#8169 = B_SPLINE_SURFACE_WITH_KNOTS('',1,1,(
    (#8170,#8171)
    ,(#8172,#8173
    )),.UNSPECIFIED.,.F.,.F.,.F.,(2,2),(2,2),(-0.215413116994,
    1.215413116994),(0.E+000,0.3),.PIECEWISE_BEZIER_KNOTS.);
#8170 = CARTESIAN_POINT('',(-6.565413116994,4.8,-9.785122397427E-003));
#8171 = CARTESIAN_POINT('',(-6.565413116994,4.8,0.300083077603));
#8172 = CARTESIAN_POINT('',(-5.134586883006,4.8,-9.785122397427E-003));
#8173 = CARTESIAN_POINT('',(-5.134586883006,4.8,0.300083077603));
#8174 = ADVANCED_FACE('',(#8175),#8191,.T.);
#8175 = FACE_BOUND('',#8176,.T.);
#8176 = EDGE_LOOP('',(#8177,#8178,#8185,#8190));
#8177 = ORIENTED_EDGE('',*,*,#7815,.T.);
#8178 = ORIENTED_EDGE('',*,*,#8179,.F.);
#8179 = EDGE_CURVE('',#8180,#7809,#8182,.T.);
#8180 = VERTEX_POINT('',#8181);
#8181 = CARTESIAN_POINT('',(-5.35,5.1,0.300083077603));
#8182 = B_SPLINE_CURVE_WITH_KNOTS('',1,(#8183,#8184),.UNSPECIFIED.,.F.,
  .F.,(2,2),(0.E+000,0.369327511801),.PIECEWISE_BEZIER_KNOTS.);
#8183 = CARTESIAN_POINT('',(-5.35,5.1,0.300083077603));
#8184 = CARTESIAN_POINT('',(-5.134586883006,5.1,-9.785122397291E-003));
#8185 = ORIENTED_EDGE('',*,*,#8186,.F.);
#8186 = EDGE_CURVE('',#8157,#8180,#8187,.T.);
#8187 = B_SPLINE_CURVE_WITH_KNOTS('',1,(#8188,#8189),.UNSPECIFIED.,.F.,
  .F.,(2,2),(0.E+000,0.3),.PIECEWISE_BEZIER_KNOTS.);
#8188 = CARTESIAN_POINT('',(-5.35,4.8,0.300083077603));
#8189 = CARTESIAN_POINT('',(-5.35,5.1,0.300083077603));
#8190 = ORIENTED_EDGE('',*,*,#8165,.F.);
#8191 = B_SPLINE_SURFACE_WITH_KNOTS('',1,1,(
    (#8192,#8193)
    ,(#8194,#8195
    )),.UNSPECIFIED.,.F.,.F.,.F.,(2,2),(2,2),(-0.1846637559,0.1846637559
    ),(-0.15,0.15),.PIECEWISE_BEZIER_KNOTS.);
#8192 = CARTESIAN_POINT('',(-5.35,4.8,0.300083077603));
#8193 = CARTESIAN_POINT('',(-5.35,5.1,0.300083077603));
#8194 = CARTESIAN_POINT('',(-5.134586883006,4.8,-9.785122397359E-003));
#8195 = CARTESIAN_POINT('',(-5.134586883006,5.1,-9.785122397359E-003));
#8196 = ADVANCED_FACE('',(#8197),#8219,.T.);
#8197 = FACE_BOUND('',#8198,.T.);
#8198 = EDGE_LOOP('',(#8199,#8200,#8207,#8214));
#8199 = ORIENTED_EDGE('',*,*,#7729,.T.);
#8200 = ORIENTED_EDGE('',*,*,#8201,.F.);
#8201 = EDGE_CURVE('',#8202,#7723,#8204,.T.);
#8202 = VERTEX_POINT('',#8203);
#8203 = CARTESIAN_POINT('',(5.35,-5.1,0.300083077603));
#8204 = B_SPLINE_CURVE_WITH_KNOTS('',1,(#8205,#8206),.UNSPECIFIED.,.F.,
  .F.,(2,2),(0.E+000,0.369327511801),.PIECEWISE_BEZIER_KNOTS.);
#8205 = CARTESIAN_POINT('',(5.35,-5.1,0.300083077603));
#8206 = CARTESIAN_POINT('',(5.134586883006,-5.1,-9.785122397291E-003));
#8207 = ORIENTED_EDGE('',*,*,#8208,.F.);
#8208 = EDGE_CURVE('',#8209,#8202,#8211,.T.);
#8209 = VERTEX_POINT('',#8210);
#8210 = CARTESIAN_POINT('',(5.35,-4.8,0.300083077603));
#8211 = B_SPLINE_CURVE_WITH_KNOTS('',1,(#8212,#8213),.UNSPECIFIED.,.F.,
  .F.,(2,2),(0.E+000,0.3),.PIECEWISE_BEZIER_KNOTS.);
#8212 = CARTESIAN_POINT('',(5.35,-4.8,0.300083077603));
#8213 = CARTESIAN_POINT('',(5.35,-5.1,0.300083077603));
#8214 = ORIENTED_EDGE('',*,*,#8215,.F.);
#8215 = EDGE_CURVE('',#7730,#8209,#8216,.T.);
#8216 = B_SPLINE_CURVE_WITH_KNOTS('',1,(#8217,#8218),.UNSPECIFIED.,.F.,
  .F.,(2,2),(0.E+000,0.369327511801),.PIECEWISE_BEZIER_KNOTS.);
#8217 = CARTESIAN_POINT('',(5.134586883006,-4.8,-9.785122397427E-003));
#8218 = CARTESIAN_POINT('',(5.35,-4.8,0.300083077602));
#8219 = B_SPLINE_SURFACE_WITH_KNOTS('',1,1,(
    (#8220,#8221)
    ,(#8222,#8223
    )),.UNSPECIFIED.,.F.,.F.,.F.,(2,2),(2,2),(-0.1846637559,0.1846637559
    ),(-0.15,0.15),.PIECEWISE_BEZIER_KNOTS.);
#8220 = CARTESIAN_POINT('',(5.35,-4.8,0.300083077603));
#8221 = CARTESIAN_POINT('',(5.35,-5.1,0.300083077603));
#8222 = CARTESIAN_POINT('',(5.134586883006,-4.8,-9.785122397359E-003));
#8223 = CARTESIAN_POINT('',(5.134586883006,-5.1,-9.785122397359E-003));
#8224 = ADVANCED_FACE('',(#8225),#8241,.T.);
#8225 = FACE_BOUND('',#8226,.T.);
#8226 = EDGE_LOOP('',(#8227,#8228,#8229,#8236));
#8227 = ORIENTED_EDGE('',*,*,#7736,.F.);
#8228 = ORIENTED_EDGE('',*,*,#8215,.T.);
#8229 = ORIENTED_EDGE('',*,*,#8230,.F.);
#8230 = EDGE_CURVE('',#8231,#8209,#8233,.T.);
#8231 = VERTEX_POINT('',#8232);
#8232 = CARTESIAN_POINT('',(6.35,-4.8,0.300083077603));
#8233 = B_SPLINE_CURVE_WITH_KNOTS('',1,(#8234,#8235),.UNSPECIFIED.,.F.,
  .F.,(2,2),(0.E+000,1.),.PIECEWISE_BEZIER_KNOTS.);
#8234 = CARTESIAN_POINT('',(6.35,-4.8,0.300083077603));
#8235 = CARTESIAN_POINT('',(5.35,-4.8,0.300083077603));
#8236 = ORIENTED_EDGE('',*,*,#8237,.T.);
#8237 = EDGE_CURVE('',#8231,#7737,#8238,.T.);
#8238 = B_SPLINE_CURVE_WITH_KNOTS('',1,(#8239,#8240),.UNSPECIFIED.,.F.,
  .F.,(2,2),(0.E+000,0.369327511801),.PIECEWISE_BEZIER_KNOTS.);
#8239 = CARTESIAN_POINT('',(6.35,-4.8,0.300083077603));
#8240 = CARTESIAN_POINT('',(6.565413116994,-4.8,-9.785122397292E-003));
#8241 = B_SPLINE_SURFACE_WITH_KNOTS('',1,1,(
    (#8242,#8243)
    ,(#8244,#8245
    )),.UNSPECIFIED.,.F.,.F.,.F.,(2,2),(2,2),(-0.215413116994,
    1.215413116994),(0.E+000,0.3),.PIECEWISE_BEZIER_KNOTS.);
#8242 = CARTESIAN_POINT('',(6.565413116994,-4.8,-9.785122397427E-003));
#8243 = CARTESIAN_POINT('',(6.565413116994,-4.8,0.300083077603));
#8244 = CARTESIAN_POINT('',(5.134586883006,-4.8,-9.785122397427E-003));
#8245 = CARTESIAN_POINT('',(5.134586883006,-4.8,0.300083077603));
#8246 = ADVANCED_FACE('',(#8247),#8269,.T.);
#8247 = FACE_BOUND('',#8248,.T.);
#8248 = EDGE_LOOP('',(#8249,#8250,#8257,#8264));
#8249 = ORIENTED_EDGE('',*,*,#7801,.T.);
#8250 = ORIENTED_EDGE('',*,*,#8251,.F.);
#8251 = EDGE_CURVE('',#8252,#7795,#8254,.T.);
#8252 = VERTEX_POINT('',#8253);
#8253 = CARTESIAN_POINT('',(5.35,4.8,0.300083077603));
#8254 = B_SPLINE_CURVE_WITH_KNOTS('',1,(#8255,#8256),.UNSPECIFIED.,.F.,
  .F.,(2,2),(0.E+000,0.369327511801),.PIECEWISE_BEZIER_KNOTS.);
#8255 = CARTESIAN_POINT('',(5.35,4.8,0.300083077603));
#8256 = CARTESIAN_POINT('',(5.134586883006,4.8,-9.785122397291E-003));
#8257 = ORIENTED_EDGE('',*,*,#8258,.F.);
#8258 = EDGE_CURVE('',#8259,#8252,#8261,.T.);
#8259 = VERTEX_POINT('',#8260);
#8260 = CARTESIAN_POINT('',(5.35,5.1,0.300083077603));
#8261 = B_SPLINE_CURVE_WITH_KNOTS('',1,(#8262,#8263),.UNSPECIFIED.,.F.,
  .F.,(2,2),(0.E+000,0.3),.PIECEWISE_BEZIER_KNOTS.);
#8262 = CARTESIAN_POINT('',(5.35,5.1,0.300083077603));
#8263 = CARTESIAN_POINT('',(5.35,4.8,0.300083077603));
#8264 = ORIENTED_EDGE('',*,*,#8265,.F.);
#8265 = EDGE_CURVE('',#7802,#8259,#8266,.T.);
#8266 = B_SPLINE_CURVE_WITH_KNOTS('',1,(#8267,#8268),.UNSPECIFIED.,.F.,
  .F.,(2,2),(0.E+000,0.369327511801),.PIECEWISE_BEZIER_KNOTS.);
#8267 = CARTESIAN_POINT('',(5.134586883006,5.1,-9.785122397427E-003));
#8268 = CARTESIAN_POINT('',(5.35,5.1,0.300083077602));
#8269 = B_SPLINE_SURFACE_WITH_KNOTS('',1,1,(
    (#8270,#8271)
    ,(#8272,#8273
    )),.UNSPECIFIED.,.F.,.F.,.F.,(2,2),(2,2),(-0.1846637559,0.1846637559
    ),(-0.15,0.15),.PIECEWISE_BEZIER_KNOTS.);
#8270 = CARTESIAN_POINT('',(5.35,5.1,0.300083077603));
#8271 = CARTESIAN_POINT('',(5.35,4.8,0.300083077603));
#8272 = CARTESIAN_POINT('',(5.134586883006,5.1,-9.785122397359E-003));
#8273 = CARTESIAN_POINT('',(5.134586883006,4.8,-9.785122397359E-003));
#8274 = ADVANCED_FACE('',(#8275),#8291,.T.);
#8275 = FACE_BOUND('',#8276,.T.);
#8276 = EDGE_LOOP('',(#8277,#8278,#8279,#8286));
#8277 = ORIENTED_EDGE('',*,*,#7743,.T.);
#8278 = ORIENTED_EDGE('',*,*,#8237,.F.);
#8279 = ORIENTED_EDGE('',*,*,#8280,.F.);
#8280 = EDGE_CURVE('',#8281,#8231,#8283,.T.);
#8281 = VERTEX_POINT('',#8282);
#8282 = CARTESIAN_POINT('',(6.35,-5.1,0.300083077603));
#8283 = B_SPLINE_CURVE_WITH_KNOTS('',1,(#8284,#8285),.UNSPECIFIED.,.F.,
  .F.,(2,2),(0.E+000,0.3),.PIECEWISE_BEZIER_KNOTS.);
#8284 = CARTESIAN_POINT('',(6.35,-5.1,0.300083077603));
#8285 = CARTESIAN_POINT('',(6.35,-4.8,0.300083077603));
#8286 = ORIENTED_EDGE('',*,*,#8287,.F.);
#8287 = EDGE_CURVE('',#7744,#8281,#8288,.T.);
#8288 = B_SPLINE_CURVE_WITH_KNOTS('',1,(#8289,#8290),.UNSPECIFIED.,.F.,
  .F.,(2,2),(0.E+000,0.369327511801),.PIECEWISE_BEZIER_KNOTS.);
#8289 = CARTESIAN_POINT('',(6.565413116994,-5.1,-9.785122397427E-003));
#8290 = CARTESIAN_POINT('',(6.35,-5.1,0.300083077602));
#8291 = B_SPLINE_SURFACE_WITH_KNOTS('',1,1,(
    (#8292,#8293)
    ,(#8294,#8295
    )),.UNSPECIFIED.,.F.,.F.,.F.,(2,2),(2,2),(-0.1846637559,0.1846637559
    ),(-0.15,0.15),.PIECEWISE_BEZIER_KNOTS.);
#8292 = CARTESIAN_POINT('',(6.35,-5.1,0.300083077603));
#8293 = CARTESIAN_POINT('',(6.35,-4.8,0.300083077603));
#8294 = CARTESIAN_POINT('',(6.565413116994,-5.1,-9.78512239736E-003));
#8295 = CARTESIAN_POINT('',(6.565413116994,-4.8,-9.78512239736E-003));
#8296 = ADVANCED_FACE('',(#8297),#8313,.T.);
#8297 = FACE_BOUND('',#8298,.T.);
#8298 = EDGE_LOOP('',(#8299,#8300,#8307,#8312));
#8299 = ORIENTED_EDGE('',*,*,#7794,.F.);
#8300 = ORIENTED_EDGE('',*,*,#8301,.T.);
#8301 = EDGE_CURVE('',#7788,#8302,#8304,.T.);
#8302 = VERTEX_POINT('',#8303);
#8303 = CARTESIAN_POINT('',(6.35,4.8,0.300083077603));
#8304 = B_SPLINE_CURVE_WITH_KNOTS('',1,(#8305,#8306),.UNSPECIFIED.,.F.,
  .F.,(2,2),(0.E+000,0.369327511801),.PIECEWISE_BEZIER_KNOTS.);
#8305 = CARTESIAN_POINT('',(6.565413116994,4.8,-9.785122397427E-003));
#8306 = CARTESIAN_POINT('',(6.35,4.8,0.300083077602));
#8307 = ORIENTED_EDGE('',*,*,#8308,.F.);
#8308 = EDGE_CURVE('',#8252,#8302,#8309,.T.);
#8309 = B_SPLINE_CURVE_WITH_KNOTS('',1,(#8310,#8311),.UNSPECIFIED.,.F.,
  .F.,(2,2),(0.E+000,1.),.PIECEWISE_BEZIER_KNOTS.);
#8310 = CARTESIAN_POINT('',(5.35,4.8,0.300083077603));
#8311 = CARTESIAN_POINT('',(6.35,4.8,0.300083077603));
#8312 = ORIENTED_EDGE('',*,*,#8251,.T.);
#8313 = B_SPLINE_SURFACE_WITH_KNOTS('',1,1,(
    (#8314,#8315)
    ,(#8316,#8317
    )),.UNSPECIFIED.,.F.,.F.,.F.,(2,2),(2,2),(-0.215413116994,
    1.215413116994),(0.E+000,0.3),.PIECEWISE_BEZIER_KNOTS.);
#8314 = CARTESIAN_POINT('',(5.134586883006,4.8,-9.785122397427E-003));
#8315 = CARTESIAN_POINT('',(5.134586883006,4.8,0.300083077603));
#8316 = CARTESIAN_POINT('',(6.565413116994,4.8,-9.785122397427E-003));
#8317 = CARTESIAN_POINT('',(6.565413116994,4.8,0.300083077603));
#8318 = ADVANCED_FACE('',(#8319),#8335,.T.);
#8319 = FACE_BOUND('',#8320,.T.);
#8320 = EDGE_LOOP('',(#8321,#8322,#8329,#8334));
#8321 = ORIENTED_EDGE('',*,*,#7787,.T.);
#8322 = ORIENTED_EDGE('',*,*,#8323,.F.);
#8323 = EDGE_CURVE('',#8324,#7781,#8326,.T.);
#8324 = VERTEX_POINT('',#8325);
#8325 = CARTESIAN_POINT('',(6.35,5.1,0.300083077603));
#8326 = B_SPLINE_CURVE_WITH_KNOTS('',1,(#8327,#8328),.UNSPECIFIED.,.F.,
  .F.,(2,2),(0.E+000,0.369327511801),.PIECEWISE_BEZIER_KNOTS.);
#8327 = CARTESIAN_POINT('',(6.35,5.1,0.300083077603));
#8328 = CARTESIAN_POINT('',(6.565413116994,5.1,-9.785122397292E-003));
#8329 = ORIENTED_EDGE('',*,*,#8330,.F.);
#8330 = EDGE_CURVE('',#8302,#8324,#8331,.T.);
#8331 = B_SPLINE_CURVE_WITH_KNOTS('',1,(#8332,#8333),.UNSPECIFIED.,.F.,
  .F.,(2,2),(0.E+000,0.3),.PIECEWISE_BEZIER_KNOTS.);
#8332 = CARTESIAN_POINT('',(6.35,4.8,0.300083077603));
#8333 = CARTESIAN_POINT('',(6.35,5.1,0.300083077603));
#8334 = ORIENTED_EDGE('',*,*,#8301,.F.);
#8335 = B_SPLINE_SURFACE_WITH_KNOTS('',1,1,(
    (#8336,#8337)
    ,(#8338,#8339
    )),.UNSPECIFIED.,.F.,.F.,.F.,(2,2),(2,2),(-0.1846637559,0.1846637559
    ),(-0.15,0.15),.PIECEWISE_BEZIER_KNOTS.);
#8336 = CARTESIAN_POINT('',(6.35,4.8,0.300083077603));
#8337 = CARTESIAN_POINT('',(6.35,5.1,0.300083077603));
#8338 = CARTESIAN_POINT('',(6.565413116994,4.8,-9.78512239736E-003));
#8339 = CARTESIAN_POINT('',(6.565413116994,5.1,-9.78512239736E-003));
#8340 = ADVANCED_FACE('',(#8341),#8364,.T.);
#8341 = FACE_BOUND('',#8342,.T.);
#8342 = EDGE_LOOP('',(#8343,#8350,#8358,#8363));
#8343 = ORIENTED_EDGE('',*,*,#8344,.T.);
#8344 = EDGE_CURVE('',#7751,#8345,#8347,.T.);
#8345 = VERTEX_POINT('',#8346);
#8346 = CARTESIAN_POINT('',(8.6,-5.1,-14.88345872239));
#8347 = B_SPLINE_CURVE_WITH_KNOTS('',1,(#8348,#8349),.UNSPECIFIED.,.F.,
  .F.,(2,2),(0.E+000,14.4),.PIECEWISE_BEZIER_KNOTS.);
#8348 = CARTESIAN_POINT('',(8.6,-5.1,-9.785122397427E-003));
#8349 = CARTESIAN_POINT('',(8.6,-5.1,-14.88345872239));
#8350 = ORIENTED_EDGE('',*,*,#8351,.F.);
#8351 = EDGE_CURVE('',#8352,#8345,#8354,.T.);
#8352 = VERTEX_POINT('',#8353);
#8353 = CARTESIAN_POINT('',(9.1,-4.6,-14.88345872239));
#8354 = ( BOUNDED_CURVE() B_SPLINE_CURVE(2,(#8355,#8356,#8357),
.UNSPECIFIED.,.F.,.F.) B_SPLINE_CURVE_WITH_KNOTS((3,3),(0.E+000,
1.570796326795),.PIECEWISE_BEZIER_KNOTS.) CURVE() 
GEOMETRIC_REPRESENTATION_ITEM() RATIONAL_B_SPLINE_CURVE((1.,
0.707106781187,1.)) REPRESENTATION_ITEM('') );
#8355 = CARTESIAN_POINT('',(9.1,-4.6,-14.88345872239));
#8356 = CARTESIAN_POINT('',(9.1,-5.1,-14.88345872239));
#8357 = CARTESIAN_POINT('',(8.6,-5.1,-14.88345872239));
#8358 = ORIENTED_EDGE('',*,*,#8359,.F.);
#8359 = EDGE_CURVE('',#7758,#8352,#8360,.T.);
#8360 = B_SPLINE_CURVE_WITH_KNOTS('',1,(#8361,#8362),.UNSPECIFIED.,.F.,
  .F.,(2,2),(0.E+000,14.4),.PIECEWISE_BEZIER_KNOTS.);
#8361 = CARTESIAN_POINT('',(9.1,-4.6,-9.785122397427E-003));
#8362 = CARTESIAN_POINT('',(9.1,-4.6,-14.88345872239));
#8363 = ORIENTED_EDGE('',*,*,#7757,.F.);
#8364 = ( BOUNDED_SURFACE() B_SPLINE_SURFACE(2,1,(
    (#8365,#8366)
    ,(#8367,#8368)
    ,(#8369,#8370
)),.UNSPECIFIED.,.F.,.F.,.F.) B_SPLINE_SURFACE_WITH_KNOTS((3,3),(2,2),(
    0.E+000,1.570796326795),(28.8684,43.2684),.PIECEWISE_BEZIER_KNOTS.) 
GEOMETRIC_REPRESENTATION_ITEM() RATIONAL_B_SPLINE_SURFACE((
    (1.,1.)
    ,(0.707106781187,0.707106781187)
,(1.,1.))) REPRESENTATION_ITEM('') SURFACE() );
#8365 = CARTESIAN_POINT('',(9.1,-4.6,-9.785122397427E-003));
#8366 = CARTESIAN_POINT('',(9.1,-4.6,-14.88345872239));
#8367 = CARTESIAN_POINT('',(9.1,-5.1,-9.785122397427E-003));
#8368 = CARTESIAN_POINT('',(9.1,-5.1,-14.88345872239));
#8369 = CARTESIAN_POINT('',(8.6,-5.1,-9.785122397427E-003));
#8370 = CARTESIAN_POINT('',(8.6,-5.1,-14.88345872239));
#8371 = ADVANCED_FACE('',(#8372),#8388,.T.);
#8372 = FACE_BOUND('',#8373,.T.);
#8373 = EDGE_LOOP('',(#8374,#8381,#8386,#8387));
#8374 = ORIENTED_EDGE('',*,*,#8375,.F.);
#8375 = EDGE_CURVE('',#8376,#8352,#8378,.T.);
#8376 = VERTEX_POINT('',#8377);
#8377 = CARTESIAN_POINT('',(9.1,4.6,-14.88345872239));
#8378 = B_SPLINE_CURVE_WITH_KNOTS('',1,(#8379,#8380),.UNSPECIFIED.,.F.,
  .F.,(2,2),(0.E+000,9.2),.PIECEWISE_BEZIER_KNOTS.);
#8379 = CARTESIAN_POINT('',(9.1,4.6,-14.88345872239));
#8380 = CARTESIAN_POINT('',(9.1,-4.6,-14.88345872239));
#8381 = ORIENTED_EDGE('',*,*,#8382,.F.);
#8382 = EDGE_CURVE('',#7766,#8376,#8383,.T.);
#8383 = B_SPLINE_CURVE_WITH_KNOTS('',1,(#8384,#8385),.UNSPECIFIED.,.F.,
  .F.,(2,2),(0.E+000,14.4),.PIECEWISE_BEZIER_KNOTS.);
#8384 = CARTESIAN_POINT('',(9.1,4.6,-9.785122397427E-003));
#8385 = CARTESIAN_POINT('',(9.1,4.6,-14.88345872239));
#8386 = ORIENTED_EDGE('',*,*,#7765,.T.);
#8387 = ORIENTED_EDGE('',*,*,#8359,.T.);
#8388 = B_SPLINE_SURFACE_WITH_KNOTS('',1,1,(
    (#8389,#8390)
    ,(#8391,#8392
    )),.UNSPECIFIED.,.F.,.F.,.F.,(2,2),(2,2),(0.5,9.7),(-14.4,0.E+000),
  .PIECEWISE_BEZIER_KNOTS.);
#8389 = CARTESIAN_POINT('',(9.1,-4.6,-14.88345872239));
#8390 = CARTESIAN_POINT('',(9.1,-4.6,-9.785122397427E-003));
#8391 = CARTESIAN_POINT('',(9.1,4.6,-14.88345872239));
#8392 = CARTESIAN_POINT('',(9.1,4.6,-9.785122397427E-003));
#8393 = ADVANCED_FACE('',(#8394),#8411,.T.);
#8394 = FACE_BOUND('',#8395,.T.);
#8395 = EDGE_LOOP('',(#8396,#8397,#8405,#8410));
#8396 = ORIENTED_EDGE('',*,*,#8382,.T.);
#8397 = ORIENTED_EDGE('',*,*,#8398,.F.);
#8398 = EDGE_CURVE('',#8399,#8376,#8401,.T.);
#8399 = VERTEX_POINT('',#8400);
#8400 = CARTESIAN_POINT('',(8.6,5.1,-14.88345872239));
#8401 = ( BOUNDED_CURVE() B_SPLINE_CURVE(2,(#8402,#8403,#8404),
.UNSPECIFIED.,.F.,.F.) B_SPLINE_CURVE_WITH_KNOTS((3,3),(0.E+000,
1.570796326795),.PIECEWISE_BEZIER_KNOTS.) CURVE() 
GEOMETRIC_REPRESENTATION_ITEM() RATIONAL_B_SPLINE_CURVE((1.,
0.707106781187,1.)) REPRESENTATION_ITEM('') );
#8402 = CARTESIAN_POINT('',(8.6,5.1,-14.88345872239));
#8403 = CARTESIAN_POINT('',(9.1,5.1,-14.88345872239));
#8404 = CARTESIAN_POINT('',(9.1,4.6,-14.88345872239));
#8405 = ORIENTED_EDGE('',*,*,#8406,.F.);
#8406 = EDGE_CURVE('',#7773,#8399,#8407,.T.);
#8407 = B_SPLINE_CURVE_WITH_KNOTS('',1,(#8408,#8409),.UNSPECIFIED.,.F.,
  .F.,(2,2),(0.E+000,14.4),.PIECEWISE_BEZIER_KNOTS.);
#8408 = CARTESIAN_POINT('',(8.6,5.1,-9.785122397427E-003));
#8409 = CARTESIAN_POINT('',(8.6,5.1,-14.88345872239));
#8410 = ORIENTED_EDGE('',*,*,#7772,.F.);
#8411 = ( BOUNDED_SURFACE() B_SPLINE_SURFACE(2,1,(
    (#8412,#8413)
    ,(#8414,#8415)
    ,(#8416,#8417
)),.UNSPECIFIED.,.F.,.F.,.F.) B_SPLINE_SURFACE_WITH_KNOTS((3,3),(2,2),(
    0.E+000,1.570796326795),(28.8684,43.2684),.PIECEWISE_BEZIER_KNOTS.) 
GEOMETRIC_REPRESENTATION_ITEM() RATIONAL_B_SPLINE_SURFACE((
    (1.,1.)
    ,(0.707106781187,0.707106781187)
,(1.,1.))) REPRESENTATION_ITEM('') SURFACE() );
#8412 = CARTESIAN_POINT('',(8.6,5.1,-9.785122397427E-003));
#8413 = CARTESIAN_POINT('',(8.6,5.1,-14.88345872239));
#8414 = CARTESIAN_POINT('',(9.1,5.1,-9.785122397427E-003));
#8415 = CARTESIAN_POINT('',(9.1,5.1,-14.88345872239));
#8416 = CARTESIAN_POINT('',(9.1,4.6,-9.785122397427E-003));
#8417 = CARTESIAN_POINT('',(9.1,4.6,-14.88345872239));
#8418 = ADVANCED_FACE('',(#8419),#8425,.T.);
#8419 = FACE_BOUND('',#8420,.T.);
#8420 = EDGE_LOOP('',(#8421,#8422,#8423,#8424));
#8421 = ORIENTED_EDGE('',*,*,#7861,.T.);
#8422 = ORIENTED_EDGE('',*,*,#7852,.T.);
#8423 = ORIENTED_EDGE('',*,*,#7875,.T.);
#8424 = ORIENTED_EDGE('',*,*,#7868,.T.);
#8425 = PLANE('',#8426);
#8426 = AXIS2_PLACEMENT_3D('',#8427,#8428,#8429);
#8427 = CARTESIAN_POINT('',(-2.696994046005E-003,7.389024783578E-004,
    -9.785122397427E-003));
#8428 = DIRECTION('',(0.E+000,0.E+000,1.));
#8429 = DIRECTION('',(-1.078259151718E-003,0.999999418678,0.E+000));
#8430 = ADVANCED_FACE('',(#8431),#8437,.T.);
#8431 = FACE_BOUND('',#8432,.T.);
#8432 = EDGE_LOOP('',(#8433,#8434,#8435,#8436));
#8433 = ORIENTED_EDGE('',*,*,#7891,.T.);
#8434 = ORIENTED_EDGE('',*,*,#7882,.T.);
#8435 = ORIENTED_EDGE('',*,*,#7905,.T.);
#8436 = ORIENTED_EDGE('',*,*,#7898,.T.);
#8437 = PLANE('',#8438);
#8438 = AXIS2_PLACEMENT_3D('',#8439,#8440,#8441);
#8439 = CARTESIAN_POINT('',(-2.696994046005E-003,7.389024783578E-004,
    -9.785122397427E-003));
#8440 = DIRECTION('',(0.E+000,0.E+000,1.));
#8441 = DIRECTION('',(-1.078259151718E-003,0.999999418678,0.E+000));
#8442 = ADVANCED_FACE('',(#8443),#8449,.T.);
#8443 = FACE_BOUND('',#8444,.T.);
#8444 = EDGE_LOOP('',(#8445,#8446,#8447,#8448));
#8445 = ORIENTED_EDGE('',*,*,#7921,.T.);
#8446 = ORIENTED_EDGE('',*,*,#7912,.T.);
#8447 = ORIENTED_EDGE('',*,*,#7935,.T.);
#8448 = ORIENTED_EDGE('',*,*,#7928,.T.);
#8449 = PLANE('',#8450);
#8450 = AXIS2_PLACEMENT_3D('',#8451,#8452,#8453);
#8451 = CARTESIAN_POINT('',(-2.696994046005E-003,7.389024783578E-004,
    -9.785122397427E-003));
#8452 = DIRECTION('',(0.E+000,0.E+000,1.));
#8453 = DIRECTION('',(-1.078259151718E-003,0.999999418678,0.E+000));
#8454 = ADVANCED_FACE('',(#8455),#8461,.T.);
#8455 = FACE_BOUND('',#8456,.T.);
#8456 = EDGE_LOOP('',(#8457,#8458,#8459,#8460));
#8457 = ORIENTED_EDGE('',*,*,#7951,.T.);
#8458 = ORIENTED_EDGE('',*,*,#7942,.T.);
#8459 = ORIENTED_EDGE('',*,*,#7965,.T.);
#8460 = ORIENTED_EDGE('',*,*,#7958,.T.);
#8461 = PLANE('',#8462);
#8462 = AXIS2_PLACEMENT_3D('',#8463,#8464,#8465);
#8463 = CARTESIAN_POINT('',(-2.696994046005E-003,7.389024783578E-004,
    -9.785122397427E-003));
#8464 = DIRECTION('',(0.E+000,0.E+000,1.));
#8465 = DIRECTION('',(-1.078259151718E-003,0.999999418678,0.E+000));
#8466 = ADVANCED_FACE('',(#8467),#8488,.T.);
#8467 = FACE_BOUND('',#8468,.T.);
#8468 = EDGE_LOOP('',(#8469,#8477,#8482,#8483));
#8469 = ORIENTED_EDGE('',*,*,#8470,.F.);
#8470 = EDGE_CURVE('',#8345,#8471,#8473,.T.);
#8471 = VERTEX_POINT('',#8472);
#8472 = CARTESIAN_POINT('',(8.6,-4.6,-15.39990572239));
#8473 = ( BOUNDED_CURVE() B_SPLINE_CURVE(2,(#8474,#8475,#8476),
.UNSPECIFIED.,.F.,.F.) B_SPLINE_CURVE_WITH_KNOTS((3,3),(0.E+000,
1.570796326795),.PIECEWISE_BEZIER_KNOTS.) CURVE() 
GEOMETRIC_REPRESENTATION_ITEM() RATIONAL_B_SPLINE_CURVE((1.,
0.707106781187,1.)) REPRESENTATION_ITEM('') );
#8474 = CARTESIAN_POINT('',(8.6,-5.1,-14.88345872239));
#8475 = CARTESIAN_POINT('',(8.6,-5.1,-15.39990572239));
#8476 = CARTESIAN_POINT('',(8.6,-4.6,-15.39990572239));
#8477 = ORIENTED_EDGE('',*,*,#8478,.T.);
#8478 = EDGE_CURVE('',#8345,#7635,#8479,.T.);
#8479 = B_SPLINE_CURVE_WITH_KNOTS('',1,(#8480,#8481),.UNSPECIFIED.,.F.,
  .F.,(2,2),(0.E+000,17.2),.PIECEWISE_BEZIER_KNOTS.);
#8480 = CARTESIAN_POINT('',(8.6,-5.1,-14.88345872239));
#8481 = CARTESIAN_POINT('',(-8.6,-5.1,-14.88345872239));
#8482 = ORIENTED_EDGE('',*,*,#7978,.F.);
#8483 = ORIENTED_EDGE('',*,*,#8484,.F.);
#8484 = EDGE_CURVE('',#8471,#7979,#8485,.T.);
#8485 = B_SPLINE_CURVE_WITH_KNOTS('',1,(#8486,#8487),.UNSPECIFIED.,.F.,
  .F.,(2,2),(0.E+000,17.2),.PIECEWISE_BEZIER_KNOTS.);
#8486 = CARTESIAN_POINT('',(8.6,-4.6,-15.39990572239));
#8487 = CARTESIAN_POINT('',(-8.6,-4.6,-15.39990572239));
#8488 = ( BOUNDED_SURFACE() B_SPLINE_SURFACE(2,1,(
    (#8489,#8490)
    ,(#8491,#8492)
    ,(#8493,#8494
)),.UNSPECIFIED.,.F.,.F.,.F.) B_SPLINE_SURFACE_WITH_KNOTS((3,3),(2,2),(
    0.E+000,1.570796326795),(24.22552,41.42552),
.PIECEWISE_BEZIER_KNOTS.) GEOMETRIC_REPRESENTATION_ITEM() 
RATIONAL_B_SPLINE_SURFACE((
    (1.,1.)
    ,(0.707106781187,0.707106781187)
,(1.,1.))) REPRESENTATION_ITEM('') SURFACE() );
#8489 = CARTESIAN_POINT('',(8.6,-4.6,-15.39990572239));
#8490 = CARTESIAN_POINT('',(-8.6,-4.6,-15.39990572239));
#8491 = CARTESIAN_POINT('',(8.6,-5.1,-15.39990572239));
#8492 = CARTESIAN_POINT('',(-8.6,-5.1,-15.39990572239));
#8493 = CARTESIAN_POINT('',(8.6,-5.1,-14.88345872239));
#8494 = CARTESIAN_POINT('',(-8.6,-5.1,-14.88345872239));
#8495 = ADVANCED_FACE('',(#8496),#8506,.T.);
#8496 = FACE_BOUND('',#8497,.T.);
#8497 = EDGE_LOOP('',(#8498,#8499,#8500));
#8498 = ORIENTED_EDGE('',*,*,#8006,.T.);
#8499 = ORIENTED_EDGE('',*,*,#8038,.T.);
#8500 = ORIENTED_EDGE('',*,*,#8501,.T.);
#8501 = EDGE_CURVE('',#8032,#8007,#8502,.T.);
#8502 = ( BOUNDED_CURVE() B_SPLINE_CURVE(2,(#8503,#8504,#8505),
.UNSPECIFIED.,.F.,.F.) B_SPLINE_CURVE_WITH_KNOTS((3,3),(0.E+000,
1.570796326795),.PIECEWISE_BEZIER_KNOTS.) CURVE() 
GEOMETRIC_REPRESENTATION_ITEM() RATIONAL_B_SPLINE_CURVE((1.,
0.707106781187,1.)) REPRESENTATION_ITEM('') );
#8503 = CARTESIAN_POINT('',(-8.6,5.1,-14.88345872239));
#8504 = CARTESIAN_POINT('',(-8.6,5.1,-15.39990572239));
#8505 = CARTESIAN_POINT('',(-8.6,4.6,-15.39990572239));
#8506 = ( BOUNDED_SURFACE() B_SPLINE_SURFACE(2,2,(
    (#8507,#8508,#8509)
    ,(#8510,#8511,#8512)
    ,(#8513,#8514,#8515
)),.UNSPECIFIED.,.F.,.F.,.F.) B_SPLINE_SURFACE_WITH_KNOTS((3,3),(3,3),(
    0.E+000,1.570796326795),(-0.785406160136,0.785406160136),
.PIECEWISE_BEZIER_KNOTS.) GEOMETRIC_REPRESENTATION_ITEM() 
RATIONAL_B_SPLINE_SURFACE((
    (1.,0.707101126616,1.)
    ,(0.707106781187,0.499996001615,0.707106781187)
,(1.,0.707101126616,1.))) REPRESENTATION_ITEM('') SURFACE() );
#8507 = CARTESIAN_POINT('',(-8.6,4.599996001631,-15.39990572238));
#8508 = CARTESIAN_POINT('',(-8.6,5.100003998417,-15.39990985233));
#8509 = CARTESIAN_POINT('',(-8.6,5.099999999984,-14.8834545925));
#8510 = CARTESIAN_POINT('',(-8.953550563308,4.599996001631,
    -15.39990572238));
#8511 = CARTESIAN_POINT('',(-9.307112435802,5.100003998417,
    -15.39990985233));
#8512 = CARTESIAN_POINT('',(-8.953550563308,5.099999999984,
    -14.8834545925));
#8513 = CARTESIAN_POINT('',(-8.953550563308,4.349998000823,
    -15.14168428733));
#8514 = CARTESIAN_POINT('',(-9.307112435802,4.6,-14.88345872239));
#8515 = CARTESIAN_POINT('',(-8.953550563308,4.850001999177,
    -14.62523315746));
#8516 = ADVANCED_FACE('',(#8517),#8533,.F.);
#8517 = FACE_BOUND('',#8518,.F.);
#8518 = EDGE_LOOP('',(#8519,#8526,#8527,#8528));
#8519 = ORIENTED_EDGE('',*,*,#8520,.F.);
#8520 = EDGE_CURVE('',#8007,#8521,#8523,.T.);
#8521 = VERTEX_POINT('',#8522);
#8522 = CARTESIAN_POINT('',(8.6,4.6,-15.39990572239));
#8523 = B_SPLINE_CURVE_WITH_KNOTS('',1,(#8524,#8525),.UNSPECIFIED.,.F.,
  .F.,(2,2),(0.E+000,17.2),.PIECEWISE_BEZIER_KNOTS.);
#8524 = CARTESIAN_POINT('',(-8.6,4.6,-15.39990572239));
#8525 = CARTESIAN_POINT('',(8.6,4.6,-15.39990572239));
#8526 = ORIENTED_EDGE('',*,*,#8014,.F.);
#8527 = ORIENTED_EDGE('',*,*,#8484,.F.);
#8528 = ORIENTED_EDGE('',*,*,#8529,.F.);
#8529 = EDGE_CURVE('',#8521,#8471,#8530,.T.);
#8530 = B_SPLINE_CURVE_WITH_KNOTS('',1,(#8531,#8532),.UNSPECIFIED.,.F.,
  .F.,(2,2),(0.E+000,9.2),.PIECEWISE_BEZIER_KNOTS.);
#8531 = CARTESIAN_POINT('',(8.6,4.6,-15.39990572239));
#8532 = CARTESIAN_POINT('',(8.6,-4.6,-15.39990572239));
#8533 = B_SPLINE_SURFACE_WITH_KNOTS('',1,1,(
    (#8534,#8535)
    ,(#8536,#8537
    )),.UNSPECIFIED.,.F.,.F.,.F.,(2,2),(2,2),(-8.6,8.6),(-4.6,4.6),
  .PIECEWISE_BEZIER_KNOTS.);
#8534 = CARTESIAN_POINT('',(-8.6,-4.6,-15.39990572239));
#8535 = CARTESIAN_POINT('',(-8.6,4.6,-15.39990572239));
#8536 = CARTESIAN_POINT('',(8.6,-4.6,-15.39990572239));
#8537 = CARTESIAN_POINT('',(8.6,4.6,-15.39990572239));
#8538 = ADVANCED_FACE('',(#8539),#8549,.T.);
#8539 = FACE_BOUND('',#8540,.F.);
#8540 = EDGE_LOOP('',(#8541,#8542,#8547,#8548));
#8541 = ORIENTED_EDGE('',*,*,#8136,.F.);
#8542 = ORIENTED_EDGE('',*,*,#8543,.F.);
#8543 = EDGE_CURVE('',#8058,#8137,#8544,.T.);
#8544 = B_SPLINE_CURVE_WITH_KNOTS('',1,(#8545,#8546),.UNSPECIFIED.,.F.,
  .F.,(2,2),(0.E+000,1.),.PIECEWISE_BEZIER_KNOTS.);
#8545 = CARTESIAN_POINT('',(-6.35,-5.1,0.300083077603));
#8546 = CARTESIAN_POINT('',(-5.35,-5.1,0.300083077603));
#8547 = ORIENTED_EDGE('',*,*,#8064,.F.);
#8548 = ORIENTED_EDGE('',*,*,#8084,.F.);
#8549 = B_SPLINE_SURFACE_WITH_KNOTS('',1,1,(
    (#8550,#8551)
    ,(#8552,#8553
  )),.UNSPECIFIED.,.F.,.F.,.F.,(2,2),(2,2),(-6.35,-5.35),(-5.1,-4.8),
  .PIECEWISE_BEZIER_KNOTS.);
#8550 = CARTESIAN_POINT('',(-6.35,-5.1,0.300083077603));
#8551 = CARTESIAN_POINT('',(-6.35,-4.8,0.300083077603));
#8552 = CARTESIAN_POINT('',(-5.35,-5.1,0.300083077603));
#8553 = CARTESIAN_POINT('',(-5.35,-4.8,0.300083077603));
#8554 = ADVANCED_FACE('',(#8555),#8570,.T.);
#8555 = FACE_BOUND('',#8556,.T.);
#8556 = EDGE_LOOP('',(#8557,#8563,#8564,#8565));
#8557 = ORIENTED_EDGE('',*,*,#8558,.F.);
#8558 = EDGE_CURVE('',#8521,#8399,#8559,.T.);
#8559 = ( BOUNDED_CURVE() B_SPLINE_CURVE(2,(#8560,#8561,#8562),
.UNSPECIFIED.,.F.,.F.) B_SPLINE_CURVE_WITH_KNOTS((3,3),(0.E+000,
1.570796326795),.PIECEWISE_BEZIER_KNOTS.) CURVE() 
GEOMETRIC_REPRESENTATION_ITEM() RATIONAL_B_SPLINE_CURVE((1.,
0.707106781187,1.)) REPRESENTATION_ITEM('') );
#8560 = CARTESIAN_POINT('',(8.6,4.6,-15.39990572239));
#8561 = CARTESIAN_POINT('',(8.6,5.1,-15.39990572239));
#8562 = CARTESIAN_POINT('',(8.6,5.1,-14.88345872239));
#8563 = ORIENTED_EDGE('',*,*,#8520,.F.);
#8564 = ORIENTED_EDGE('',*,*,#8501,.F.);
#8565 = ORIENTED_EDGE('',*,*,#8566,.T.);
#8566 = EDGE_CURVE('',#8032,#8399,#8567,.T.);
#8567 = B_SPLINE_CURVE_WITH_KNOTS('',1,(#8568,#8569),.UNSPECIFIED.,.F.,
  .F.,(2,2),(0.E+000,17.2),.PIECEWISE_BEZIER_KNOTS.);
#8568 = CARTESIAN_POINT('',(-8.6,5.1,-14.88345872239));
#8569 = CARTESIAN_POINT('',(8.6,5.1,-14.88345872239));
#8570 = ( BOUNDED_SURFACE() B_SPLINE_SURFACE(2,1,(
    (#8571,#8572)
    ,(#8573,#8574)
    ,(#8575,#8576
)),.UNSPECIFIED.,.F.,.F.,.F.) B_SPLINE_SURFACE_WITH_KNOTS((3,3),(2,2),(
    0.E+000,1.570796326795),(24.22552,41.42552),
.PIECEWISE_BEZIER_KNOTS.) GEOMETRIC_REPRESENTATION_ITEM() 
RATIONAL_B_SPLINE_SURFACE((
    (1.,1.)
    ,(0.707106781187,0.707106781187)
,(1.,1.))) REPRESENTATION_ITEM('') SURFACE() );
#8571 = CARTESIAN_POINT('',(-8.6,4.6,-15.39990572239));
#8572 = CARTESIAN_POINT('',(8.6,4.6,-15.39990572239));
#8573 = CARTESIAN_POINT('',(-8.6,5.1,-15.39990572239));
#8574 = CARTESIAN_POINT('',(8.6,5.1,-15.39990572239));
#8575 = CARTESIAN_POINT('',(-8.6,5.1,-14.88345872239));
#8576 = CARTESIAN_POINT('',(8.6,5.1,-14.88345872239));
#8577 = ADVANCED_FACE('',(#8578),#8588,.T.);
#8578 = FACE_BOUND('',#8579,.F.);
#8579 = EDGE_LOOP('',(#8580,#8581,#8586,#8587));
#8580 = ORIENTED_EDGE('',*,*,#8114,.F.);
#8581 = ORIENTED_EDGE('',*,*,#8582,.F.);
#8582 = EDGE_CURVE('',#8180,#8115,#8583,.T.);
#8583 = B_SPLINE_CURVE_WITH_KNOTS('',1,(#8584,#8585),.UNSPECIFIED.,.F.,
  .F.,(2,2),(0.E+000,1.),.PIECEWISE_BEZIER_KNOTS.);
#8584 = CARTESIAN_POINT('',(-5.35,5.1,0.300083077603));
#8585 = CARTESIAN_POINT('',(-6.35,5.1,0.300083077603));
#8586 = ORIENTED_EDGE('',*,*,#8186,.F.);
#8587 = ORIENTED_EDGE('',*,*,#8156,.F.);
#8588 = B_SPLINE_SURFACE_WITH_KNOTS('',1,1,(
    (#8589,#8590)
    ,(#8591,#8592
  )),.UNSPECIFIED.,.F.,.F.,.F.,(2,2),(2,2),(-6.35,-5.35),(4.8,5.1),
  .PIECEWISE_BEZIER_KNOTS.);
#8589 = CARTESIAN_POINT('',(-6.35,4.8,0.300083077603));
#8590 = CARTESIAN_POINT('',(-6.35,5.1,0.300083077603));
#8591 = CARTESIAN_POINT('',(-5.35,4.8,0.300083077603));
#8592 = CARTESIAN_POINT('',(-5.35,5.1,0.300083077603));
#8593 = ADVANCED_FACE('',(#8594),#8604,.T.);
#8594 = FACE_BOUND('',#8595,.F.);
#8595 = EDGE_LOOP('',(#8596,#8597,#8598,#8599));
#8596 = ORIENTED_EDGE('',*,*,#8208,.F.);
#8597 = ORIENTED_EDGE('',*,*,#8230,.F.);
#8598 = ORIENTED_EDGE('',*,*,#8280,.F.);
#8599 = ORIENTED_EDGE('',*,*,#8600,.F.);
#8600 = EDGE_CURVE('',#8202,#8281,#8601,.T.);
#8601 = B_SPLINE_CURVE_WITH_KNOTS('',1,(#8602,#8603),.UNSPECIFIED.,.F.,
  .F.,(2,2),(0.E+000,1.),.PIECEWISE_BEZIER_KNOTS.);
#8602 = CARTESIAN_POINT('',(5.35,-5.1,0.300083077603));
#8603 = CARTESIAN_POINT('',(6.35,-5.1,0.300083077603));
#8604 = B_SPLINE_SURFACE_WITH_KNOTS('',1,1,(
    (#8605,#8606)
    ,(#8607,#8608
    )),.UNSPECIFIED.,.F.,.F.,.F.,(2,2),(2,2),(5.35,6.35),(-5.1,-4.8),
  .PIECEWISE_BEZIER_KNOTS.);
#8605 = CARTESIAN_POINT('',(5.35,-5.1,0.300083077603));
#8606 = CARTESIAN_POINT('',(5.35,-4.8,0.300083077603));
#8607 = CARTESIAN_POINT('',(6.35,-5.1,0.300083077603));
#8608 = CARTESIAN_POINT('',(6.35,-4.8,0.300083077603));
#8609 = ADVANCED_FACE('',(#8610),#8620,.T.);
#8610 = FACE_BOUND('',#8611,.F.);
#8611 = EDGE_LOOP('',(#8612,#8613,#8614,#8615));
#8612 = ORIENTED_EDGE('',*,*,#8330,.F.);
#8613 = ORIENTED_EDGE('',*,*,#8308,.F.);
#8614 = ORIENTED_EDGE('',*,*,#8258,.F.);
#8615 = ORIENTED_EDGE('',*,*,#8616,.F.);
#8616 = EDGE_CURVE('',#8324,#8259,#8617,.T.);
#8617 = B_SPLINE_CURVE_WITH_KNOTS('',1,(#8618,#8619),.UNSPECIFIED.,.F.,
  .F.,(2,2),(0.E+000,1.),.PIECEWISE_BEZIER_KNOTS.);
#8618 = CARTESIAN_POINT('',(6.35,5.1,0.300083077603));
#8619 = CARTESIAN_POINT('',(5.35,5.1,0.300083077603));
#8620 = B_SPLINE_SURFACE_WITH_KNOTS('',1,1,(
    (#8621,#8622)
    ,(#8623,#8624
    )),.UNSPECIFIED.,.F.,.F.,.F.,(2,2),(2,2),(5.35,6.35),(4.8,5.1),
  .PIECEWISE_BEZIER_KNOTS.);
#8621 = CARTESIAN_POINT('',(5.35,4.8,0.300083077603));
#8622 = CARTESIAN_POINT('',(5.35,5.1,0.300083077603));
#8623 = CARTESIAN_POINT('',(6.35,4.8,0.300083077603));
#8624 = CARTESIAN_POINT('',(6.35,5.1,0.300083077603));
#8625 = ADVANCED_FACE('',(#8626),#8636,.T.);
#8626 = FACE_BOUND('',#8627,.T.);
#8627 = EDGE_LOOP('',(#8628,#8634,#8635));
#8628 = ORIENTED_EDGE('',*,*,#8629,.T.);
#8629 = EDGE_CURVE('',#8471,#8352,#8630,.T.);
#8630 = ( BOUNDED_CURVE() B_SPLINE_CURVE(2,(#8631,#8632,#8633),
.UNSPECIFIED.,.F.,.F.) B_SPLINE_CURVE_WITH_KNOTS((3,3),(0.E+000,
1.570796326795),.PIECEWISE_BEZIER_KNOTS.) CURVE() 
GEOMETRIC_REPRESENTATION_ITEM() RATIONAL_B_SPLINE_CURVE((1.,
0.707106781187,1.)) REPRESENTATION_ITEM('') );
#8631 = CARTESIAN_POINT('',(8.6,-4.6,-15.39990572239));
#8632 = CARTESIAN_POINT('',(9.1,-4.6,-15.39990572239));
#8633 = CARTESIAN_POINT('',(9.1,-4.6,-14.88345872239));
#8634 = ORIENTED_EDGE('',*,*,#8351,.T.);
#8635 = ORIENTED_EDGE('',*,*,#8470,.T.);
#8636 = ( BOUNDED_SURFACE() B_SPLINE_SURFACE(2,2,(
    (#8637,#8638,#8639)
    ,(#8640,#8641,#8642)
    ,(#8643,#8644,#8645
)),.UNSPECIFIED.,.F.,.F.,.F.) B_SPLINE_SURFACE_WITH_KNOTS((3,3),(3,3),(
    0.E+000,1.570796326795),(-0.785406160136,0.785406160136),
.PIECEWISE_BEZIER_KNOTS.) GEOMETRIC_REPRESENTATION_ITEM() 
RATIONAL_B_SPLINE_SURFACE((
    (1.,0.707101126616,1.)
    ,(0.707106781187,0.499996001615,0.707106781187)
,(1.,0.707101126616,1.))) REPRESENTATION_ITEM('') SURFACE() );
#8637 = CARTESIAN_POINT('',(8.599996001631,-5.099999999984,
    -14.88345872239));
#8638 = CARTESIAN_POINT('',(9.100003998417,-5.100003998417,
    -14.88345872239));
#8639 = CARTESIAN_POINT('',(9.099999999984,-4.599996001631,
    -14.88345872239));
#8640 = CARTESIAN_POINT('',(8.599996001631,-5.099999999984,
    -15.24863897793));
#8641 = CARTESIAN_POINT('',(9.100003998417,-5.100003998417,
    -15.61383091466));
#8642 = CARTESIAN_POINT('',(9.099999999984,-4.599996001631,
    -15.24863897793));
#8643 = CARTESIAN_POINT('',(8.349998000823,-4.850001999177,
    -15.24863897793));
#8644 = CARTESIAN_POINT('',(8.6,-4.6,-15.61383091466));
#8645 = CARTESIAN_POINT('',(8.850001999177,-4.349998000823,
    -15.24863897793));
#8646 = ADVANCED_FACE('',(#8647),#8658,.T.);
#8647 = FACE_BOUND('',#8648,.T.);
#8648 = EDGE_LOOP('',(#8649,#8655,#8656,#8657));
#8649 = ORIENTED_EDGE('',*,*,#8650,.F.);
#8650 = EDGE_CURVE('',#8376,#8521,#8651,.T.);
#8651 = ( BOUNDED_CURVE() B_SPLINE_CURVE(2,(#8652,#8653,#8654),
.UNSPECIFIED.,.F.,.F.) B_SPLINE_CURVE_WITH_KNOTS((3,3),(0.E+000,
1.570796326795),.PIECEWISE_BEZIER_KNOTS.) CURVE() 
GEOMETRIC_REPRESENTATION_ITEM() RATIONAL_B_SPLINE_CURVE((1.,
0.707106781187,1.)) REPRESENTATION_ITEM('') );
#8652 = CARTESIAN_POINT('',(9.1,4.6,-14.88345872239));
#8653 = CARTESIAN_POINT('',(9.1,4.6,-15.39990572239));
#8654 = CARTESIAN_POINT('',(8.6,4.6,-15.39990572239));
#8655 = ORIENTED_EDGE('',*,*,#8375,.T.);
#8656 = ORIENTED_EDGE('',*,*,#8629,.F.);
#8657 = ORIENTED_EDGE('',*,*,#8529,.F.);
#8658 = ( BOUNDED_SURFACE() B_SPLINE_SURFACE(2,1,(
    (#8659,#8660)
    ,(#8661,#8662)
    ,(#8663,#8664
)),.UNSPECIFIED.,.F.,.F.,.F.) B_SPLINE_SURFACE_WITH_KNOTS((3,3),(2,2),(
    0.E+000,1.570796326795),(13.79672,22.99672),
.PIECEWISE_BEZIER_KNOTS.) GEOMETRIC_REPRESENTATION_ITEM() 
RATIONAL_B_SPLINE_SURFACE((
    (1.,1.)
    ,(0.707106781187,0.707106781187)
,(1.,1.))) REPRESENTATION_ITEM('') SURFACE() );
#8659 = CARTESIAN_POINT('',(8.6,4.6,-15.39990572239));
#8660 = CARTESIAN_POINT('',(8.6,-4.6,-15.39990572239));
#8661 = CARTESIAN_POINT('',(9.1,4.6,-15.39990572239));
#8662 = CARTESIAN_POINT('',(9.1,-4.6,-15.39990572239));
#8663 = CARTESIAN_POINT('',(9.1,4.6,-14.88345872239));
#8664 = CARTESIAN_POINT('',(9.1,-4.6,-14.88345872239));
#8665 = ADVANCED_FACE('',(#8666),#8671,.T.);
#8666 = FACE_BOUND('',#8667,.T.);
#8667 = EDGE_LOOP('',(#8668,#8669,#8670));
#8668 = ORIENTED_EDGE('',*,*,#8650,.T.);
#8669 = ORIENTED_EDGE('',*,*,#8558,.T.);
#8670 = ORIENTED_EDGE('',*,*,#8398,.T.);
#8671 = ( BOUNDED_SURFACE() B_SPLINE_SURFACE(2,2,(
    (#8672,#8673,#8674)
    ,(#8675,#8676,#8677)
    ,(#8678,#8679,#8680
)),.UNSPECIFIED.,.F.,.F.,.F.) B_SPLINE_SURFACE_WITH_KNOTS((3,3),(3,3),(
    0.E+000,1.570796326795),(-0.785406160136,0.785406160136),
.PIECEWISE_BEZIER_KNOTS.) GEOMETRIC_REPRESENTATION_ITEM() 
RATIONAL_B_SPLINE_SURFACE((
    (1.,0.707101126616,1.)
    ,(0.707106781187,0.499996001615,0.707106781187)
,(1.,0.707101126616,1.))) REPRESENTATION_ITEM('') SURFACE() );
#8672 = CARTESIAN_POINT('',(9.099999999984,4.599996001631,
    -14.88345872239));
#8673 = CARTESIAN_POINT('',(9.100003998417,5.100003998417,
    -14.88345872239));
#8674 = CARTESIAN_POINT('',(8.599996001631,5.099999999984,
    -14.88345872239));
#8675 = CARTESIAN_POINT('',(9.099999999984,4.599996001631,
    -15.24863897793));
#8676 = CARTESIAN_POINT('',(9.100003998417,5.100003998417,
    -15.61383091466));
#8677 = CARTESIAN_POINT('',(8.599996001631,5.099999999984,
    -15.24863897793));
#8678 = CARTESIAN_POINT('',(8.850001999177,4.349998000823,
    -15.24863897793));
#8679 = CARTESIAN_POINT('',(8.6,4.6,-15.61383091466));
#8680 = CARTESIAN_POINT('',(8.349998000823,4.850001999177,
    -15.24863897793));
#8681 = ADVANCED_FACE('',(#8682),#8696,.T.);
#8682 = FACE_BOUND('',#8683,.T.);
#8683 = EDGE_LOOP('',(#8684,#8685,#8686,#8687,#8688,#8689,#8690,#8691,
    #8692,#8693,#8694,#8695));
#8684 = ORIENTED_EDGE('',*,*,#8478,.F.);
#8685 = ORIENTED_EDGE('',*,*,#8344,.F.);
#8686 = ORIENTED_EDGE('',*,*,#7750,.T.);
#8687 = ORIENTED_EDGE('',*,*,#8287,.T.);
#8688 = ORIENTED_EDGE('',*,*,#8600,.F.);
#8689 = ORIENTED_EDGE('',*,*,#8201,.T.);
#8690 = ORIENTED_EDGE('',*,*,#7722,.T.);
#8691 = ORIENTED_EDGE('',*,*,#8143,.T.);
#8692 = ORIENTED_EDGE('',*,*,#8543,.F.);
#8693 = ORIENTED_EDGE('',*,*,#8057,.T.);
#8694 = ORIENTED_EDGE('',*,*,#7694,.T.);
#8695 = ORIENTED_EDGE('',*,*,#7642,.T.);
#8696 = B_SPLINE_SURFACE_WITH_KNOTS('',1,1,(
    (#8697,#8698)
    ,(#8699,#8700
    )),.UNSPECIFIED.,.F.,.F.,.F.,(2,2),(2,2),(0.5,17.7),(-14.4,0.3),
  .PIECEWISE_BEZIER_KNOTS.);
#8697 = CARTESIAN_POINT('',(-8.6,-5.1,-14.88345872239));
#8698 = CARTESIAN_POINT('',(-8.6,-5.1,0.300083077603));
#8699 = CARTESIAN_POINT('',(8.6,-5.1,-14.88345872239));
#8700 = CARTESIAN_POINT('',(8.6,-5.1,0.300083077603));
#8701 = ADVANCED_FACE('',(#8702),#8716,.T.);
#8702 = FACE_BOUND('',#8703,.T.);
#8703 = EDGE_LOOP('',(#8704,#8705,#8706,#8707,#8708,#8709,#8710,#8711,
    #8712,#8713,#8714,#8715));
#8704 = ORIENTED_EDGE('',*,*,#8566,.F.);
#8705 = ORIENTED_EDGE('',*,*,#8031,.F.);
#8706 = ORIENTED_EDGE('',*,*,#7836,.T.);
#8707 = ORIENTED_EDGE('',*,*,#8121,.T.);
#8708 = ORIENTED_EDGE('',*,*,#8582,.F.);
#8709 = ORIENTED_EDGE('',*,*,#8179,.T.);
#8710 = ORIENTED_EDGE('',*,*,#7808,.T.);
#8711 = ORIENTED_EDGE('',*,*,#8265,.T.);
#8712 = ORIENTED_EDGE('',*,*,#8616,.F.);
#8713 = ORIENTED_EDGE('',*,*,#8323,.T.);
#8714 = ORIENTED_EDGE('',*,*,#7780,.T.);
#8715 = ORIENTED_EDGE('',*,*,#8406,.T.);
#8716 = B_SPLINE_SURFACE_WITH_KNOTS('',1,1,(
    (#8717,#8718)
    ,(#8719,#8720
    )),.UNSPECIFIED.,.F.,.F.,.F.,(2,2),(2,2),(0.5,17.7),(-14.4,0.3),
  .PIECEWISE_BEZIER_KNOTS.);
#8717 = CARTESIAN_POINT('',(8.6,5.1,-14.88345872239));
#8718 = CARTESIAN_POINT('',(8.6,5.1,0.300083077603));
#8719 = CARTESIAN_POINT('',(-8.6,5.1,-14.88345872239));
#8720 = CARTESIAN_POINT('',(-8.6,5.1,0.300083077603));
#8721 = ( GEOMETRIC_REPRESENTATION_CONTEXT(3) 
GLOBAL_UNCERTAINTY_ASSIGNED_CONTEXT((#8725)) 
GLOBAL_UNIT_ASSIGNED_CONTEXT((#8722,#8723,#8724)) REPRESENTATION_CONTEXT
('Context #1','3D Context with UNIT and UNCERTAINTY') );
#8722 = ( LENGTH_UNIT() NAMED_UNIT(*) SI_UNIT(.MILLI.,.METRE.) );
#8723 = ( NAMED_UNIT(*) PLANE_ANGLE_UNIT() SI_UNIT($,.RADIAN.) );
#8724 = ( NAMED_UNIT(*) SI_UNIT($,.STERADIAN.) SOLID_ANGLE_UNIT() );
#8725 = UNCERTAINTY_MEASURE_WITH_UNIT(LENGTH_MEASURE(2.E-006),#8722,
  'distance_accuracy_value','confusion accuracy');
#8726 = PRODUCT_RELATED_PRODUCT_CATEGORY('part',$,(#7615));
#8727 = SHAPE_DEFINITION_REPRESENTATION(#8728,#8734);
#8728 = PRODUCT_DEFINITION_SHAPE('','',#8729);
#8729 = PRODUCT_DEFINITION('design','',#8730,#8733);
#8730 = PRODUCT_DEFINITION_FORMATION('','',#8731);
#8731 = PRODUCT('Solid011','Solid011','',(#8732));
#8732 = PRODUCT_CONTEXT('',#2,'mechanical');
#8733 = PRODUCT_DEFINITION_CONTEXT('part definition',#2,'design');
#8734 = ADVANCED_BREP_SHAPE_REPRESENTATION('',(#11,#8735),#8873);
#8735 = MANIFOLD_SOLID_BREP('',#8736);
#8736 = CLOSED_SHELL('',(#8737,#8773,#8801,#8823,#8845,#8861));
#8737 = ADVANCED_FACE('',(#8738),#8768,.T.);
#8738 = FACE_BOUND('',#8739,.T.);
#8739 = EDGE_LOOP('',(#8740,#8749,#8756,#8763));
#8740 = ORIENTED_EDGE('',*,*,#8741,.T.);
#8741 = EDGE_CURVE('',#8742,#8744,#8746,.T.);
#8742 = VERTEX_POINT('',#8743);
#8743 = CARTESIAN_POINT('',(7.24,-4.3,-9.785122397427E-003));
#8744 = VERTEX_POINT('',#8745);
#8745 = CARTESIAN_POINT('',(7.54,-4.3,-9.785122397427E-003));
#8746 = B_SPLINE_CURVE_WITH_KNOTS('',1,(#8747,#8748),.UNSPECIFIED.,.F.,
  .F.,(2,2),(0.E+000,0.3),.PIECEWISE_BEZIER_KNOTS.);
#8747 = CARTESIAN_POINT('',(7.24,-4.3,-9.785122397427E-003));
#8748 = CARTESIAN_POINT('',(7.54,-4.3,-9.785122397427E-003));
#8749 = ORIENTED_EDGE('',*,*,#8750,.T.);
#8750 = EDGE_CURVE('',#8744,#8751,#8753,.T.);
#8751 = VERTEX_POINT('',#8752);
#8752 = CARTESIAN_POINT('',(7.54,-4.3,4.225080277603));
#8753 = B_SPLINE_CURVE_WITH_KNOTS('',1,(#8754,#8755),.UNSPECIFIED.,.F.,
  .F.,(2,2),(0.E+000,4.1),.PIECEWISE_BEZIER_KNOTS.);
#8754 = CARTESIAN_POINT('',(7.54,-4.3,-9.785122397427E-003));
#8755 = CARTESIAN_POINT('',(7.54,-4.3,4.225080277603));
#8756 = ORIENTED_EDGE('',*,*,#8757,.F.);
#8757 = EDGE_CURVE('',#8758,#8751,#8760,.T.);
#8758 = VERTEX_POINT('',#8759);
#8759 = CARTESIAN_POINT('',(7.24,-4.3,4.225080277603));
#8760 = B_SPLINE_CURVE_WITH_KNOTS('',1,(#8761,#8762),.UNSPECIFIED.,.F.,
  .F.,(2,2),(0.E+000,0.3),.PIECEWISE_BEZIER_KNOTS.);
#8761 = CARTESIAN_POINT('',(7.24,-4.3,4.225080277603));
#8762 = CARTESIAN_POINT('',(7.54,-4.3,4.225080277603));
#8763 = ORIENTED_EDGE('',*,*,#8764,.F.);
#8764 = EDGE_CURVE('',#8742,#8758,#8765,.T.);
#8765 = B_SPLINE_CURVE_WITH_KNOTS('',1,(#8766,#8767),.UNSPECIFIED.,.F.,
  .F.,(2,2),(0.E+000,4.1),.PIECEWISE_BEZIER_KNOTS.);
#8766 = CARTESIAN_POINT('',(7.24,-4.3,-9.785122397427E-003));
#8767 = CARTESIAN_POINT('',(7.24,-4.3,4.225080277603));
#8768 = B_SPLINE_SURFACE_WITH_KNOTS('',1,1,(
    (#8769,#8770)
    ,(#8771,#8772
  )),.UNSPECIFIED.,.F.,.F.,.F.,(2,2),(2,2),(0.E+000,0.3),(0.E+000,4.1),
  .PIECEWISE_BEZIER_KNOTS.);
#8769 = CARTESIAN_POINT('',(7.24,-4.3,-9.785122397427E-003));
#8770 = CARTESIAN_POINT('',(7.24,-4.3,4.225080277603));
#8771 = CARTESIAN_POINT('',(7.54,-4.3,-9.785122397427E-003));
#8772 = CARTESIAN_POINT('',(7.54,-4.3,4.225080277603));
#8773 = ADVANCED_FACE('',(#8774),#8796,.F.);
#8774 = FACE_BOUND('',#8775,.F.);
#8775 = EDGE_LOOP('',(#8776,#8783,#8784,#8791));
#8776 = ORIENTED_EDGE('',*,*,#8777,.T.);
#8777 = EDGE_CURVE('',#8778,#8742,#8780,.T.);
#8778 = VERTEX_POINT('',#8779);
#8779 = CARTESIAN_POINT('',(7.24,-3.3,-9.785122397427E-003));
#8780 = B_SPLINE_CURVE_WITH_KNOTS('',1,(#8781,#8782),.UNSPECIFIED.,.F.,
  .F.,(2,2),(0.E+000,1.),.PIECEWISE_BEZIER_KNOTS.);
#8781 = CARTESIAN_POINT('',(7.24,-3.3,-9.785122397427E-003));
#8782 = CARTESIAN_POINT('',(7.24,-4.3,-9.785122397427E-003));
#8783 = ORIENTED_EDGE('',*,*,#8741,.T.);
#8784 = ORIENTED_EDGE('',*,*,#8785,.T.);
#8785 = EDGE_CURVE('',#8744,#8786,#8788,.T.);
#8786 = VERTEX_POINT('',#8787);
#8787 = CARTESIAN_POINT('',(7.54,-3.3,-9.785122397427E-003));
#8788 = B_SPLINE_CURVE_WITH_KNOTS('',1,(#8789,#8790),.UNSPECIFIED.,.F.,
  .F.,(2,2),(0.E+000,1.),.PIECEWISE_BEZIER_KNOTS.);
#8789 = CARTESIAN_POINT('',(7.54,-4.3,-9.785122397427E-003));
#8790 = CARTESIAN_POINT('',(7.54,-3.3,-9.785122397427E-003));
#8791 = ORIENTED_EDGE('',*,*,#8792,.T.);
#8792 = EDGE_CURVE('',#8786,#8778,#8793,.T.);
#8793 = B_SPLINE_CURVE_WITH_KNOTS('',1,(#8794,#8795),.UNSPECIFIED.,.F.,
  .F.,(2,2),(0.E+000,0.3),.PIECEWISE_BEZIER_KNOTS.);
#8794 = CARTESIAN_POINT('',(7.54,-3.3,-9.785122397427E-003));
#8795 = CARTESIAN_POINT('',(7.24,-3.3,-9.785122397427E-003));
#8796 = PLANE('',#8797);
#8797 = AXIS2_PLACEMENT_3D('',#8798,#8799,#8800);
#8798 = CARTESIAN_POINT('',(-2.696994046005E-003,0.225738902478,
    -9.785122397427E-003));
#8799 = DIRECTION('',(0.E+000,0.E+000,1.));
#8800 = DIRECTION('',(-1.078259151718E-003,0.999999418678,0.E+000));
#8801 = ADVANCED_FACE('',(#8802),#8818,.T.);
#8802 = FACE_BOUND('',#8803,.T.);
#8803 = EDGE_LOOP('',(#8804,#8805,#8806,#8813));
#8804 = ORIENTED_EDGE('',*,*,#8777,.T.);
#8805 = ORIENTED_EDGE('',*,*,#8764,.T.);
#8806 = ORIENTED_EDGE('',*,*,#8807,.F.);
#8807 = EDGE_CURVE('',#8808,#8758,#8810,.T.);
#8808 = VERTEX_POINT('',#8809);
#8809 = CARTESIAN_POINT('',(7.24,-3.3,4.225080277603));
#8810 = B_SPLINE_CURVE_WITH_KNOTS('',1,(#8811,#8812),.UNSPECIFIED.,.F.,
  .F.,(2,2),(0.E+000,1.),.PIECEWISE_BEZIER_KNOTS.);
#8811 = CARTESIAN_POINT('',(7.24,-3.3,4.225080277603));
#8812 = CARTESIAN_POINT('',(7.24,-4.3,4.225080277603));
#8813 = ORIENTED_EDGE('',*,*,#8814,.F.);
#8814 = EDGE_CURVE('',#8778,#8808,#8815,.T.);
#8815 = B_SPLINE_CURVE_WITH_KNOTS('',1,(#8816,#8817),.UNSPECIFIED.,.F.,
  .F.,(2,2),(0.E+000,4.1),.PIECEWISE_BEZIER_KNOTS.);
#8816 = CARTESIAN_POINT('',(7.24,-3.3,-9.785122397427E-003));
#8817 = CARTESIAN_POINT('',(7.24,-3.3,4.225080277603));
#8818 = B_SPLINE_SURFACE_WITH_KNOTS('',1,1,(
    (#8819,#8820)
    ,(#8821,#8822
    )),.UNSPECIFIED.,.F.,.F.,.F.,(2,2),(2,2),(0.E+000,1.),(0.E+000,4.1),
  .PIECEWISE_BEZIER_KNOTS.);
#8819 = CARTESIAN_POINT('',(7.24,-3.3,-9.785122397427E-003));
#8820 = CARTESIAN_POINT('',(7.24,-3.3,4.225080277603));
#8821 = CARTESIAN_POINT('',(7.24,-4.3,-9.785122397427E-003));
#8822 = CARTESIAN_POINT('',(7.24,-4.3,4.225080277603));
#8823 = ADVANCED_FACE('',(#8824),#8840,.T.);
#8824 = FACE_BOUND('',#8825,.T.);
#8825 = EDGE_LOOP('',(#8826,#8827,#8834,#8839));
#8826 = ORIENTED_EDGE('',*,*,#8785,.T.);
#8827 = ORIENTED_EDGE('',*,*,#8828,.T.);
#8828 = EDGE_CURVE('',#8786,#8829,#8831,.T.);
#8829 = VERTEX_POINT('',#8830);
#8830 = CARTESIAN_POINT('',(7.54,-3.3,4.225080277603));
#8831 = B_SPLINE_CURVE_WITH_KNOTS('',1,(#8832,#8833),.UNSPECIFIED.,.F.,
  .F.,(2,2),(0.E+000,4.1),.PIECEWISE_BEZIER_KNOTS.);
#8832 = CARTESIAN_POINT('',(7.54,-3.3,-9.785122397427E-003));
#8833 = CARTESIAN_POINT('',(7.54,-3.3,4.225080277603));
#8834 = ORIENTED_EDGE('',*,*,#8835,.F.);
#8835 = EDGE_CURVE('',#8751,#8829,#8836,.T.);
#8836 = B_SPLINE_CURVE_WITH_KNOTS('',1,(#8837,#8838),.UNSPECIFIED.,.F.,
  .F.,(2,2),(0.E+000,1.),.PIECEWISE_BEZIER_KNOTS.);
#8837 = CARTESIAN_POINT('',(7.54,-4.3,4.225080277603));
#8838 = CARTESIAN_POINT('',(7.54,-3.3,4.225080277603));
#8839 = ORIENTED_EDGE('',*,*,#8750,.F.);
#8840 = B_SPLINE_SURFACE_WITH_KNOTS('',1,1,(
    (#8841,#8842)
    ,(#8843,#8844
    )),.UNSPECIFIED.,.F.,.F.,.F.,(2,2),(2,2),(0.E+000,1.),(0.E+000,4.1),
  .PIECEWISE_BEZIER_KNOTS.);
#8841 = CARTESIAN_POINT('',(7.54,-4.3,-9.785122397427E-003));
#8842 = CARTESIAN_POINT('',(7.54,-4.3,4.225080277603));
#8843 = CARTESIAN_POINT('',(7.54,-3.3,-9.785122397427E-003));
#8844 = CARTESIAN_POINT('',(7.54,-3.3,4.225080277603));
#8845 = ADVANCED_FACE('',(#8846),#8856,.T.);
#8846 = FACE_BOUND('',#8847,.F.);
#8847 = EDGE_LOOP('',(#8848,#8849,#8850,#8855));
#8848 = ORIENTED_EDGE('',*,*,#8757,.F.);
#8849 = ORIENTED_EDGE('',*,*,#8807,.F.);
#8850 = ORIENTED_EDGE('',*,*,#8851,.F.);
#8851 = EDGE_CURVE('',#8829,#8808,#8852,.T.);
#8852 = B_SPLINE_CURVE_WITH_KNOTS('',1,(#8853,#8854),.UNSPECIFIED.,.F.,
  .F.,(2,2),(0.E+000,0.3),.PIECEWISE_BEZIER_KNOTS.);
#8853 = CARTESIAN_POINT('',(7.54,-3.3,4.225080277603));
#8854 = CARTESIAN_POINT('',(7.24,-3.3,4.225080277603));
#8855 = ORIENTED_EDGE('',*,*,#8835,.F.);
#8856 = B_SPLINE_SURFACE_WITH_KNOTS('',1,1,(
    (#8857,#8858)
    ,(#8859,#8860
    )),.UNSPECIFIED.,.F.,.F.,.F.,(2,2),(2,2),(7.24,7.54),(-4.525,-3.525)
  ,.PIECEWISE_BEZIER_KNOTS.);
#8857 = CARTESIAN_POINT('',(7.24,-4.3,4.225080277603));
#8858 = CARTESIAN_POINT('',(7.24,-3.3,4.225080277603));
#8859 = CARTESIAN_POINT('',(7.54,-4.3,4.225080277603));
#8860 = CARTESIAN_POINT('',(7.54,-3.3,4.225080277603));
#8861 = ADVANCED_FACE('',(#8862),#8868,.T.);
#8862 = FACE_BOUND('',#8863,.T.);
#8863 = EDGE_LOOP('',(#8864,#8865,#8866,#8867));
#8864 = ORIENTED_EDGE('',*,*,#8792,.T.);
#8865 = ORIENTED_EDGE('',*,*,#8814,.T.);
#8866 = ORIENTED_EDGE('',*,*,#8851,.F.);
#8867 = ORIENTED_EDGE('',*,*,#8828,.F.);
#8868 = B_SPLINE_SURFACE_WITH_KNOTS('',1,1,(
    (#8869,#8870)
    ,(#8871,#8872
  )),.UNSPECIFIED.,.F.,.F.,.F.,(2,2),(2,2),(0.E+000,0.3),(0.E+000,4.1),
  .PIECEWISE_BEZIER_KNOTS.);
#8869 = CARTESIAN_POINT('',(7.54,-3.3,-9.785122397427E-003));
#8870 = CARTESIAN_POINT('',(7.54,-3.3,4.225080277603));
#8871 = CARTESIAN_POINT('',(7.24,-3.3,-9.785122397427E-003));
#8872 = CARTESIAN_POINT('',(7.24,-3.3,4.225080277603));
#8873 = ( GEOMETRIC_REPRESENTATION_CONTEXT(3) 
GLOBAL_UNCERTAINTY_ASSIGNED_CONTEXT((#8877)) 
GLOBAL_UNIT_ASSIGNED_CONTEXT((#8874,#8875,#8876)) REPRESENTATION_CONTEXT
('Context #1','3D Context with UNIT and UNCERTAINTY') );
#8874 = ( LENGTH_UNIT() NAMED_UNIT(*) SI_UNIT(.MILLI.,.METRE.) );
#8875 = ( NAMED_UNIT(*) PLANE_ANGLE_UNIT() SI_UNIT($,.RADIAN.) );
#8876 = ( NAMED_UNIT(*) SI_UNIT($,.STERADIAN.) SOLID_ANGLE_UNIT() );
#8877 = UNCERTAINTY_MEASURE_WITH_UNIT(LENGTH_MEASURE(2.E-006),#8874,
  'distance_accuracy_value','confusion accuracy');
#8878 = PRODUCT_RELATED_PRODUCT_CATEGORY('part',$,(#8731));
#8879 = SHAPE_DEFINITION_REPRESENTATION(#8880,#8886);
#8880 = PRODUCT_DEFINITION_SHAPE('','',#8881);
#8881 = PRODUCT_DEFINITION('design','',#8882,#8885);
#8882 = PRODUCT_DEFINITION_FORMATION('','',#8883);
#8883 = PRODUCT('Solid009','Solid009','',(#8884));
#8884 = PRODUCT_CONTEXT('',#2,'mechanical');
#8885 = PRODUCT_DEFINITION_CONTEXT('part definition',#2,'design');
#8886 = ADVANCED_BREP_SHAPE_REPRESENTATION('',(#11,#8887),#9025);
#8887 = MANIFOLD_SOLID_BREP('',#8888);
#8888 = CLOSED_SHELL('',(#8889,#8925,#8953,#8975,#8997,#9013));
#8889 = ADVANCED_FACE('',(#8890),#8920,.T.);
#8890 = FACE_BOUND('',#8891,.T.);
#8891 = EDGE_LOOP('',(#8892,#8901,#8908,#8915));
#8892 = ORIENTED_EDGE('',*,*,#8893,.T.);
#8893 = EDGE_CURVE('',#8894,#8896,#8898,.T.);
#8894 = VERTEX_POINT('',#8895);
#8895 = CARTESIAN_POINT('',(-8.075,-3.575,-9.785122397427E-003));
#8896 = VERTEX_POINT('',#8897);
#8897 = CARTESIAN_POINT('',(-8.075,-4.025,-9.785122397427E-003));
#8898 = B_SPLINE_CURVE_WITH_KNOTS('',1,(#8899,#8900),.UNSPECIFIED.,.F.,
  .F.,(2,2),(0.E+000,0.45),.PIECEWISE_BEZIER_KNOTS.);
#8899 = CARTESIAN_POINT('',(-8.075,-3.575,-9.785122397427E-003));
#8900 = CARTESIAN_POINT('',(-8.075,-4.025,-9.785122397427E-003));
#8901 = ORIENTED_EDGE('',*,*,#8902,.T.);
#8902 = EDGE_CURVE('',#8896,#8903,#8905,.T.);
#8903 = VERTEX_POINT('',#8904);
#8904 = CARTESIAN_POINT('',(-8.075,-4.025,4.225080277603));
#8905 = B_SPLINE_CURVE_WITH_KNOTS('',1,(#8906,#8907),.UNSPECIFIED.,.F.,
  .F.,(2,2),(0.E+000,4.1),.PIECEWISE_BEZIER_KNOTS.);
#8906 = CARTESIAN_POINT('',(-8.075,-4.025,-9.785122397427E-003));
#8907 = CARTESIAN_POINT('',(-8.075,-4.025,4.225080277603));
#8908 = ORIENTED_EDGE('',*,*,#8909,.F.);
#8909 = EDGE_CURVE('',#8910,#8903,#8912,.T.);
#8910 = VERTEX_POINT('',#8911);
#8911 = CARTESIAN_POINT('',(-8.075,-3.575,4.225080277603));
#8912 = B_SPLINE_CURVE_WITH_KNOTS('',1,(#8913,#8914),.UNSPECIFIED.,.F.,
  .F.,(2,2),(0.E+000,0.45),.PIECEWISE_BEZIER_KNOTS.);
#8913 = CARTESIAN_POINT('',(-8.075,-3.575,4.225080277603));
#8914 = CARTESIAN_POINT('',(-8.075,-4.025,4.225080277603));
#8915 = ORIENTED_EDGE('',*,*,#8916,.F.);
#8916 = EDGE_CURVE('',#8894,#8910,#8917,.T.);
#8917 = B_SPLINE_CURVE_WITH_KNOTS('',1,(#8918,#8919),.UNSPECIFIED.,.F.,
  .F.,(2,2),(0.E+000,4.1),.PIECEWISE_BEZIER_KNOTS.);
#8918 = CARTESIAN_POINT('',(-8.075,-3.575,-9.785122397427E-003));
#8919 = CARTESIAN_POINT('',(-8.075,-3.575,4.225080277603));
#8920 = B_SPLINE_SURFACE_WITH_KNOTS('',1,1,(
    (#8921,#8922)
    ,(#8923,#8924
  )),.UNSPECIFIED.,.F.,.F.,.F.,(2,2),(2,2),(0.E+000,0.45),(0.E+000,4.1),
  .PIECEWISE_BEZIER_KNOTS.);
#8921 = CARTESIAN_POINT('',(-8.075,-3.575,-9.785122397427E-003));
#8922 = CARTESIAN_POINT('',(-8.075,-3.575,4.225080277603));
#8923 = CARTESIAN_POINT('',(-8.075,-4.025,-9.785122397427E-003));
#8924 = CARTESIAN_POINT('',(-8.075,-4.025,4.225080277603));
#8925 = ADVANCED_FACE('',(#8926),#8948,.F.);
#8926 = FACE_BOUND('',#8927,.F.);
#8927 = EDGE_LOOP('',(#8928,#8935,#8936,#8943));
#8928 = ORIENTED_EDGE('',*,*,#8929,.T.);
#8929 = EDGE_CURVE('',#8930,#8894,#8932,.T.);
#8930 = VERTEX_POINT('',#8931);
#8931 = CARTESIAN_POINT('',(-7.625,-3.575,-9.785122397427E-003));
#8932 = B_SPLINE_CURVE_WITH_KNOTS('',1,(#8933,#8934),.UNSPECIFIED.,.F.,
  .F.,(2,2),(0.E+000,0.45),.PIECEWISE_BEZIER_KNOTS.);
#8933 = CARTESIAN_POINT('',(-7.625,-3.575,-9.785122397427E-003));
#8934 = CARTESIAN_POINT('',(-8.075,-3.575,-9.785122397427E-003));
#8935 = ORIENTED_EDGE('',*,*,#8893,.T.);
#8936 = ORIENTED_EDGE('',*,*,#8937,.T.);
#8937 = EDGE_CURVE('',#8896,#8938,#8940,.T.);
#8938 = VERTEX_POINT('',#8939);
#8939 = CARTESIAN_POINT('',(-7.625,-4.025,-9.785122397427E-003));
#8940 = B_SPLINE_CURVE_WITH_KNOTS('',1,(#8941,#8942),.UNSPECIFIED.,.F.,
  .F.,(2,2),(0.E+000,0.45),.PIECEWISE_BEZIER_KNOTS.);
#8941 = CARTESIAN_POINT('',(-8.075,-4.025,-9.785122397427E-003));
#8942 = CARTESIAN_POINT('',(-7.625,-4.025,-9.785122397427E-003));
#8943 = ORIENTED_EDGE('',*,*,#8944,.T.);
#8944 = EDGE_CURVE('',#8938,#8930,#8945,.T.);
#8945 = B_SPLINE_CURVE_WITH_KNOTS('',1,(#8946,#8947),.UNSPECIFIED.,.F.,
  .F.,(2,2),(0.E+000,0.45),.PIECEWISE_BEZIER_KNOTS.);
#8946 = CARTESIAN_POINT('',(-7.625,-4.025,-9.785122397427E-003));
#8947 = CARTESIAN_POINT('',(-7.625,-3.575,-9.785122397427E-003));
#8948 = PLANE('',#8949);
#8949 = AXIS2_PLACEMENT_3D('',#8950,#8951,#8952);
#8950 = CARTESIAN_POINT('',(-2.696994046005E-003,7.389024783578E-004,
    -9.785122397427E-003));
#8951 = DIRECTION('',(0.E+000,0.E+000,1.));
#8952 = DIRECTION('',(-1.078259151718E-003,0.999999418678,0.E+000));
#8953 = ADVANCED_FACE('',(#8954),#8970,.T.);
#8954 = FACE_BOUND('',#8955,.T.);
#8955 = EDGE_LOOP('',(#8956,#8957,#8958,#8965));
#8956 = ORIENTED_EDGE('',*,*,#8929,.T.);
#8957 = ORIENTED_EDGE('',*,*,#8916,.T.);
#8958 = ORIENTED_EDGE('',*,*,#8959,.F.);
#8959 = EDGE_CURVE('',#8960,#8910,#8962,.T.);
#8960 = VERTEX_POINT('',#8961);
#8961 = CARTESIAN_POINT('',(-7.625,-3.575,4.225080277603));
#8962 = B_SPLINE_CURVE_WITH_KNOTS('',1,(#8963,#8964),.UNSPECIFIED.,.F.,
  .F.,(2,2),(0.E+000,0.45),.PIECEWISE_BEZIER_KNOTS.);
#8963 = CARTESIAN_POINT('',(-7.625,-3.575,4.225080277603));
#8964 = CARTESIAN_POINT('',(-8.075,-3.575,4.225080277603));
#8965 = ORIENTED_EDGE('',*,*,#8966,.F.);
#8966 = EDGE_CURVE('',#8930,#8960,#8967,.T.);
#8967 = B_SPLINE_CURVE_WITH_KNOTS('',1,(#8968,#8969),.UNSPECIFIED.,.F.,
  .F.,(2,2),(0.E+000,4.1),.PIECEWISE_BEZIER_KNOTS.);
#8968 = CARTESIAN_POINT('',(-7.625,-3.575,-9.785122397427E-003));
#8969 = CARTESIAN_POINT('',(-7.625,-3.575,4.225080277603));
#8970 = B_SPLINE_SURFACE_WITH_KNOTS('',1,1,(
    (#8971,#8972)
    ,(#8973,#8974
  )),.UNSPECIFIED.,.F.,.F.,.F.,(2,2),(2,2),(0.E+000,0.45),(0.E+000,4.1),
  .PIECEWISE_BEZIER_KNOTS.);
#8971 = CARTESIAN_POINT('',(-7.625,-3.575,-9.785122397427E-003));
#8972 = CARTESIAN_POINT('',(-7.625,-3.575,4.225080277603));
#8973 = CARTESIAN_POINT('',(-8.075,-3.575,-9.785122397427E-003));
#8974 = CARTESIAN_POINT('',(-8.075,-3.575,4.225080277603));
#8975 = ADVANCED_FACE('',(#8976),#8992,.T.);
#8976 = FACE_BOUND('',#8977,.T.);
#8977 = EDGE_LOOP('',(#8978,#8979,#8986,#8991));
#8978 = ORIENTED_EDGE('',*,*,#8937,.T.);
#8979 = ORIENTED_EDGE('',*,*,#8980,.T.);
#8980 = EDGE_CURVE('',#8938,#8981,#8983,.T.);
#8981 = VERTEX_POINT('',#8982);
#8982 = CARTESIAN_POINT('',(-7.625,-4.025,4.225080277603));
#8983 = B_SPLINE_CURVE_WITH_KNOTS('',1,(#8984,#8985),.UNSPECIFIED.,.F.,
  .F.,(2,2),(0.E+000,4.1),.PIECEWISE_BEZIER_KNOTS.);
#8984 = CARTESIAN_POINT('',(-7.625,-4.025,-9.785122397427E-003));
#8985 = CARTESIAN_POINT('',(-7.625,-4.025,4.225080277603));
#8986 = ORIENTED_EDGE('',*,*,#8987,.F.);
#8987 = EDGE_CURVE('',#8903,#8981,#8988,.T.);
#8988 = B_SPLINE_CURVE_WITH_KNOTS('',1,(#8989,#8990),.UNSPECIFIED.,.F.,
  .F.,(2,2),(0.E+000,0.45),.PIECEWISE_BEZIER_KNOTS.);
#8989 = CARTESIAN_POINT('',(-8.075,-4.025,4.225080277603));
#8990 = CARTESIAN_POINT('',(-7.625,-4.025,4.225080277603));
#8991 = ORIENTED_EDGE('',*,*,#8902,.F.);
#8992 = B_SPLINE_SURFACE_WITH_KNOTS('',1,1,(
    (#8993,#8994)
    ,(#8995,#8996
  )),.UNSPECIFIED.,.F.,.F.,.F.,(2,2),(2,2),(0.E+000,0.45),(0.E+000,4.1),
  .PIECEWISE_BEZIER_KNOTS.);
#8993 = CARTESIAN_POINT('',(-8.075,-4.025,-9.785122397427E-003));
#8994 = CARTESIAN_POINT('',(-8.075,-4.025,4.225080277603));
#8995 = CARTESIAN_POINT('',(-7.625,-4.025,-9.785122397427E-003));
#8996 = CARTESIAN_POINT('',(-7.625,-4.025,4.225080277603));
#8997 = ADVANCED_FACE('',(#8998),#9008,.T.);
#8998 = FACE_BOUND('',#8999,.F.);
#8999 = EDGE_LOOP('',(#9000,#9001,#9002,#9007));
#9000 = ORIENTED_EDGE('',*,*,#8909,.F.);
#9001 = ORIENTED_EDGE('',*,*,#8959,.F.);
#9002 = ORIENTED_EDGE('',*,*,#9003,.F.);
#9003 = EDGE_CURVE('',#8981,#8960,#9004,.T.);
#9004 = B_SPLINE_CURVE_WITH_KNOTS('',1,(#9005,#9006),.UNSPECIFIED.,.F.,
  .F.,(2,2),(0.E+000,0.45),.PIECEWISE_BEZIER_KNOTS.);
#9005 = CARTESIAN_POINT('',(-7.625,-4.025,4.225080277603));
#9006 = CARTESIAN_POINT('',(-7.625,-3.575,4.225080277603));
#9007 = ORIENTED_EDGE('',*,*,#8987,.F.);
#9008 = B_SPLINE_SURFACE_WITH_KNOTS('',1,1,(
    (#9009,#9010)
    ,(#9011,#9012
    )),.UNSPECIFIED.,.F.,.F.,.F.,(2,2),(2,2),(-8.075,-7.625),(-4.025,
    -3.575),.PIECEWISE_BEZIER_KNOTS.);
#9009 = CARTESIAN_POINT('',(-8.075,-4.025,4.225080277603));
#9010 = CARTESIAN_POINT('',(-8.075,-3.575,4.225080277603));
#9011 = CARTESIAN_POINT('',(-7.625,-4.025,4.225080277603));
#9012 = CARTESIAN_POINT('',(-7.625,-3.575,4.225080277603));
#9013 = ADVANCED_FACE('',(#9014),#9020,.T.);
#9014 = FACE_BOUND('',#9015,.T.);
#9015 = EDGE_LOOP('',(#9016,#9017,#9018,#9019));
#9016 = ORIENTED_EDGE('',*,*,#8944,.T.);
#9017 = ORIENTED_EDGE('',*,*,#8966,.T.);
#9018 = ORIENTED_EDGE('',*,*,#9003,.F.);
#9019 = ORIENTED_EDGE('',*,*,#8980,.F.);
#9020 = B_SPLINE_SURFACE_WITH_KNOTS('',1,1,(
    (#9021,#9022)
    ,(#9023,#9024
  )),.UNSPECIFIED.,.F.,.F.,.F.,(2,2),(2,2),(0.E+000,0.45),(0.E+000,4.1),
  .PIECEWISE_BEZIER_KNOTS.);
#9021 = CARTESIAN_POINT('',(-7.625,-4.025,-9.785122397427E-003));
#9022 = CARTESIAN_POINT('',(-7.625,-4.025,4.225080277603));
#9023 = CARTESIAN_POINT('',(-7.625,-3.575,-9.785122397427E-003));
#9024 = CARTESIAN_POINT('',(-7.625,-3.575,4.225080277603));
#9025 = ( GEOMETRIC_REPRESENTATION_CONTEXT(3) 
GLOBAL_UNCERTAINTY_ASSIGNED_CONTEXT((#9029)) 
GLOBAL_UNIT_ASSIGNED_CONTEXT((#9026,#9027,#9028)) REPRESENTATION_CONTEXT
('Context #1','3D Context with UNIT and UNCERTAINTY') );
#9026 = ( LENGTH_UNIT() NAMED_UNIT(*) SI_UNIT(.MILLI.,.METRE.) );
#9027 = ( NAMED_UNIT(*) PLANE_ANGLE_UNIT() SI_UNIT($,.RADIAN.) );
#9028 = ( NAMED_UNIT(*) SI_UNIT($,.STERADIAN.) SOLID_ANGLE_UNIT() );
#9029 = UNCERTAINTY_MEASURE_WITH_UNIT(LENGTH_MEASURE(2.E-006),#9026,
  'distance_accuracy_value','confusion accuracy');
#9030 = PRODUCT_RELATED_PRODUCT_CATEGORY('part',$,(#8883));
#9031 = SHAPE_DEFINITION_REPRESENTATION(#9032,#9038);
#9032 = PRODUCT_DEFINITION_SHAPE('','',#9033);
#9033 = PRODUCT_DEFINITION('design','',#9034,#9037);
#9034 = PRODUCT_DEFINITION_FORMATION('','',#9035);
#9035 = PRODUCT('Solid010','Solid010','',(#9036));
#9036 = PRODUCT_CONTEXT('',#2,'mechanical');
#9037 = PRODUCT_DEFINITION_CONTEXT('part definition',#2,'design');
#9038 = ADVANCED_BREP_SHAPE_REPRESENTATION('',(#11,#9039),#9177);
#9039 = MANIFOLD_SOLID_BREP('',#9040);
#9040 = CLOSED_SHELL('',(#9041,#9077,#9105,#9127,#9149,#9165));
#9041 = ADVANCED_FACE('',(#9042),#9072,.T.);
#9042 = FACE_BOUND('',#9043,.T.);
#9043 = EDGE_LOOP('',(#9044,#9053,#9060,#9067));
#9044 = ORIENTED_EDGE('',*,*,#9045,.T.);
#9045 = EDGE_CURVE('',#9046,#9048,#9050,.T.);
#9046 = VERTEX_POINT('',#9047);
#9047 = CARTESIAN_POINT('',(-8.075,3.575,-9.785122397427E-003));
#9048 = VERTEX_POINT('',#9049);
#9049 = CARTESIAN_POINT('',(-7.625,3.575,-9.785122397427E-003));
#9050 = B_SPLINE_CURVE_WITH_KNOTS('',1,(#9051,#9052),.UNSPECIFIED.,.F.,
  .F.,(2,2),(0.E+000,0.45),.PIECEWISE_BEZIER_KNOTS.);
#9051 = CARTESIAN_POINT('',(-8.075,3.575,-9.785122397427E-003));
#9052 = CARTESIAN_POINT('',(-7.625,3.575,-9.785122397427E-003));
#9053 = ORIENTED_EDGE('',*,*,#9054,.T.);
#9054 = EDGE_CURVE('',#9048,#9055,#9057,.T.);
#9055 = VERTEX_POINT('',#9056);
#9056 = CARTESIAN_POINT('',(-7.625,3.575,4.225080277603));
#9057 = B_SPLINE_CURVE_WITH_KNOTS('',1,(#9058,#9059),.UNSPECIFIED.,.F.,
  .F.,(2,2),(0.E+000,4.1),.PIECEWISE_BEZIER_KNOTS.);
#9058 = CARTESIAN_POINT('',(-7.625,3.575,-9.785122397427E-003));
#9059 = CARTESIAN_POINT('',(-7.625,3.575,4.225080277603));
#9060 = ORIENTED_EDGE('',*,*,#9061,.F.);
#9061 = EDGE_CURVE('',#9062,#9055,#9064,.T.);
#9062 = VERTEX_POINT('',#9063);
#9063 = CARTESIAN_POINT('',(-8.075,3.575,4.225080277603));
#9064 = B_SPLINE_CURVE_WITH_KNOTS('',1,(#9065,#9066),.UNSPECIFIED.,.F.,
  .F.,(2,2),(0.E+000,0.45),.PIECEWISE_BEZIER_KNOTS.);
#9065 = CARTESIAN_POINT('',(-8.075,3.575,4.225080277603));
#9066 = CARTESIAN_POINT('',(-7.625,3.575,4.225080277603));
#9067 = ORIENTED_EDGE('',*,*,#9068,.F.);
#9068 = EDGE_CURVE('',#9046,#9062,#9069,.T.);
#9069 = B_SPLINE_CURVE_WITH_KNOTS('',1,(#9070,#9071),.UNSPECIFIED.,.F.,
  .F.,(2,2),(0.E+000,4.1),.PIECEWISE_BEZIER_KNOTS.);
#9070 = CARTESIAN_POINT('',(-8.075,3.575,-9.785122397427E-003));
#9071 = CARTESIAN_POINT('',(-8.075,3.575,4.225080277603));
#9072 = B_SPLINE_SURFACE_WITH_KNOTS('',1,1,(
    (#9073,#9074)
    ,(#9075,#9076
  )),.UNSPECIFIED.,.F.,.F.,.F.,(2,2),(2,2),(0.E+000,0.45),(0.E+000,4.1),
  .PIECEWISE_BEZIER_KNOTS.);
#9073 = CARTESIAN_POINT('',(-8.075,3.575,-9.785122397427E-003));
#9074 = CARTESIAN_POINT('',(-8.075,3.575,4.225080277603));
#9075 = CARTESIAN_POINT('',(-7.625,3.575,-9.785122397427E-003));
#9076 = CARTESIAN_POINT('',(-7.625,3.575,4.225080277603));
#9077 = ADVANCED_FACE('',(#9078),#9100,.F.);
#9078 = FACE_BOUND('',#9079,.F.);
#9079 = EDGE_LOOP('',(#9080,#9087,#9088,#9095));
#9080 = ORIENTED_EDGE('',*,*,#9081,.T.);
#9081 = EDGE_CURVE('',#9082,#9046,#9084,.T.);
#9082 = VERTEX_POINT('',#9083);
#9083 = CARTESIAN_POINT('',(-8.075,4.025,-9.785122397427E-003));
#9084 = B_SPLINE_CURVE_WITH_KNOTS('',1,(#9085,#9086),.UNSPECIFIED.,.F.,
  .F.,(2,2),(0.E+000,0.45),.PIECEWISE_BEZIER_KNOTS.);
#9085 = CARTESIAN_POINT('',(-8.075,4.025,-9.785122397427E-003));
#9086 = CARTESIAN_POINT('',(-8.075,3.575,-9.785122397427E-003));
#9087 = ORIENTED_EDGE('',*,*,#9045,.T.);
#9088 = ORIENTED_EDGE('',*,*,#9089,.T.);
#9089 = EDGE_CURVE('',#9048,#9090,#9092,.T.);
#9090 = VERTEX_POINT('',#9091);
#9091 = CARTESIAN_POINT('',(-7.625,4.025,-9.785122397427E-003));
#9092 = B_SPLINE_CURVE_WITH_KNOTS('',1,(#9093,#9094),.UNSPECIFIED.,.F.,
  .F.,(2,2),(0.E+000,0.45),.PIECEWISE_BEZIER_KNOTS.);
#9093 = CARTESIAN_POINT('',(-7.625,3.575,-9.785122397427E-003));
#9094 = CARTESIAN_POINT('',(-7.625,4.025,-9.785122397427E-003));
#9095 = ORIENTED_EDGE('',*,*,#9096,.T.);
#9096 = EDGE_CURVE('',#9090,#9082,#9097,.T.);
#9097 = B_SPLINE_CURVE_WITH_KNOTS('',1,(#9098,#9099),.UNSPECIFIED.,.F.,
  .F.,(2,2),(0.E+000,0.45),.PIECEWISE_BEZIER_KNOTS.);
#9098 = CARTESIAN_POINT('',(-7.625,4.025,-9.785122397427E-003));
#9099 = CARTESIAN_POINT('',(-8.075,4.025,-9.785122397427E-003));
#9100 = PLANE('',#9101);
#9101 = AXIS2_PLACEMENT_3D('',#9102,#9103,#9104);
#9102 = CARTESIAN_POINT('',(-2.696994046005E-003,7.389024783578E-004,
    -9.785122397427E-003));
#9103 = DIRECTION('',(0.E+000,0.E+000,1.));
#9104 = DIRECTION('',(-1.078259151718E-003,0.999999418678,0.E+000));
#9105 = ADVANCED_FACE('',(#9106),#9122,.T.);
#9106 = FACE_BOUND('',#9107,.T.);
#9107 = EDGE_LOOP('',(#9108,#9109,#9110,#9117));
#9108 = ORIENTED_EDGE('',*,*,#9081,.T.);
#9109 = ORIENTED_EDGE('',*,*,#9068,.T.);
#9110 = ORIENTED_EDGE('',*,*,#9111,.F.);
#9111 = EDGE_CURVE('',#9112,#9062,#9114,.T.);
#9112 = VERTEX_POINT('',#9113);
#9113 = CARTESIAN_POINT('',(-8.075,4.025,4.225080277603));
#9114 = B_SPLINE_CURVE_WITH_KNOTS('',1,(#9115,#9116),.UNSPECIFIED.,.F.,
  .F.,(2,2),(0.E+000,0.45),.PIECEWISE_BEZIER_KNOTS.);
#9115 = CARTESIAN_POINT('',(-8.075,4.025,4.225080277603));
#9116 = CARTESIAN_POINT('',(-8.075,3.575,4.225080277603));
#9117 = ORIENTED_EDGE('',*,*,#9118,.F.);
#9118 = EDGE_CURVE('',#9082,#9112,#9119,.T.);
#9119 = B_SPLINE_CURVE_WITH_KNOTS('',1,(#9120,#9121),.UNSPECIFIED.,.F.,
  .F.,(2,2),(0.E+000,4.1),.PIECEWISE_BEZIER_KNOTS.);
#9120 = CARTESIAN_POINT('',(-8.075,4.025,-9.785122397427E-003));
#9121 = CARTESIAN_POINT('',(-8.075,4.025,4.225080277603));
#9122 = B_SPLINE_SURFACE_WITH_KNOTS('',1,1,(
    (#9123,#9124)
    ,(#9125,#9126
  )),.UNSPECIFIED.,.F.,.F.,.F.,(2,2),(2,2),(0.E+000,0.45),(0.E+000,4.1),
  .PIECEWISE_BEZIER_KNOTS.);
#9123 = CARTESIAN_POINT('',(-8.075,4.025,-9.785122397427E-003));
#9124 = CARTESIAN_POINT('',(-8.075,4.025,4.225080277603));
#9125 = CARTESIAN_POINT('',(-8.075,3.575,-9.785122397427E-003));
#9126 = CARTESIAN_POINT('',(-8.075,3.575,4.225080277603));
#9127 = ADVANCED_FACE('',(#9128),#9144,.T.);
#9128 = FACE_BOUND('',#9129,.T.);
#9129 = EDGE_LOOP('',(#9130,#9131,#9138,#9143));
#9130 = ORIENTED_EDGE('',*,*,#9089,.T.);
#9131 = ORIENTED_EDGE('',*,*,#9132,.T.);
#9132 = EDGE_CURVE('',#9090,#9133,#9135,.T.);
#9133 = VERTEX_POINT('',#9134);
#9134 = CARTESIAN_POINT('',(-7.625,4.025,4.225080277603));
#9135 = B_SPLINE_CURVE_WITH_KNOTS('',1,(#9136,#9137),.UNSPECIFIED.,.F.,
  .F.,(2,2),(0.E+000,4.1),.PIECEWISE_BEZIER_KNOTS.);
#9136 = CARTESIAN_POINT('',(-7.625,4.025,-9.785122397427E-003));
#9137 = CARTESIAN_POINT('',(-7.625,4.025,4.225080277603));
#9138 = ORIENTED_EDGE('',*,*,#9139,.F.);
#9139 = EDGE_CURVE('',#9055,#9133,#9140,.T.);
#9140 = B_SPLINE_CURVE_WITH_KNOTS('',1,(#9141,#9142),.UNSPECIFIED.,.F.,
  .F.,(2,2),(0.E+000,0.45),.PIECEWISE_BEZIER_KNOTS.);
#9141 = CARTESIAN_POINT('',(-7.625,3.575,4.225080277603));
#9142 = CARTESIAN_POINT('',(-7.625,4.025,4.225080277603));
#9143 = ORIENTED_EDGE('',*,*,#9054,.F.);
#9144 = B_SPLINE_SURFACE_WITH_KNOTS('',1,1,(
    (#9145,#9146)
    ,(#9147,#9148
  )),.UNSPECIFIED.,.F.,.F.,.F.,(2,2),(2,2),(0.E+000,0.45),(0.E+000,4.1),
  .PIECEWISE_BEZIER_KNOTS.);
#9145 = CARTESIAN_POINT('',(-7.625,3.575,-9.785122397427E-003));
#9146 = CARTESIAN_POINT('',(-7.625,3.575,4.225080277603));
#9147 = CARTESIAN_POINT('',(-7.625,4.025,-9.785122397427E-003));
#9148 = CARTESIAN_POINT('',(-7.625,4.025,4.225080277603));
#9149 = ADVANCED_FACE('',(#9150),#9160,.T.);
#9150 = FACE_BOUND('',#9151,.F.);
#9151 = EDGE_LOOP('',(#9152,#9153,#9154,#9159));
#9152 = ORIENTED_EDGE('',*,*,#9061,.F.);
#9153 = ORIENTED_EDGE('',*,*,#9111,.F.);
#9154 = ORIENTED_EDGE('',*,*,#9155,.F.);
#9155 = EDGE_CURVE('',#9133,#9112,#9156,.T.);
#9156 = B_SPLINE_CURVE_WITH_KNOTS('',1,(#9157,#9158),.UNSPECIFIED.,.F.,
  .F.,(2,2),(0.E+000,0.45),.PIECEWISE_BEZIER_KNOTS.);
#9157 = CARTESIAN_POINT('',(-7.625,4.025,4.225080277603));
#9158 = CARTESIAN_POINT('',(-8.075,4.025,4.225080277603));
#9159 = ORIENTED_EDGE('',*,*,#9139,.F.);
#9160 = B_SPLINE_SURFACE_WITH_KNOTS('',1,1,(
    (#9161,#9162)
    ,(#9163,#9164
    )),.UNSPECIFIED.,.F.,.F.,.F.,(2,2),(2,2),(-8.075,-7.625),(3.575,
    4.025),.PIECEWISE_BEZIER_KNOTS.);
#9161 = CARTESIAN_POINT('',(-8.075,3.575,4.225080277603));
#9162 = CARTESIAN_POINT('',(-8.075,4.025,4.225080277603));
#9163 = CARTESIAN_POINT('',(-7.625,3.575,4.225080277603));
#9164 = CARTESIAN_POINT('',(-7.625,4.025,4.225080277603));
#9165 = ADVANCED_FACE('',(#9166),#9172,.T.);
#9166 = FACE_BOUND('',#9167,.T.);
#9167 = EDGE_LOOP('',(#9168,#9169,#9170,#9171));
#9168 = ORIENTED_EDGE('',*,*,#9096,.T.);
#9169 = ORIENTED_EDGE('',*,*,#9118,.T.);
#9170 = ORIENTED_EDGE('',*,*,#9155,.F.);
#9171 = ORIENTED_EDGE('',*,*,#9132,.F.);
#9172 = B_SPLINE_SURFACE_WITH_KNOTS('',1,1,(
    (#9173,#9174)
    ,(#9175,#9176
  )),.UNSPECIFIED.,.F.,.F.,.F.,(2,2),(2,2),(0.E+000,0.45),(0.E+000,4.1),
  .PIECEWISE_BEZIER_KNOTS.);
#9173 = CARTESIAN_POINT('',(-7.625,4.025,-9.785122397427E-003));
#9174 = CARTESIAN_POINT('',(-7.625,4.025,4.225080277603));
#9175 = CARTESIAN_POINT('',(-8.075,4.025,-9.785122397427E-003));
#9176 = CARTESIAN_POINT('',(-8.075,4.025,4.225080277603));
#9177 = ( GEOMETRIC_REPRESENTATION_CONTEXT(3) 
GLOBAL_UNCERTAINTY_ASSIGNED_CONTEXT((#9181)) 
GLOBAL_UNIT_ASSIGNED_CONTEXT((#9178,#9179,#9180)) REPRESENTATION_CONTEXT
('Context #1','3D Context with UNIT and UNCERTAINTY') );
#9178 = ( LENGTH_UNIT() NAMED_UNIT(*) SI_UNIT(.MILLI.,.METRE.) );
#9179 = ( NAMED_UNIT(*) PLANE_ANGLE_UNIT() SI_UNIT($,.RADIAN.) );
#9180 = ( NAMED_UNIT(*) SI_UNIT($,.STERADIAN.) SOLID_ANGLE_UNIT() );
#9181 = UNCERTAINTY_MEASURE_WITH_UNIT(LENGTH_MEASURE(2.E-006),#9178,
  'distance_accuracy_value','confusion accuracy');
#9182 = PRODUCT_RELATED_PRODUCT_CATEGORY('part',$,(#9035));
#9183 = MECHANICAL_DESIGN_GEOMETRIC_PRESENTATION_REPRESENTATION('',(
    #9184),#9177);
#9184 = STYLED_ITEM('color',(#9185),#9039);
#9185 = PRESENTATION_STYLE_ASSIGNMENT((#9186,#9192));
#9186 = SURFACE_STYLE_USAGE(.BOTH.,#9187);
#9187 = SURFACE_SIDE_STYLE('',(#9188));
#9188 = SURFACE_STYLE_FILL_AREA(#9189);
#9189 = FILL_AREA_STYLE('',(#9190));
#9190 = FILL_AREA_STYLE_COLOUR('',#9191);
#9191 = COLOUR_RGB('',0.831372559071,0.831372559071,0.831372559071);
#9192 = CURVE_STYLE('',#9193,POSITIVE_LENGTH_MEASURE(0.1),#9191);
#9193 = DRAUGHTING_PRE_DEFINED_CURVE_FONT('continuous');
#9194 = MECHANICAL_DESIGN_GEOMETRIC_PRESENTATION_REPRESENTATION('',(
    #9195,#9205,#9214,#9223,#9232,#9241,#9250,#9259,#9268,#9277,#9286,
    #9295,#9304,#9313,#9322,#9331,#9340,#9349),#7605);
#9195 = STYLED_ITEM('color',(#9196),#167);
#9196 = PRESENTATION_STYLE_ASSIGNMENT((#9197,#9203));
#9197 = SURFACE_STYLE_USAGE(.BOTH.,#9198);
#9198 = SURFACE_SIDE_STYLE('',(#9199));
#9199 = SURFACE_STYLE_FILL_AREA(#9200);
#9200 = FILL_AREA_STYLE('',(#9201));
#9201 = FILL_AREA_STYLE_COLOUR('',#9202);
#9202 = COLOUR_RGB('',0.961000025272,0.961000025272,0.961000025272);
#9203 = CURVE_STYLE('',#9204,POSITIVE_LENGTH_MEASURE(0.1),#9202);
#9204 = DRAUGHTING_PRE_DEFINED_CURVE_FONT('continuous');
#9205 = STYLED_ITEM('color',(#9206),#605);
#9206 = PRESENTATION_STYLE_ASSIGNMENT((#9207,#9212));
#9207 = SURFACE_STYLE_USAGE(.BOTH.,#9208);
#9208 = SURFACE_SIDE_STYLE('',(#9209));
#9209 = SURFACE_STYLE_FILL_AREA(#9210);
#9210 = FILL_AREA_STYLE('',(#9211));
#9211 = FILL_AREA_STYLE_COLOUR('',#9202);
#9212 = CURVE_STYLE('',#9213,POSITIVE_LENGTH_MEASURE(0.1),#9202);
#9213 = DRAUGHTING_PRE_DEFINED_CURVE_FONT('continuous');
#9214 = STYLED_ITEM('color',(#9215),#1131);
#9215 = PRESENTATION_STYLE_ASSIGNMENT((#9216,#9221));
#9216 = SURFACE_STYLE_USAGE(.BOTH.,#9217);
#9217 = SURFACE_SIDE_STYLE('',(#9218));
#9218 = SURFACE_STYLE_FILL_AREA(#9219);
#9219 = FILL_AREA_STYLE('',(#9220));
#9220 = FILL_AREA_STYLE_COLOUR('',#9202);
#9221 = CURVE_STYLE('',#9222,POSITIVE_LENGTH_MEASURE(0.1),#9202);
#9222 = DRAUGHTING_PRE_DEFINED_CURVE_FONT('continuous');
#9223 = STYLED_ITEM('color',(#9224),#1873);
#9224 = PRESENTATION_STYLE_ASSIGNMENT((#9225,#9230));
#9225 = SURFACE_STYLE_USAGE(.BOTH.,#9226);
#9226 = SURFACE_SIDE_STYLE('',(#9227));
#9227 = SURFACE_STYLE_FILL_AREA(#9228);
#9228 = FILL_AREA_STYLE('',(#9229));
#9229 = FILL_AREA_STYLE_COLOUR('',#9202);
#9230 = CURVE_STYLE('',#9231,POSITIVE_LENGTH_MEASURE(0.1),#9202);
#9231 = DRAUGHTING_PRE_DEFINED_CURVE_FONT('continuous');
#9232 = STYLED_ITEM('color',(#9233),#2361);
#9233 = PRESENTATION_STYLE_ASSIGNMENT((#9234,#9239));
#9234 = SURFACE_STYLE_USAGE(.BOTH.,#9235);
#9235 = SURFACE_SIDE_STYLE('',(#9236));
#9236 = SURFACE_STYLE_FILL_AREA(#9237);
#9237 = FILL_AREA_STYLE('',(#9238));
#9238 = FILL_AREA_STYLE_COLOUR('',#9202);
#9239 = CURVE_STYLE('',#9240,POSITIVE_LENGTH_MEASURE(0.1),#9202);
#9240 = DRAUGHTING_PRE_DEFINED_CURVE_FONT('continuous');
#9241 = STYLED_ITEM('color',(#9242),#3095);
#9242 = PRESENTATION_STYLE_ASSIGNMENT((#9243,#9248));
#9243 = SURFACE_STYLE_USAGE(.BOTH.,#9244);
#9244 = SURFACE_SIDE_STYLE('',(#9245));
#9245 = SURFACE_STYLE_FILL_AREA(#9246);
#9246 = FILL_AREA_STYLE('',(#9247));
#9247 = FILL_AREA_STYLE_COLOUR('',#9202);
#9248 = CURVE_STYLE('',#9249,POSITIVE_LENGTH_MEASURE(0.1),#9202);
#9249 = DRAUGHTING_PRE_DEFINED_CURVE_FONT('continuous');
#9250 = STYLED_ITEM('color',(#9251),#3837);
#9251 = PRESENTATION_STYLE_ASSIGNMENT((#9252,#9257));
#9252 = SURFACE_STYLE_USAGE(.BOTH.,#9253);
#9253 = SURFACE_SIDE_STYLE('',(#9254));
#9254 = SURFACE_STYLE_FILL_AREA(#9255);
#9255 = FILL_AREA_STYLE('',(#9256));
#9256 = FILL_AREA_STYLE_COLOUR('',#9202);
#9257 = CURVE_STYLE('',#9258,POSITIVE_LENGTH_MEASURE(0.1),#9202);
#9258 = DRAUGHTING_PRE_DEFINED_CURVE_FONT('continuous');
#9259 = STYLED_ITEM('color',(#9260),#4065);
#9260 = PRESENTATION_STYLE_ASSIGNMENT((#9261,#9266));
#9261 = SURFACE_STYLE_USAGE(.BOTH.,#9262);
#9262 = SURFACE_SIDE_STYLE('',(#9263));
#9263 = SURFACE_STYLE_FILL_AREA(#9264);
#9264 = FILL_AREA_STYLE('',(#9265));
#9265 = FILL_AREA_STYLE_COLOUR('',#9202);
#9266 = CURVE_STYLE('',#9267,POSITIVE_LENGTH_MEASURE(0.1),#9202);
#9267 = DRAUGHTING_PRE_DEFINED_CURVE_FONT('continuous');
#9268 = STYLED_ITEM('color',(#9269),#4203);
#9269 = PRESENTATION_STYLE_ASSIGNMENT((#9270,#9275));
#9270 = SURFACE_STYLE_USAGE(.BOTH.,#9271);
#9271 = SURFACE_SIDE_STYLE('',(#9272));
#9272 = SURFACE_STYLE_FILL_AREA(#9273);
#9273 = FILL_AREA_STYLE('',(#9274));
#9274 = FILL_AREA_STYLE_COLOUR('',#9202);
#9275 = CURVE_STYLE('',#9276,POSITIVE_LENGTH_MEASURE(0.1),#9202);
#9276 = DRAUGHTING_PRE_DEFINED_CURVE_FONT('continuous');
#9277 = STYLED_ITEM('color',(#9278),#4341);
#9278 = PRESENTATION_STYLE_ASSIGNMENT((#9279,#9284));
#9279 = SURFACE_STYLE_USAGE(.BOTH.,#9280);
#9280 = SURFACE_SIDE_STYLE('',(#9281));
#9281 = SURFACE_STYLE_FILL_AREA(#9282);
#9282 = FILL_AREA_STYLE('',(#9283));
#9283 = FILL_AREA_STYLE_COLOUR('',#9202);
#9284 = CURVE_STYLE('',#9285,POSITIVE_LENGTH_MEASURE(0.1),#9202);
#9285 = DRAUGHTING_PRE_DEFINED_CURVE_FONT('continuous');
#9286 = STYLED_ITEM('color',(#9287),#4479);
#9287 = PRESENTATION_STYLE_ASSIGNMENT((#9288,#9293));
#9288 = SURFACE_STYLE_USAGE(.BOTH.,#9289);
#9289 = SURFACE_SIDE_STYLE('',(#9290));
#9290 = SURFACE_STYLE_FILL_AREA(#9291);
#9291 = FILL_AREA_STYLE('',(#9292));
#9292 = FILL_AREA_STYLE_COLOUR('',#9202);
#9293 = CURVE_STYLE('',#9294,POSITIVE_LENGTH_MEASURE(0.1),#9202);
#9294 = DRAUGHTING_PRE_DEFINED_CURVE_FONT('continuous');
#9295 = STYLED_ITEM('color',(#9296),#4767);
#9296 = PRESENTATION_STYLE_ASSIGNMENT((#9297,#9302));
#9297 = SURFACE_STYLE_USAGE(.BOTH.,#9298);
#9298 = SURFACE_SIDE_STYLE('',(#9299));
#9299 = SURFACE_STYLE_FILL_AREA(#9300);
#9300 = FILL_AREA_STYLE('',(#9301));
#9301 = FILL_AREA_STYLE_COLOUR('',#9202);
#9302 = CURVE_STYLE('',#9303,POSITIVE_LENGTH_MEASURE(0.1),#9202);
#9303 = DRAUGHTING_PRE_DEFINED_CURVE_FONT('continuous');
#9304 = STYLED_ITEM('color',(#9305),#5073);
#9305 = PRESENTATION_STYLE_ASSIGNMENT((#9306,#9311));
#9306 = SURFACE_STYLE_USAGE(.BOTH.,#9307);
#9307 = SURFACE_SIDE_STYLE('',(#9308));
#9308 = SURFACE_STYLE_FILL_AREA(#9309);
#9309 = FILL_AREA_STYLE('',(#9310));
#9310 = FILL_AREA_STYLE_COLOUR('',#9202);
#9311 = CURVE_STYLE('',#9312,POSITIVE_LENGTH_MEASURE(0.1),#9202);
#9312 = DRAUGHTING_PRE_DEFINED_CURVE_FONT('continuous');
#9313 = STYLED_ITEM('color',(#9314),#5303);
#9314 = PRESENTATION_STYLE_ASSIGNMENT((#9315,#9320));
#9315 = SURFACE_STYLE_USAGE(.BOTH.,#9316);
#9316 = SURFACE_SIDE_STYLE('',(#9317));
#9317 = SURFACE_STYLE_FILL_AREA(#9318);
#9318 = FILL_AREA_STYLE('',(#9319));
#9319 = FILL_AREA_STYLE_COLOUR('',#9202);
#9320 = CURVE_STYLE('',#9321,POSITIVE_LENGTH_MEASURE(0.1),#9202);
#9321 = DRAUGHTING_PRE_DEFINED_CURVE_FONT('continuous');
#9322 = STYLED_ITEM('color',(#9323),#5533);
#9323 = PRESENTATION_STYLE_ASSIGNMENT((#9324,#9329));
#9324 = SURFACE_STYLE_USAGE(.BOTH.,#9325);
#9325 = SURFACE_SIDE_STYLE('',(#9326));
#9326 = SURFACE_STYLE_FILL_AREA(#9327);
#9327 = FILL_AREA_STYLE('',(#9328));
#9328 = FILL_AREA_STYLE_COLOUR('',#9202);
#9329 = CURVE_STYLE('',#9330,POSITIVE_LENGTH_MEASURE(0.1),#9202);
#9330 = DRAUGHTING_PRE_DEFINED_CURVE_FONT('continuous');
#9331 = STYLED_ITEM('color',(#9332),#5913);
#9332 = PRESENTATION_STYLE_ASSIGNMENT((#9333,#9338));
#9333 = SURFACE_STYLE_USAGE(.BOTH.,#9334);
#9334 = SURFACE_SIDE_STYLE('',(#9335));
#9335 = SURFACE_STYLE_FILL_AREA(#9336);
#9336 = FILL_AREA_STYLE('',(#9337));
#9337 = FILL_AREA_STYLE_COLOUR('',#9202);
#9338 = CURVE_STYLE('',#9339,POSITIVE_LENGTH_MEASURE(0.1),#9202);
#9339 = DRAUGHTING_PRE_DEFINED_CURVE_FONT('continuous');
#9340 = STYLED_ITEM('color',(#9341),#6475);
#9341 = PRESENTATION_STYLE_ASSIGNMENT((#9342,#9347));
#9342 = SURFACE_STYLE_USAGE(.BOTH.,#9343);
#9343 = SURFACE_SIDE_STYLE('',(#9344));
#9344 = SURFACE_STYLE_FILL_AREA(#9345);
#9345 = FILL_AREA_STYLE('',(#9346));
#9346 = FILL_AREA_STYLE_COLOUR('',#9202);
#9347 = CURVE_STYLE('',#9348,POSITIVE_LENGTH_MEASURE(0.1),#9202);
#9348 = DRAUGHTING_PRE_DEFINED_CURVE_FONT('continuous');
#9349 = STYLED_ITEM('color',(#9350),#7013);
#9350 = PRESENTATION_STYLE_ASSIGNMENT((#9351,#9356));
#9351 = SURFACE_STYLE_USAGE(.BOTH.,#9352);
#9352 = SURFACE_SIDE_STYLE('',(#9353));
#9353 = SURFACE_STYLE_FILL_AREA(#9354);
#9354 = FILL_AREA_STYLE('',(#9355));
#9355 = FILL_AREA_STYLE_COLOUR('',#9202);
#9356 = CURVE_STYLE('',#9357,POSITIVE_LENGTH_MEASURE(0.1),#9202);
#9357 = DRAUGHTING_PRE_DEFINED_CURVE_FONT('continuous');
#9358 = MECHANICAL_DESIGN_GEOMETRIC_PRESENTATION_REPRESENTATION('',(
    #9359),#8873);
#9359 = STYLED_ITEM('color',(#9360),#8735);
#9360 = PRESENTATION_STYLE_ASSIGNMENT((#9361,#9366));
#9361 = SURFACE_STYLE_USAGE(.BOTH.,#9362);
#9362 = SURFACE_SIDE_STYLE('',(#9363));
#9363 = SURFACE_STYLE_FILL_AREA(#9364);
#9364 = FILL_AREA_STYLE('',(#9365));
#9365 = FILL_AREA_STYLE_COLOUR('',#9191);
#9366 = CURVE_STYLE('',#9367,POSITIVE_LENGTH_MEASURE(0.1),#9191);
#9367 = DRAUGHTING_PRE_DEFINED_CURVE_FONT('continuous');
#9368 = MECHANICAL_DESIGN_GEOMETRIC_PRESENTATION_REPRESENTATION('',(
    #9369),#9025);
#9369 = STYLED_ITEM('color',(#9370),#8887);
#9370 = PRESENTATION_STYLE_ASSIGNMENT((#9371,#9376));
#9371 = SURFACE_STYLE_USAGE(.BOTH.,#9372);
#9372 = SURFACE_SIDE_STYLE('',(#9373));
#9373 = SURFACE_STYLE_FILL_AREA(#9374);
#9374 = FILL_AREA_STYLE('',(#9375));
#9375 = FILL_AREA_STYLE_COLOUR('',#9191);
#9376 = CURVE_STYLE('',#9377,POSITIVE_LENGTH_MEASURE(0.1),#9191);
#9377 = DRAUGHTING_PRE_DEFINED_CURVE_FONT('continuous');
#9378 = MECHANICAL_DESIGN_GEOMETRIC_PRESENTATION_REPRESENTATION('',(
    #9379),#153);
#9379 = STYLED_ITEM('color',(#9380),#15);
#9380 = PRESENTATION_STYLE_ASSIGNMENT((#9381,#9386));
#9381 = SURFACE_STYLE_USAGE(.BOTH.,#9382);
#9382 = SURFACE_SIDE_STYLE('',(#9383));
#9383 = SURFACE_STYLE_FILL_AREA(#9384);
#9384 = FILL_AREA_STYLE('',(#9385));
#9385 = FILL_AREA_STYLE_COLOUR('',#9191);
#9386 = CURVE_STYLE('',#9387,POSITIVE_LENGTH_MEASURE(0.1),#9191);
#9387 = DRAUGHTING_PRE_DEFINED_CURVE_FONT('continuous');
#9388 = MECHANICAL_DESIGN_GEOMETRIC_PRESENTATION_REPRESENTATION('',(
    #9389),#8721);
#9389 = STYLED_ITEM('color',(#9390),#7619);
#9390 = PRESENTATION_STYLE_ASSIGNMENT((#9391,#9397));
#9391 = SURFACE_STYLE_USAGE(.BOTH.,#9392);
#9392 = SURFACE_SIDE_STYLE('',(#9393));
#9393 = SURFACE_STYLE_FILL_AREA(#9394);
#9394 = FILL_AREA_STYLE('',(#9395));
#9395 = FILL_AREA_STYLE_COLOUR('',#9396);
#9396 = COLOUR_RGB('',0.286000013351,0.286000013351,0.286000013351);
#9397 = CURVE_STYLE('',#9398,POSITIVE_LENGTH_MEASURE(0.1),#9396);
#9398 = DRAUGHTING_PRE_DEFINED_CURVE_FONT('continuous');
ENDSEC;
END-ISO-10303-21;
