#VRML V2.0 utf8
# 3D model generated by easyeda2kicad.py (https://github.com/uPesy/easyeda2kicad.py)

Shape{
    appearance Appearance {
        material  Material 	{
            diffuseColor 1.0 1.0 1.0
            specularColor 0.5019607843137255 0.5019607843137255 0.5019607843137255
            ambientIntensity 1.0
            transparency 0.0
            shininess 0.5
        }
    }
    geometry IndexedFaceSet {
        ccw TRUE
        solid FALSE
        coord DEF co Coordinate {
            point [
                5.1772 -0.7662 1.7082, 5.1772 -0.8113 1.7028, 5.1772 -0.66 1.7005, 5.1772 -0.2871 2.0457, 5.1772 -0.2871 2.3953, 5.1772 -0.66 2.3953, 5.1772 -1.5679 2.3929, 5.1772 -1.5482 2.3953, 5.1772 -1.6702 2.3953, 5.1772 -0.9868 2.1262, 5.1772 -0.9099 2.3281, 5.1772 -0.9099 2.3953, 5.1772 -1.3653 1.701, 5.1772 -1.3701 1.7005, 5.1772 -1.3063 1.7005, 5.1772 -1.422 1.7016, 5.1772 -1.4283 1.7039, 5.1772 -1.4283 1.7005, 5.1772 -2.4062 2.4202, 5.1772 -2.3696 2.3953, 5.1772 -1.9271 2.3953, 5.1772 -2.3267 2.366, 5.1772 -2.2636 2.2929, 5.1772 -2.0515 2.0457, 5.1772 -1.9271 2.0457, 5.1772 -2.0683 2.0874, 5.1772 -2.107 2.1414, 5.1772 -2.1585 2.1849, 5.1772 -2.2242 2.2161, 5.1772 -2.2149 2.213, 5.1772 -2.5009 2.4552, 5.1772 -1.9271 3.2576, 5.1772 -2.7638 2.4206, 5.1772 -2.6761 2.4537, 5.1772 -3.8862 3.2576, 5.1772 -2.5848 2.4647, 5.1772 -2.8049 2.3953, 5.1772 -3.8862 2.3953, 5.1772 -2.8125 2.3907, 5.1772 -3.2035 2.1614, 5.1772 -3.1579 2.2199, 5.1772 -3.0144 2.3017, 5.1772 -2.9396 2.311, 5.1772 -2.8571 2.3525, 5.1772 -2.9178 2.3098, 5.1772 -2.896 2.3072, 5.1772 -3.1451 2.232, 5.1772 -3.0847 2.2744, 5.1772 -3.1081 1.7462, 5.1772 -3.1673 1.7967, 5.1772 -3.8862 1.7005, 5.1772 -3.0395 1.7128, 5.1772 -3.2107 1.8586, 5.1772 -3.2379 1.9292, 5.1772 -3.8862 2.0457, 5.1772 -3.247 2.0036, 5.1772 -3.2465 2.0217, 5.1772 -3.2422 2.0457, 5.1772 -3.2338 2.0931, 5.1772 -3.0155 1.7056, 5.1772 -3.0131 1.7005, 5.1772 -2.9965 1.6649, 5.1772 -3.8862 1.5948, 5.1772 -2.9682 1.63, 5.1772 -2.9311 1.6021, 5.1772 -3.8862 1.1811, 5.1772 -2.8873 1.5837, 5.1772 -2.9137 1.5948, 5.1772 -2.7567 1.5948, 5.1772 -2.7893 1.5823, 5.1772 -1.9271 1.1811, 5.1772 -2.8353 1.5766, 5.1772 -2.8425 1.5767, 5.1772 -2.6575 1.7005, 5.1772 -2.6577 1.6996, 5.1772 -1.9271 1.5948, 5.1772 -2.6802 1.6574, 5.1772 -2.7092 1.6248, 5.1772 -2.747 1.5985, 5.1772 -2.4152 1.8125, 5.1772 -2.4021 1.8176, 5.1772 -2.3798 1.9258, 5.1772 -2.1066 1.7872, 5.1772 -2.1582 1.7435, 5.1772 -1.9271 1.7005, 5.1772 -2.6929 1.8935, 5.1772 -2.4387 2.0263, 5.1772 -2.7261 1.9237, 5.1772 -2.7664 1.9453, 5.1772 -2.4268 1.8042, 5.1772 -2.0689 1.8397, 5.1772 -2.155 1.9824, 5.1772 -2.1639 2.0188, 5.1772 -2.1784 2.0457, 5.1772 -3.1228 2.0457, 5.1772 -2.0451 2.0295, 5.1772 -2.0364 1.9675, 5.1772 -2.0451 1.8998, 5.1772 -2.3874 1.8195, 5.1772 -2.3856 1.8194, 5.1772 -2.3799 1.8181, 5.1772 -3.1116 1.9316, 5.1772 -3.089 1.8932, 5.1772 -2.9927 1.8735, 5.1772 -3.055 1.8583, 5.1772 -3.0136 1.8328, 5.1772 -2.9225 1.9364, 5.1772 -2.9613 1.9094, 5.1772 -3.1275 2.0073, 5.1772 -3.1252 1.978, 5.1772 -2.8806 1.9524, 5.1772 -2.8353 1.958, 5.1772 -2.8122 1.9566, 5.1772 -2.4463 1.7607, 5.1772 -2.4458 1.7681, 5.1772 -2.6455 1.7853, 5.1772 -2.442 1.7826, 5.1772 -2.4347 1.7955, 5.1772 -2.1926 1.8652, 5.1772 -2.1717 1.8948, 5.1772 -2.1586 1.9286, 5.1772 -2.154 1.9656, 5.1772 -2.4019 1.7036, 5.1772 -2.4145 1.7085, 5.1772 -2.4268 1.7172, 5.1772 -2.4312 1.7217, 5.1772 -2.4395 1.7337, 5.1772 -2.4445 1.7465, 5.1772 -2.6465 1.7465, 5.1772 -2.6455 1.7664, 5.1772 -2.2161 1.7152, 5.1772 -2.2793 1.7018, 5.1772 -2.3912 1.7018, 5.1772 -2.376 1.8176, 5.1772 -2.2906 1.8176, 5.1772 -2.2565 1.8241, 5.1772 -2.223 1.8397, 5.1772 -2.195 1.8626, 5.1772 -2.3582 2.2277, 5.1772 -2.401 2.2788, 5.1772 -2.8372 2.1686, 5.1772 -2.4057 2.2831, 5.1772 -2.459 2.3201, 5.1772 -2.8082 2.2287, 5.1772 -2.8506 2.176, 5.1772 -2.8931 2.1916, 5.1772 -2.1816 2.0515, 5.1772 -2.2034 2.0758, 5.1772 -2.302 2.1136, 5.1772 -2.2328 2.0964, 5.1772 -2.2659 2.1092, 5.1772 -2.3172 2.1136, 5.1772 -2.3289 2.1666, 5.1772 -3.0044 2.1849, 5.1772 -3.0467 2.1625, 5.1772 -2.9576 2.1961, 5.1772 -3.0793 2.1334, 5.1772 -3.1056 2.0956, 5.1772 -2.7656 2.2795, 5.1772 -2.5185 2.3429, 5.1772 -2.7148 2.3167, 5.1772 -2.5829 2.3508, 5.1772 -2.6528 2.3418, 5.1772 -2.9377 2.1971, 5.1772 -3.1218 2.0533, 5.1772 -0.9351 1.7332, 5.1772 -0.9351 1.7028, 5.1772 -0.9099 1.7005, 5.1772 -0.9099 2.0457, 5.1772 -0.9412 1.9697, 5.1772 -0.9412 1.939, 5.1772 -0.9487 1.823, 5.1772 -0.9487 1.8535, 5.1772 -0.9942 1.8535, 5.1772 -0.9942 1.7005, 5.1772 -1.0442 1.823, 5.1772 -1.0442 1.7332, 5.1772 -0.9942 1.7332, 5.1772 -0.9942 1.939, 5.1772 -1.0442 1.939, 5.1772 -1.0442 1.8535, 5.1772 -0.9942 1.7028, 5.1772 -1.0786 1.7028, 5.1772 -1.0966 1.7005, 5.1772 -1.0786 1.9697, 5.1772 -1.455 1.7005, 5.1772 -1.4438 1.7094, 5.1772 -1.4438 1.744, 5.1772 -1.4436 1.8419, 5.1772 -1.4422 1.8539, 5.1772 -1.455 2.0457, 5.1772 -1.4384 1.8187, 5.1772 -1.4421 1.829, 5.1772 -1.4316 1.7364, 5.1772 -1.4283 1.7351, 5.1772 -1.4283 1.8059, 5.1772 -1.4341 1.8118, 5.1772 -1.4286 1.8061, 5.1772 -1.4283 1.5948, 5.1772 -1.3921 1.6983, 5.1772 -1.4123 1.7005, 5.1772 -1.3063 1.5948, 5.1772 -1.3242 1.8893, 5.1772 -1.3242 1.8568, 5.1772 -1.4221 1.8826, 5.1772 -1.4124 1.8884, 5.1772 -1.4283 2.0457, 5.1772 -1.3166 1.7412, 5.1772 -1.3207 1.7306, 5.1772 -1.327 1.7218, 5.1772 -1.4383 1.8647, 5.1772 -1.4321 1.8737, 5.1772 -1.4283 1.877, 5.1772 -1.3941 1.895, 5.1772 -1.3693 1.8977, 5.1772 -1.3063 2.0457, 5.1772 -1.3473 1.8959, 5.1772 -1.3262 1.7861, 5.1772 -1.32 1.7769, 5.1772 -1.3164 1.7671, 5.1772 -1.315 1.7546, 5.1772 -1.3365 1.7134, 5.1772 -1.3469 1.7073, 5.1772 -1.3726 1.8706, 5.1772 -1.3825 1.8698, 5.1772 -1.4091 1.8449, 5.1772 -1.3914 1.8675, 5.1772 -1.3989 1.8635, 5.1772 -1.4088 1.8405, 5.1772 -1.4075 1.8353, 5.1772 -1.4051 1.8308, 5.1772 -1.4018 1.8272, 5.1772 -1.39 1.8198, 5.1772 -1.3499 1.8679, 5.1772 -1.3693 1.8108, 5.1772 -1.3309 1.8607, 5.1772 -1.3564 1.8056, 5.1772 -1.3342 1.7932, 5.1772 -1.404 1.859, 5.1772 -1.4069 1.8548, 5.1772 -1.4085 1.8503, 5.1772 -1.4107 1.7282, 5.1772 -1.3929 1.7865, 5.1772 -1.4129 1.7957, 5.1772 -1.3888 1.7255, 5.1772 -1.3873 1.7256, 5.1772 -1.371 1.7773, 5.1772 -1.3702 1.7275, 5.1772 -1.3493 1.7513, 5.1772 -1.3497 1.7555, 5.1772 -1.3615 1.7306, 5.1772 -1.3585 1.7325, 5.1772 -1.3547 1.7359, 5.1772 -1.3517 1.7402, 5.1772 -1.35 1.745, 5.1772 -1.3512 1.7607, 5.1772 -1.3538 1.7651, 5.1772 -1.3579 1.7695, 5.1772 -0.8119 2.1992, 5.1772 -0.9099 2.1992, 5.1772 -0.7847 2.1262, 5.1772 -0.7466 2.1262, 5.1772 -0.66 2.0457, 5.1772 -0.8483 2.3931, 5.1772 -0.9231 2.1992, 5.1772 -0.9487 2.1262, 5.1772 -0.9942 2.0457, 5.1772 -0.9942 2.3953, 5.1772 -1.2189 2.1262, 5.1772 -1.2693 2.1566, 5.1772 -1.2693 2.1262, 5.1772 -1.2189 2.3931, 5.1772 -1.2754 2.3624, 5.1772 -1.2754 2.3931, 5.1772 -1.1428 2.3931, 5.1772 -1.0966 2.3953, 5.1772 -1.3063 2.3953, 5.1772 -1.3063 2.1566, 5.1772 -1.283 2.2464, 5.1772 -1.283 2.2769, 5.1772 -1.3063 2.2769, 5.1772 -1.0966 2.0457, 5.1772 -1.1004 2.1316, 5.1772 -1.1455 2.1262, 5.1772 -1.0323 2.3484, 5.1772 -1.0158 2.3251, 5.1772 -1.0104 2.2105, 5.1772 -1.0245 2.1834, 5.1772 -1.0419 2.3577, 5.1772 -1.0419 2.1636, 5.1772 -1.07 2.1434, 5.1772 -1.0966 2.1331, 5.1772 -1.102 2.3886, 5.1772 -1.0966 2.3866, 5.1772 -1.0698 2.3768, 5.1772 -1.006 2.2996, 5.1772 -1.0016 2.263, 5.1772 -1.003 2.2409, 5.1772 -1.3063 2.2464, 5.1772 -1.3784 2.2464, 5.1772 -1.3784 2.1566, 5.1772 -1.3063 2.3624, 5.1772 -1.3784 2.3624, 5.1772 -1.3784 2.2769, 5.1772 -1.4283 2.3953, 5.1772 -1.4129 2.3931, 5.1772 -1.3063 2.3931, 5.1772 -1.3063 2.1262, 5.1772 -1.4129 2.1262, 5.1772 -4.5253 1.6883, 5.1772 -4.5253 1.7005, 5.1772 -4.5253 2.0457, 5.1772 -4.5253 2.3953, 5.1772 -4.5253 3.2576, 5.1772 -4.5253 4.0505, 5.1772 -3.8862 5.0, 5.1772 -5.7917 4.0505, 5.1772 -6.5791 5.0, 5.1772 -5.7917 3.2576, 5.1772 -6.5791 3.2576, 5.1772 -5.7917 2.3953, 5.1772 -6.5791 2.3953, 5.1772 -5.7917 2.0457, 5.1772 -6.5791 2.0457, 5.1772 -5.7917 1.7005, 5.1772 -6.5791 1.7005, 5.1772 -5.7917 1.6883, 5.1772 -6.5791 1.5948, 5.1772 -1.4777 2.1327, 5.1772 -1.4777 2.0457, 5.1772 -1.4708 2.1349, 5.1772 -1.4663 2.1372, 5.1772 -1.4663 2.1702, 5.1772 -1.4777 2.3554, 5.1772 -1.5352 2.1524, 5.1772 -1.5185 2.1532, 5.1772 -1.6039 2.3347, 5.1772 -1.6167 2.3161, 5.1772 -1.6296 2.2463, 5.1772 -1.6253 2.2197, 5.1772 -1.5292 2.3665, 5.1772 -1.5403 2.366, 5.1772 -1.6019 2.3368, 5.1772 -1.5634 2.3614, 5.1772 -1.5843 2.3515, 5.1772 -1.6256 2.293, 5.1772 -1.63 2.2566, 5.1772 -1.6166 2.1983, 5.1772 -1.6038 2.1805, 5.1772 -1.5971 2.1741, 5.1772 -1.4963 2.3625, 5.1772 -1.5793 2.1621, 5.1772 -1.5599 2.1551, 5.1772 -1.5009 2.3953, 5.1772 -1.4946 2.3948, 5.1772 -1.4777 2.3953, 5.1772 -1.4777 2.3899, 5.1772 -1.455 2.3953, 5.1772 -1.4663 2.3867, 5.1772 -1.4663 2.3506, 5.1772 -1.6702 2.0457, 5.1772 -1.5881 2.1294, 5.1772 -1.6129 2.1419, 5.1772 -1.6596 2.3033, 5.1772 -1.6469 2.333, 5.1772 -1.6276 2.3583, 5.1772 -1.4995 2.1256, 5.1772 -1.5402 2.1217, 5.1772 -1.5597 2.1228, 5.1772 -1.6319 2.1581, 5.1772 -1.6342 2.1607, 5.1772 -1.6501 2.1835, 5.1772 -1.6609 2.2114, 5.1772 -1.6661 2.2546, 5.1772 -1.6656 2.2685, 5.1772 -1.6217 2.3639, 5.1772 -1.5958 2.3821, 5.1772 -1.6742 1.7332, 5.1772 -1.6742 1.7028, 5.1772 -1.6702 1.7005, 5.1772 -1.6803 1.939, 5.1772 -1.7833 1.939, 5.1772 -1.7833 1.8535, 5.1772 -1.8178 1.7028, 5.1772 -1.6756 1.7005, 5.1772 -1.6756 1.7028, 5.1772 -1.7833 1.823, 5.1772 -1.7833 1.7332, 5.1772 -1.6879 1.823, 5.1772 -1.6756 1.7332, 5.1772 -1.6879 1.8535, 5.1772 -1.8178 1.9697, 5.1772 -1.6756 2.0457, 5.1772 -1.6803 1.9697, 5.1772 -1.6018 1.7006, 5.1772 -1.6146 1.7054, 5.1772 -1.6365 1.7273, 5.1772 -1.6406 1.7386, 5.1772 -1.6236 1.88, 5.1772 -1.6236 1.8475, 5.1772 -1.4777 1.7005, 5.1772 -1.4891 1.7028, 5.1772 -1.5225 1.7028, 5.1772 -1.5393 1.7128, 5.1772 -1.551 1.7051, 5.1772 -1.5636 1.7005, 5.1772 -1.6259 1.7133, 5.1772 -1.6296 1.717, 5.1772 -1.6422 1.7538, 5.1772 -1.6401 1.7721, 5.1772 -1.6355 1.7839, 5.1772 -1.6289 1.7935, 5.1772 -1.5384 1.896, 5.1772 -1.5242 1.8918, 5.1772 -1.513 1.8856, 5.1772 -1.504 1.8771, 5.1772 -1.4971 1.8664, 5.1772 -1.4918 1.8514, 5.1772 -1.4891 1.8254, 5.1772 -1.5225 1.7322, 5.1772 -1.5234 1.7322, 5.1772 -1.5287 1.7242, 5.1772 -1.6187 1.8024, 5.1772 -1.6045 1.8097, 5.1772 -1.6026 1.861, 5.1772 -1.579 1.816, 5.1772 -1.5498 1.8694, 5.1772 -1.5611 1.8706, 5.1772 -1.5817 1.8684, 5.1772 -1.6166 1.8841, 5.1772 -1.5917 1.8937, 5.1772 -1.558 1.8977, 5.1772 -1.5225 1.8239, 5.1772 -1.5237 1.8387, 5.1772 -1.5271 1.8506, 5.1772 -1.531 1.8575, 5.1772 -1.5361 1.8629, 5.1772 -1.542 1.8667, 5.1772 -1.5645 1.7002, 5.1772 -1.4777 1.5948, 5.1772 -1.6702 1.5948, 5.1772 -1.5818 1.6983, 5.1772 -1.6012 1.7005, 5.1772 -1.1493 1.8934, 5.1772 -1.1147 1.8934, 5.1772 -0.9942 1.9697, 5.1772 -1.1907 1.7005, 5.1772 -1.224 1.7005, 5.1772 -1.2229 1.7032, 5.1772 -1.2976 1.8934, 5.1772 -1.2602 1.8934, 5.1772 -1.2104 1.7501, 5.1772 -1.2014 1.7498, 5.1772 -1.2063 1.7344, 5.1772 -1.2055 1.7344, 5.1772 -1.2039 1.7409, 5.1772 -1.2503 1.6495, 5.1772 -1.2441 1.6565, 5.1772 -1.2375 1.6685, 5.1772 -1.0966 1.5948, 5.1772 -1.2557 1.6145, 5.1772 -1.2692 1.613, 5.1772 -1.2766 1.6132, 5.1772 -1.2907 1.6157, 5.1772 -1.2907 1.6454, 5.1772 -1.2839 1.6432, 5.1772 -1.2718 1.6416, 5.1772 -1.2012 1.674, 5.1772 -1.2163 1.6445, 5.1772 -1.2285 1.6298, 5.1772 -1.2308 1.6277, 5.1772 -1.2425 1.6196, 5.1772 -1.2637 1.6425, 5.1772 -1.2564 1.6453, 5.1772 -0.1618 2.3953, 5.1772 -0.1618 2.0457, 5.1772 -0.1618 1.7005, 5.1772 -0.2871 1.7005, 5.1772 -0.5141 1.9697, 5.1772 -0.4124 1.7028, 5.1772 -0.4777 1.7758, 5.1772 -0.5888 1.7758, 5.1772 -0.4505 1.7028, 5.1772 -0.6145 1.7028, 5.1772 -0.6526 1.7028, 5.1772 -0.5509 1.9697, 5.1772 -0.8851 2.3931, 5.1772 -0.8847 1.7028, 5.1772 -0.9942 1.823, 5.1772 -0.6761 1.7871, 5.1772 -0.6903 1.76, 5.1772 -0.7076 1.7401, 5.1772 -0.7357 1.72, 5.1772 -0.8847 1.9697, 5.1772 -0.8085 1.9697, 5.1772 -0.7678 1.9652, 5.1772 -0.7356 1.9534, 5.1772 -0.7076 1.9343, 5.1772 -0.6981 1.925, 5.1772 -0.6816 1.9017, 5.1772 -0.6718 1.8762, 5.1772 -0.6674 1.8396, 5.1772 -0.6687 1.8175, 5.1772 -0.9942 1.5948, 5.1772 -0.9099 1.5948, 5.1772 -0.66 1.5948, 5.1772 -0.2871 1.5948, 5.1772 -0.1618 1.5948, 5.1772 -1.489 2.1596, 5.1772 -1.4777 2.1649, 5.1772 -1.4693 2.3522, 5.1772 -1.455 1.5948, 5.1772 -1.4777 3.2576, 5.1772 -1.455 3.2576, 5.1772 -1.4283 3.2576, 5.1772 -1.3063 3.2576, 5.1772 -1.0966 3.2576, 5.1772 -0.9942 3.2576, 5.1772 -0.9099 3.2576, 5.1772 -0.66 3.2576, 5.1772 -0.2871 3.2576, 5.1772 -0.1618 3.2576, 5.1772 -1.6756 2.3953, 5.1772 -1.6756 1.1811, 5.1772 -1.6756 1.5948, 5.1772 -1.6702 1.1811, 5.1772 -1.4777 1.1811, 5.1772 -1.455 1.1811, 5.1772 -1.4283 1.1811, 5.1772 -1.3063 1.1811, 5.1772 -1.0966 1.1811, 5.1772 -0.9942 1.1811, 5.1772 -0.9099 1.1811, 5.1772 -0.66 1.1811, 5.1772 -0.2871 1.1811, 5.1772 -0.1618 1.1811, 5.1772 -1.7833 2.1566, 5.1772 -1.677 2.1566, 5.1772 -1.7833 2.3931, 5.1772 -1.8178 2.3931, 5.1772 -1.8178 2.1262, 5.1772 -1.677 2.1262, 5.1772 -1.6756 3.2576, 5.1772 -1.6702 3.2576, 5.1772 -1.5295 2.3976, 5.1772 -1.9271 5.0, 5.1772 -1.6756 5.0, 5.1772 -1.6702 5.0, 5.1772 -1.4777 5.0, 5.1772 -1.455 5.0, 5.1772 -1.4283 5.0, 5.1772 -1.3063 5.0, 5.1772 -1.0966 5.0, 5.1772 -0.9942 5.0, 5.1772 -0.9099 5.0, 5.1772 -0.66 5.0, 5.1772 -0.2871 5.0, 5.1772 -0.1618 5.0, 5.1772 -6.5791 1.1811, -3.1964 -4.2169 -0.8661, -3.2732 -4.2169 -0.8268, -3.1743 -3.9953 -1.063, -3.1061 -4.0419 -1.063, -3.0709 -4.0576 -1.063, -3.0709 -4.2169 -0.9107, -3.3307 -4.1723 -0.8268, -3.3805 -4.1159 -0.8268, -3.229 -3.9334 -1.063, -3.4239 -4.0668 -0.8268, -3.4617 -3.9936 -0.8268, -3.2668 -3.8601 -1.063, -3.4885 -3.9417 -0.8268, -3.5088 -3.8546 -0.8268, -3.2855 -3.7797 -1.063, -3.5205 -3.8045 -0.8268, -3.5187 -3.7081 -0.8268, -3.284 -3.6971 -1.063, -3.5179 -3.6637 -0.8268, -3.4907 -3.5638 -0.8268, -3.2624 -3.6175 -1.063, -3.4809 -3.5278 -0.8268, -3.4267 -3.4315 -0.8268, -3.2219 -3.5456 -1.063, -3.4118 -3.4051 -0.8268, -3.3308 -3.3199 -0.8268, -3.165 -3.4857 -1.063, -3.0709 -3.186 -0.8268, -3.0709 -3.4314 -1.063, -3.1957 -3.2279 -0.8268, -3.0952 -3.4417 -1.063, -3.2094 -3.2365 -0.8268, -3.3148 -3.3031 -0.8268, -2.8103 -3.4417 -1.063, -2.8346 -3.4314 -1.063, -2.8346 -3.186 -0.8268, -2.8346 -4.2169 -0.9107, -2.8346 -4.0576 -1.063, -2.7091 -4.2169 -0.8661, -2.7994 -4.0419 -1.063, -2.6323 -4.2169 -0.8268, -2.7312 -3.9953 -1.063, -2.7098 -3.2279 -0.8268, -2.6961 -3.2365 -0.8268, -2.7405 -3.4857 -1.063, -2.5907 -3.3031 -0.8268, -2.5748 -3.3199 -0.8268, -2.6837 -3.5456 -1.063, -2.4937 -3.4051 -0.8268, -2.4789 -3.4315 -0.8268, -2.6431 -3.6175 -1.063, -2.4246 -3.5278 -0.8268, -2.4148 -3.5638 -0.8268, -2.6215 -3.6971 -1.063, -2.3876 -3.6637 -0.8268, -2.3868 -3.7081 -0.8268, -2.62 -3.7797 -1.063, -2.3851 -3.8045 -0.8268, -2.3967 -3.8546 -0.8268, -2.6387 -3.8601 -1.063, -2.417 -3.9417 -0.8268, -2.4438 -3.9936 -0.8268, -2.6766 -3.9334 -1.063, -2.4816 -4.0668 -0.8268, -2.525 -4.1159 -0.8268, -2.5748 -4.1723 -0.8268, 2.815 -4.2169 -0.6693, 2.815 -4.2169 0.0, 2.6982 -4.1657 0.0, 3.0792 -3.2689 -0.6693, 3.0709 -3.2667 -0.6693, 3.0709 -3.2667 -0.2362, 2.6982 -4.1657 -0.6693, 2.5986 -4.0861 0.0, 2.5986 -4.0861 -0.6693, 2.5227 -3.9837 0.0, 2.5227 -3.9837 -0.6693, 2.4757 -3.8652 0.0, 2.4757 -3.8652 -0.6693, 2.4607 -3.7386 0.0, 2.4607 -3.7386 -0.6693, 2.4787 -3.6124 0.0, 2.4787 -3.6124 -0.6693, 2.5285 -3.495 0.0, 2.5285 -3.495 -0.6693, 2.6069 -3.3944 0.0, 2.6069 -3.3944 -0.6693, 2.7084 -3.3173 0.0, 2.7084 -3.3173 -0.6693, 2.8263 -3.2689 0.0, 2.8263 -3.2689 -0.6693, 2.8346 -3.2667 -0.6693, 2.8346 -3.2667 -0.2362, 2.9528 -3.2524 -0.2362, 2.9528 -3.2524 0.0, 3.0792 -3.2689 0.0, 3.1971 -3.3173 0.0, 3.1971 -3.3173 -0.6693, 3.2986 -3.3944 0.0, 3.2986 -3.3944 -0.6693, 3.377 -3.495 0.0, 3.377 -3.495 -0.6693, 3.4268 -3.6124 0.0, 3.4268 -3.6124 -0.6693, 3.4448 -3.7386 0.0, 3.4448 -3.7386 -0.6693, 3.4298 -3.8652 0.0, 3.4298 -3.8652 -0.6693, 3.3828 -3.9837 0.0, 3.3828 -3.9837 -0.6693, 3.3069 -4.0861 0.0, 3.3069 -4.0861 -0.6693, 3.2073 -4.1657 0.0, 3.2073 -4.1657 -0.6693, 3.0906 -4.2169 0.0, 3.0906 -4.2169 -0.6693, 2.6323 -4.2169 -0.8268, 2.6323 -4.2169 -0.6693, 2.5748 -4.1723 -0.8268, 2.5217 -4.1188 -0.6693, 2.525 -4.1159 -0.8268, 2.4816 -4.0668 -0.8268, 2.4401 -3.9956 -0.6693, 2.4438 -3.9936 -0.8268, 2.417 -3.9417 -0.8268, 2.3928 -3.8555 -0.6693, 2.3967 -3.8546 -0.8268, 2.3851 -3.8045 -0.8268, 2.3831 -3.708 -0.6693, 2.3868 -3.7081 -0.8268, 2.3876 -3.6637 -0.8268, 2.4115 -3.5629 -0.6693, 2.4148 -3.5638 -0.8268, 2.4246 -3.5278 -0.8268, 2.4763 -3.43 -0.6693, 2.4789 -3.4315 -0.8268, 2.4937 -3.4051 -0.8268, 2.573 -3.3182 -0.6693, 2.5748 -3.3199 -0.8268, 2.5907 -3.3031 -0.8268, 2.6952 -3.235 -0.6693, 2.6961 -3.2365 -0.8268, 2.7098 -3.2279 -0.8268, 2.8346 -3.186 -0.6693, 2.8346 -3.186 -0.8268, 3.0709 -3.186 -0.8268, 3.0709 -3.186 -0.6693, 3.1957 -3.2279 -0.8268, 3.2103 -3.235 -0.6693, 3.2094 -3.2365 -0.8268, 3.3148 -3.3031 -0.8268, 3.3325 -3.3182 -0.6693, 3.3308 -3.3199 -0.8268, 3.4118 -3.4051 -0.8268, 3.4292 -3.43 -0.6693, 3.4267 -3.4315 -0.8268, 3.4809 -3.5278 -0.8268, 3.494 -3.5629 -0.6693, 3.4907 -3.5638 -0.8268, 3.5179 -3.6637 -0.8268, 3.5225 -3.708 -0.6693, 3.5187 -3.7081 -0.8268, 3.5205 -3.8045 -0.8268, 3.5127 -3.8555 -0.6693, 3.5088 -3.8546 -0.8268, 3.4885 -3.9417 -0.8268, 3.4654 -3.9956 -0.6693, 3.4617 -3.9936 -0.8268, 3.4239 -4.0668 -0.8268, 3.3838 -4.1188 -0.6693, 3.3805 -4.1159 -0.8268, 3.3307 -4.1723 -0.8268, 3.2732 -4.2169 -0.6693, 3.2732 -4.2169 -0.8268, 2.7091 -4.2169 -0.8661, 2.7312 -3.9953 -1.063, 2.7994 -4.0419 -1.063, 2.8346 -4.0576 -1.063, 2.8346 -4.2169 -0.9107, 2.6766 -3.9334 -1.063, 2.6387 -3.8601 -1.063, 2.62 -3.7797 -1.063, 2.6215 -3.6971 -1.063, 2.6431 -3.6175 -1.063, 2.6837 -3.5456 -1.063, 2.7405 -3.4857 -1.063, 2.8346 -3.4314 -1.063, 2.8103 -3.4417 -1.063, 3.0952 -3.4417 -1.063, 3.0709 -3.4314 -1.063, 3.0709 -4.2169 -0.9107, 3.0709 -4.0576 -1.063, 3.1964 -4.2169 -0.8661, 3.1061 -4.0419 -1.063, 3.1743 -3.9953 -1.063, 3.165 -3.4857 -1.063, 3.2219 -3.5456 -1.063, 3.2624 -3.6175 -1.063, 3.284 -3.6971 -1.063, 3.2855 -3.7797 -1.063, 3.2668 -3.8601 -1.063, 3.229 -3.9334 -1.063, -3.0906 -4.2169 -0.6693, -3.0906 -4.2169 0.0, -3.2073 -4.1657 0.0, -2.8263 -3.2689 -0.6693, -2.8346 -3.2667 -0.6693, -2.8346 -3.2667 -0.2362, -3.2073 -4.1657 -0.6693, -3.3069 -4.0861 0.0, -3.3069 -4.0861 -0.6693, -3.3828 -3.9837 0.0, -3.3828 -3.9837 -0.6693, -3.4298 -3.8652 0.0, -3.4298 -3.8652 -0.6693, -3.4448 -3.7386 0.0, -3.4448 -3.7386 -0.6693, -3.4268 -3.6124 0.0, -3.4268 -3.6124 -0.6693, -3.377 -3.495 0.0, -3.377 -3.495 -0.6693, -3.2986 -3.3944 0.0, -3.2986 -3.3944 -0.6693, -3.1971 -3.3173 0.0, -3.1971 -3.3173 -0.6693, -3.0792 -3.2689 0.0, -3.0792 -3.2689 -0.6693, -3.0709 -3.2667 -0.6693, -3.0709 -3.2667 -0.2362, -2.9528 -3.2524 -0.2362, -2.9528 -3.2524 0.0, -2.8263 -3.2689 0.0, -2.7084 -3.3173 0.0, -2.7084 -3.3173 -0.6693, -2.6069 -3.3944 0.0, -2.6069 -3.3944 -0.6693, -2.5285 -3.495 0.0, -2.5285 -3.495 -0.6693, -2.4787 -3.6124 0.0, -2.4787 -3.6124 -0.6693, -2.4607 -3.7386 0.0, -2.4607 -3.7386 -0.6693, -2.4757 -3.8652 0.0, -2.4757 -3.8652 -0.6693, -2.5227 -3.9837 0.0, -2.5227 -3.9837 -0.6693, -2.5986 -4.0861 0.0, -2.5986 -4.0861 -0.6693, -2.6982 -4.1657 0.0, -2.6982 -4.1657 -0.6693, -2.815 -4.2169 0.0, -2.815 -4.2169 -0.6693, -3.2732 -4.2169 -0.6693, -3.3838 -4.1188 -0.6693, -3.4654 -3.9956 -0.6693, -3.5127 -3.8555 -0.6693, -3.5225 -3.708 -0.6693, -3.494 -3.5629 -0.6693, -3.4292 -3.43 -0.6693, -3.3325 -3.3182 -0.6693, -3.2103 -3.235 -0.6693, -3.0709 -3.186 -0.6693, -2.8346 -3.186 -0.6693, -2.6952 -3.235 -0.6693, -2.573 -3.3182 -0.6693, -2.4763 -3.43 -0.6693, -2.4115 -3.5629 -0.6693, -2.3831 -3.708 -0.6693, -2.3928 -3.8555 -0.6693, -2.4401 -3.9956 -0.6693, -2.5217 -4.1188 -0.6693, -2.6323 -4.2169 -0.6693, -3.0709 -4.2169 -0.2362, -2.8346 -4.2169 -0.2362, 3.0709 -4.2169 -0.2362, 2.8346 -4.2169 -0.2362, 4.4554 -1.1067 0.7218, 4.5586 -1.1067 0.8563, 3.1496 -1.1067 2.1654, -3.1496 -1.1067 2.1654, -3.9961 -1.1067 0.5315, -2.3622 -1.1067 2.1654, 3.9961 -1.1067 0.5315, -3.1496 -1.1067 3.7402, -4.6457 -1.1067 4.7799, -4.6457 -1.1067 1.1811, -4.6235 -1.1067 1.013, -4.5586 -1.1067 0.8563, -4.4554 -1.1067 0.7218, -4.3209 -1.1067 0.6185, -4.1642 -1.1067 0.5536, 0.3937 -1.1067 5.315, 2.4767 -1.1067 6.9488, -0.3937 -1.1067 5.315, -2.4767 -1.1067 6.9488, 4.1642 -1.1067 0.5536, 4.3209 -1.1067 0.6185, 0.3937 -1.1067 3.7402, 2.3622 -1.1067 2.1654, 2.3622 -1.1067 3.7402, 3.1496 -1.1067 3.7402, 4.6235 -1.1067 1.013, 4.6457 -1.1067 1.1811, 4.6457 -1.1067 4.7799, -0.3937 -1.1067 3.7402, -2.3622 -1.1067 3.7402, -2.9921 0.1532 -2.3228, -2.9921 0.1532 0.3937, -2.5197 0.1532 0.3937, -2.3622 0.1532 1.9685, -2.3622 0.1532 0.3937, -3.1496 0.1532 0.3937, -3.1496 0.1532 1.9685, -3.1496 0.1532 2.3854, -1.9685 0.1532 1.9685, -2.3622 0.1532 2.3854, -1.9685 0.1532 3.5433, -2.3622 0.1532 3.1728, -3.5433 0.1532 3.5433, -3.1496 0.1532 3.1728, -3.5433 0.1532 1.9685, -2.6948 0.1532 -2.551, -2.7559 0.1532 -2.5591, -2.817 0.1532 -2.551, -2.874 0.1532 -2.5274, -2.5197 0.1532 -2.3228, -2.5277 0.1532 -2.384, -2.5513 0.1532 -2.4409, -2.9229 0.1532 -2.4899, -2.9605 0.1532 -2.4409, -2.9841 0.1532 -2.384, -2.5889 0.1532 -2.4899, -2.6378 0.1532 -2.5274
            ]
        }
        coordIndex [
            0,1,2,-1,3,4,5,-1,6,7,8,-1,9,10,11,-1,12,13,14,-1,15,16,17,-1,18,19,20,-1,20,19,21,-1,20,21,22,-1,23,24,25,-1,25,24,20,-1,25,20,26,-1,26,20,27,-1,22,28,20,-1,20,28,29,-1,20,29,27,-1,30,18,31,-1,32,33,34,-1,34,33,31,-1,31,33,35,-1,31,35,30,-1,32,34,36,-1,36,34,37,-1,36,37,38,-1,37,39,40,-1,37,41,38,-1,38,41,42,-1,38,42,43,-1,43,42,44,-1,43,44,45,-1,40,46,37,-1,37,46,47,-1,37,47,41,-1,48,49,50,-1,48,50,51,-1,49,52,50,-1,50,52,53,-1,50,53,54,-1,54,53,55,-1,55,56,54,-1,54,56,57,-1,54,57,37,-1,37,57,58,-1,37,58,39,-1,59,51,60,-1,60,51,50,-1,60,50,61,-1,61,50,62,-1,61,62,63,-1,63,62,64,-1,65,66,62,-1,62,66,67,-1,62,67,64,-1,68,69,70,-1,70,69,71,-1,70,71,65,-1,65,71,72,-1,65,72,66,-1,73,74,75,-1,75,74,76,-1,76,77,75,-1,75,77,78,-1,75,78,68,-1,79,80,81,-1,82,83,84,-1,85,86,87,-1,87,86,88,-1,79,81,89,-1,82,84,90,-1,91,92,86,-1,86,92,93,-1,86,93,94,-1,23,95,24,-1,24,95,96,-1,24,96,84,-1,84,96,97,-1,84,97,90,-1,80,98,81,-1,81,98,99,-1,81,99,100,-1,101,102,103,-1,103,102,104,-1,103,104,105,-1,106,94,107,-1,107,94,108,-1,107,108,103,-1,103,108,109,-1,103,109,101,-1,106,110,94,-1,94,110,111,-1,94,111,86,-1,86,111,112,-1,86,112,88,-1,113,114,115,-1,115,114,116,-1,115,116,81,-1,81,116,117,-1,81,117,89,-1,118,119,81,-1,81,119,120,-1,81,120,86,-1,86,120,121,-1,86,121,91,-1,122,123,73,-1,73,123,124,-1,73,124,125,-1,125,126,73,-1,73,126,127,-1,73,127,128,-1,128,127,113,-1,128,113,129,-1,129,113,115,-1,83,130,84,-1,84,130,131,-1,84,131,73,-1,73,131,132,-1,73,132,122,-1,100,133,81,-1,81,133,134,-1,81,134,135,-1,135,136,81,-1,81,136,137,-1,81,137,118,-1,138,139,140,-1,139,141,140,-1,140,141,142,-1,140,142,143,-1,93,140,94,-1,94,140,144,-1,94,144,145,-1,146,147,148,-1,148,147,149,-1,148,149,150,-1,146,148,93,-1,93,148,151,-1,93,151,140,-1,140,151,152,-1,140,152,138,-1,153,154,155,-1,155,154,156,-1,155,156,157,-1,143,142,158,-1,158,142,159,-1,158,159,160,-1,160,159,161,-1,160,161,162,-1,145,163,94,-1,94,163,155,-1,94,155,164,-1,164,155,157,-1,165,166,167,-1,168,169,170,-1,171,168,172,-1,172,168,170,-1,172,170,173,-1,167,166,174,-1,175,176,177,-1,170,178,173,-1,173,178,179,-1,173,179,180,-1,166,181,174,-1,174,181,182,-1,174,182,183,-1,183,182,184,-1,17,16,185,-1,185,16,186,-1,185,186,187,-1,188,189,190,-1,191,192,187,-1,193,194,195,-1,191,187,196,-1,193,195,187,-1,187,195,197,-1,187,197,196,-1,198,199,200,-1,199,198,13,-1,13,198,201,-1,13,201,14,-1,202,203,14,-1,204,205,206,-1,207,208,14,-1,14,208,209,-1,189,210,190,-1,190,210,211,-1,190,211,206,-1,206,211,212,-1,206,212,204,-1,205,213,206,-1,206,213,214,-1,206,214,215,-1,215,214,216,-1,215,216,202,-1,217,218,203,-1,203,218,219,-1,203,219,14,-1,14,219,220,-1,14,220,207,-1,209,221,14,-1,14,221,222,-1,14,222,12,-1,223,224,225,-1,225,224,226,-1,225,226,227,-1,225,228,223,-1,223,228,229,-1,223,229,230,-1,230,231,223,-1,223,231,232,-1,223,232,233,-1,233,232,234,-1,233,234,235,-1,235,234,236,-1,235,236,203,-1,203,236,237,-1,203,237,217,-1,238,239,227,-1,227,239,240,-1,227,240,225,-1,241,242,194,-1,194,242,243,-1,194,243,195,-1,241,244,242,-1,242,244,245,-1,242,245,246,-1,246,245,247,-1,246,248,249,-1,247,250,246,-1,246,250,251,-1,246,251,252,-1,252,253,246,-1,246,253,254,-1,246,254,248,-1,249,255,246,-1,246,255,256,-1,246,256,257,-1,258,259,260,-1,260,259,168,-1,260,168,261,-1,261,168,262,-1,261,262,263,-1,259,264,168,-1,168,264,265,-1,168,265,266,-1,266,265,9,-1,266,9,267,-1,267,9,11,-1,268,269,270,-1,268,271,272,-1,272,271,273,-1,274,275,271,-1,271,275,276,-1,271,276,273,-1,277,269,278,-1,278,269,268,-1,278,268,279,-1,279,268,272,-1,279,272,280,-1,281,282,283,-1,284,285,267,-1,266,286,287,-1,284,267,288,-1,287,289,266,-1,266,289,290,-1,266,290,281,-1,281,290,291,-1,281,291,282,-1,274,292,275,-1,275,292,293,-1,275,293,267,-1,267,293,294,-1,267,294,288,-1,285,295,267,-1,267,295,296,-1,267,296,266,-1,266,296,297,-1,266,297,286,-1,278,298,277,-1,277,298,299,-1,277,299,300,-1,272,301,280,-1,280,301,302,-1,280,302,303,-1,304,305,276,-1,276,305,306,-1,276,306,273,-1,283,268,281,-1,281,268,270,-1,281,270,215,-1,215,270,307,-1,215,307,206,-1,206,307,308,-1,309,62,310,-1,310,62,50,-1,310,50,311,-1,311,50,54,-1,311,54,312,-1,312,54,37,-1,312,37,313,-1,313,37,34,-1,313,34,314,-1,314,315,316,-1,316,315,317,-1,316,317,318,-1,318,317,319,-1,318,319,320,-1,320,319,321,-1,320,321,322,-1,322,321,323,-1,322,323,324,-1,324,323,325,-1,324,325,326,-1,326,325,327,-1,328,329,330,-1,330,329,190,-1,330,190,331,-1,331,190,332,-1,333,334,335,-1,333,336,337,-1,333,338,339,-1,340,341,342,-1,342,341,343,-1,342,343,344,-1,337,345,333,-1,333,345,346,-1,333,346,338,-1,339,347,333,-1,333,347,348,-1,333,348,349,-1,336,333,342,-1,342,333,350,-1,342,350,340,-1,349,351,333,-1,333,351,352,-1,333,352,334,-1,353,354,355,-1,355,354,356,-1,355,356,357,-1,357,356,358,-1,357,358,359,-1,360,361,362,-1,363,364,8,-1,8,364,365,-1,328,366,329,-1,329,366,367,-1,329,367,360,-1,360,367,368,-1,360,368,361,-1,362,369,360,-1,360,369,370,-1,360,370,371,-1,371,372,360,-1,360,372,373,-1,360,373,8,-1,8,373,374,-1,8,374,363,-1,365,375,8,-1,8,375,376,-1,8,376,6,-1,377,378,379,-1,380,381,382,-1,383,84,384,-1,379,378,384,-1,384,378,385,-1,384,385,383,-1,386,387,388,-1,388,387,389,-1,388,389,390,-1,84,383,24,-1,24,383,391,-1,24,391,392,-1,392,391,393,-1,392,393,380,-1,394,395,379,-1,379,396,397,-1,389,377,360,-1,360,377,379,-1,360,379,398,-1,398,379,399,-1,400,401,402,-1,403,404,402,-1,402,404,405,-1,402,405,400,-1,395,406,379,-1,379,406,407,-1,379,407,396,-1,397,408,379,-1,379,408,409,-1,379,409,399,-1,399,409,410,-1,399,410,411,-1,412,413,329,-1,329,413,414,-1,329,414,415,-1,415,416,329,-1,329,416,417,-1,329,417,418,-1,419,420,402,-1,402,420,421,-1,402,421,403,-1,411,422,399,-1,399,422,423,-1,399,423,424,-1,424,423,425,-1,426,427,425,-1,425,427,428,-1,425,428,424,-1,398,429,360,-1,360,429,430,-1,360,430,329,-1,329,430,431,-1,329,431,412,-1,432,433,425,-1,425,433,434,-1,425,434,435,-1,435,436,425,-1,425,436,437,-1,425,437,426,-1,405,438,439,-1,439,438,440,-1,440,438,441,-1,440,441,442,-1,443,444,281,-1,169,168,445,-1,445,168,266,-1,445,266,184,-1,184,266,281,-1,184,281,183,-1,183,281,444,-1,183,444,446,-1,447,448,14,-1,14,448,449,-1,202,14,215,-1,215,14,449,-1,215,449,281,-1,281,449,450,-1,281,450,443,-1,443,450,451,-1,443,451,452,-1,453,454,451,-1,451,454,455,-1,451,455,452,-1,456,457,14,-1,14,457,458,-1,14,458,447,-1,459,460,201,-1,201,460,461,-1,201,461,462,-1,462,463,201,-1,201,463,464,-1,201,464,14,-1,14,464,465,-1,14,465,466,-1,446,467,459,-1,459,467,468,-1,459,468,469,-1,469,470,459,-1,459,470,471,-1,459,471,460,-1,466,472,14,-1,14,472,473,-1,14,473,456,-1,474,4,475,-1,475,4,3,-1,475,3,476,-1,476,3,477,-1,477,3,478,-1,477,478,479,-1,480,481,482,-1,482,481,483,-1,479,482,477,-1,477,482,483,-1,477,483,2,-1,2,483,484,-1,2,484,262,-1,262,484,485,-1,10,486,11,-1,11,486,263,-1,11,263,5,-1,5,263,262,-1,5,262,3,-1,3,262,485,-1,3,485,478,-1,2,1,167,-1,1,487,167,-1,167,487,168,-1,167,168,165,-1,165,168,171,-1,165,171,177,-1,177,171,488,-1,177,488,175,-1,2,489,490,-1,490,491,2,-1,2,491,492,-1,2,492,0,-1,487,493,168,-1,168,493,494,-1,168,494,262,-1,262,494,495,-1,262,495,496,-1,496,497,262,-1,262,497,498,-1,262,498,499,-1,499,500,262,-1,262,500,501,-1,262,501,2,-1,2,501,502,-1,2,502,489,-1,446,459,183,-1,183,459,503,-1,183,503,174,-1,174,503,504,-1,174,504,167,-1,167,504,505,-1,167,505,2,-1,2,505,506,-1,2,506,477,-1,477,506,507,-1,477,507,476,-1,335,508,333,-1,333,508,509,-1,333,509,510,-1,510,509,332,-1,510,332,359,-1,359,332,190,-1,359,190,357,-1,357,190,206,-1,357,206,304,-1,304,206,308,-1,304,308,305,-1,405,439,400,-1,400,439,511,-1,400,511,185,-1,185,511,198,-1,185,198,17,-1,17,198,200,-1,17,200,15,-1,192,188,187,-1,187,188,190,-1,187,190,185,-1,185,190,329,-1,185,329,400,-1,400,329,418,-1,400,418,401,-1,353,355,512,-1,512,355,357,-1,512,357,513,-1,513,357,304,-1,513,304,514,-1,514,304,276,-1,514,276,515,-1,515,276,275,-1,515,275,516,-1,516,275,267,-1,516,267,517,-1,517,267,11,-1,517,11,518,-1,518,11,5,-1,518,5,519,-1,519,5,4,-1,519,4,520,-1,520,4,474,-1,520,474,521,-1,8,522,360,-1,360,522,392,-1,360,392,389,-1,389,392,380,-1,389,380,390,-1,390,380,382,-1,68,70,75,-1,75,70,523,-1,75,523,524,-1,524,523,525,-1,524,525,440,-1,440,525,526,-1,440,526,439,-1,439,526,527,-1,439,527,511,-1,511,527,528,-1,511,528,198,-1,198,528,529,-1,198,529,201,-1,201,529,530,-1,201,530,459,-1,459,530,531,-1,459,531,503,-1,503,531,532,-1,503,532,504,-1,504,532,533,-1,504,533,505,-1,505,533,534,-1,505,534,506,-1,506,534,535,-1,506,535,507,-1,73,75,84,-1,84,75,524,-1,84,524,384,-1,384,524,440,-1,384,440,379,-1,379,440,442,-1,379,442,394,-1,536,537,538,-1,538,537,522,-1,538,522,539,-1,539,522,20,-1,539,20,540,-1,540,20,24,-1,540,24,541,-1,541,24,392,-1,541,392,537,-1,537,392,522,-1,18,20,31,-1,31,20,522,-1,31,522,542,-1,542,522,8,-1,542,8,543,-1,543,8,7,-1,543,7,512,-1,512,7,544,-1,512,544,353,-1,314,34,315,-1,315,34,31,-1,315,31,545,-1,545,31,542,-1,545,542,546,-1,546,542,543,-1,546,543,547,-1,547,543,512,-1,547,512,548,-1,548,512,513,-1,548,513,549,-1,549,513,514,-1,549,514,550,-1,550,514,515,-1,550,515,551,-1,551,515,516,-1,551,516,552,-1,552,516,517,-1,552,517,553,-1,553,517,518,-1,553,518,554,-1,554,518,519,-1,554,519,555,-1,555,519,520,-1,555,520,556,-1,556,520,521,-1,556,521,557,-1,309,326,62,-1,62,326,327,-1,62,327,65,-1,65,327,558,-1,559,560,561,-1,561,562,559,-1,559,562,563,-1,559,563,564,-1,560,565,561,-1,561,565,566,-1,561,566,567,-1,566,568,567,-1,567,568,569,-1,567,569,570,-1,569,571,570,-1,570,571,572,-1,570,572,573,-1,572,574,573,-1,573,574,575,-1,573,575,576,-1,575,577,576,-1,576,577,578,-1,576,578,579,-1,578,580,579,-1,579,580,581,-1,579,581,582,-1,581,583,582,-1,582,583,584,-1,582,584,585,-1,586,587,588,-1,588,587,589,-1,588,589,590,-1,590,589,585,-1,590,585,591,-1,591,585,584,-1,592,593,594,-1,595,596,597,-1,597,596,598,-1,597,598,599,-1,599,598,600,-1,594,601,592,-1,592,601,602,-1,592,602,603,-1,602,604,603,-1,603,604,605,-1,603,605,606,-1,605,607,606,-1,606,607,608,-1,606,608,609,-1,608,610,609,-1,609,610,611,-1,609,611,612,-1,611,613,612,-1,612,613,614,-1,612,614,615,-1,614,616,615,-1,615,616,617,-1,615,617,618,-1,617,619,618,-1,618,619,620,-1,618,620,621,-1,620,622,621,-1,621,622,623,-1,621,623,600,-1,600,623,624,-1,600,624,599,-1,625,626,627,-1,628,629,630,-1,625,627,631,-1,631,627,632,-1,631,632,633,-1,633,632,634,-1,633,634,635,-1,635,634,636,-1,635,636,637,-1,637,636,638,-1,637,638,639,-1,639,638,640,-1,639,640,641,-1,641,640,642,-1,641,642,643,-1,643,642,644,-1,643,644,645,-1,645,644,646,-1,645,646,647,-1,647,646,648,-1,647,648,649,-1,650,649,651,-1,651,649,648,-1,651,648,652,-1,652,648,653,-1,652,653,630,-1,630,653,654,-1,630,654,628,-1,628,654,655,-1,628,655,656,-1,656,655,657,-1,656,657,658,-1,658,657,659,-1,658,659,660,-1,660,659,661,-1,660,661,662,-1,662,661,663,-1,662,663,664,-1,664,663,665,-1,664,665,666,-1,666,665,667,-1,666,667,668,-1,668,667,669,-1,668,669,670,-1,670,669,671,-1,670,671,672,-1,672,671,673,-1,672,673,674,-1,675,676,677,-1,677,676,678,-1,677,678,679,-1,679,678,680,-1,680,678,681,-1,680,681,682,-1,682,681,683,-1,683,681,684,-1,683,684,685,-1,685,684,686,-1,686,684,687,-1,686,687,688,-1,688,687,689,-1,689,687,690,-1,689,690,691,-1,691,690,692,-1,692,690,693,-1,692,693,694,-1,694,693,695,-1,695,693,696,-1,695,696,697,-1,697,696,698,-1,698,696,699,-1,698,699,700,-1,700,699,701,-1,701,699,702,-1,701,702,703,-1,704,705,706,-1,706,705,707,-1,706,707,708,-1,708,707,709,-1,709,707,710,-1,709,710,711,-1,711,710,712,-1,712,710,713,-1,712,713,714,-1,714,713,715,-1,715,713,716,-1,715,716,717,-1,717,716,718,-1,718,716,719,-1,718,719,720,-1,720,719,721,-1,721,719,722,-1,721,722,723,-1,723,722,724,-1,724,722,725,-1,724,725,726,-1,726,725,727,-1,727,725,728,-1,727,728,729,-1,729,728,730,-1,730,728,731,-1,730,731,732,-1,676,625,631,-1,676,631,678,-1,678,631,633,-1,678,633,681,-1,681,633,635,-1,681,635,684,-1,684,635,637,-1,684,637,687,-1,687,637,639,-1,687,639,690,-1,690,639,641,-1,690,641,693,-1,693,641,643,-1,693,643,696,-1,696,643,645,-1,696,645,699,-1,699,645,647,-1,699,647,702,-1,702,647,649,-1,702,649,650,-1,672,674,731,-1,672,731,670,-1,670,731,728,-1,670,728,668,-1,668,728,725,-1,668,725,666,-1,666,725,722,-1,666,722,664,-1,664,722,719,-1,664,719,662,-1,662,719,716,-1,662,716,660,-1,660,716,713,-1,660,713,658,-1,658,713,710,-1,658,710,656,-1,656,710,707,-1,656,707,628,-1,628,707,705,-1,628,705,629,-1,733,675,734,-1,734,735,733,-1,733,735,736,-1,733,736,737,-1,675,677,734,-1,734,677,679,-1,734,679,738,-1,679,680,738,-1,738,680,682,-1,738,682,739,-1,682,683,739,-1,739,683,685,-1,739,685,740,-1,685,686,740,-1,740,686,688,-1,740,688,741,-1,688,689,741,-1,741,689,691,-1,741,691,742,-1,691,692,742,-1,742,692,694,-1,742,694,743,-1,694,695,743,-1,743,695,697,-1,743,697,744,-1,703,745,701,-1,701,745,746,-1,701,746,700,-1,700,746,744,-1,700,744,698,-1,698,744,697,-1,747,748,704,-1,749,750,751,-1,751,750,752,-1,751,752,732,-1,732,752,753,-1,704,706,747,-1,747,706,708,-1,747,708,754,-1,708,709,754,-1,754,709,711,-1,754,711,755,-1,711,712,755,-1,755,712,714,-1,755,714,756,-1,714,715,756,-1,756,715,717,-1,756,717,757,-1,717,718,757,-1,757,718,720,-1,757,720,758,-1,720,721,758,-1,758,721,723,-1,758,723,759,-1,723,724,759,-1,759,724,726,-1,759,726,760,-1,726,727,760,-1,760,727,729,-1,760,729,753,-1,753,729,730,-1,753,730,732,-1,761,762,763,-1,764,765,766,-1,761,763,767,-1,767,763,768,-1,767,768,769,-1,769,768,770,-1,769,770,771,-1,771,770,772,-1,771,772,773,-1,773,772,774,-1,773,774,775,-1,775,774,776,-1,775,776,777,-1,777,776,778,-1,777,778,779,-1,779,778,780,-1,779,780,781,-1,781,780,782,-1,781,782,783,-1,783,782,784,-1,783,784,785,-1,786,785,787,-1,787,785,784,-1,787,784,788,-1,788,784,789,-1,788,789,766,-1,766,789,790,-1,766,790,764,-1,764,790,791,-1,764,791,792,-1,792,791,793,-1,792,793,794,-1,794,793,795,-1,794,795,796,-1,796,795,797,-1,796,797,798,-1,798,797,799,-1,798,799,800,-1,800,799,801,-1,800,801,802,-1,802,801,803,-1,802,803,804,-1,804,803,805,-1,804,805,806,-1,806,805,807,-1,806,807,808,-1,808,807,809,-1,808,809,810,-1,560,811,565,-1,565,811,812,-1,565,812,566,-1,566,812,568,-1,568,812,813,-1,568,813,569,-1,569,813,571,-1,571,813,814,-1,571,814,572,-1,572,814,574,-1,574,814,815,-1,574,815,575,-1,575,815,577,-1,577,815,816,-1,577,816,578,-1,578,816,580,-1,580,816,817,-1,580,817,581,-1,581,817,583,-1,583,817,818,-1,583,818,584,-1,584,818,591,-1,591,818,819,-1,591,819,590,-1,590,819,588,-1,588,819,820,-1,588,820,586,-1,594,821,601,-1,601,821,822,-1,601,822,602,-1,602,822,604,-1,604,822,823,-1,604,823,605,-1,605,823,607,-1,607,823,824,-1,607,824,608,-1,608,824,610,-1,610,824,825,-1,610,825,611,-1,611,825,613,-1,613,825,826,-1,613,826,614,-1,614,826,616,-1,616,826,827,-1,616,827,617,-1,617,827,619,-1,619,827,828,-1,619,828,620,-1,620,828,622,-1,622,828,829,-1,622,829,623,-1,623,829,624,-1,624,829,830,-1,624,830,599,-1,811,761,767,-1,811,767,812,-1,812,767,769,-1,812,769,813,-1,813,769,771,-1,813,771,814,-1,814,771,773,-1,814,773,815,-1,815,773,775,-1,815,775,816,-1,816,775,777,-1,816,777,817,-1,817,777,779,-1,817,779,818,-1,818,779,781,-1,818,781,819,-1,819,781,783,-1,819,783,820,-1,820,783,785,-1,820,785,786,-1,808,810,830,-1,808,830,806,-1,806,830,829,-1,806,829,804,-1,804,829,828,-1,804,828,802,-1,802,828,827,-1,802,827,800,-1,800,827,826,-1,800,826,798,-1,798,826,825,-1,798,825,796,-1,796,825,824,-1,796,824,794,-1,794,824,823,-1,794,823,792,-1,792,823,822,-1,792,822,764,-1,764,822,821,-1,764,821,765,-1,563,786,564,-1,564,786,787,-1,564,787,831,-1,563,587,786,-1,786,587,586,-1,786,586,820,-1,765,821,594,-1,832,766,595,-1,595,766,765,-1,595,765,596,-1,596,765,594,-1,596,594,593,-1,766,832,788,-1,788,832,831,-1,788,831,787,-1,630,833,652,-1,652,833,834,-1,652,834,651,-1,736,650,737,-1,737,650,651,-1,737,651,834,-1,736,745,650,-1,650,745,703,-1,650,703,702,-1,629,705,704,-1,833,630,749,-1,749,630,629,-1,749,629,750,-1,750,629,704,-1,750,704,748,-1,589,587,563,-1,563,562,589,-1,589,562,561,-1,589,561,567,-1,579,582,576,-1,576,582,573,-1,567,570,589,-1,589,570,573,-1,589,573,585,-1,585,573,582,-1,596,593,592,-1,600,598,609,-1,609,598,606,-1,596,592,598,-1,598,592,603,-1,598,603,606,-1,609,612,615,-1,615,618,609,-1,609,618,621,-1,609,621,600,-1,742,743,735,-1,745,736,746,-1,746,736,735,-1,746,735,744,-1,744,735,743,-1,739,740,738,-1,738,740,734,-1,734,740,735,-1,735,740,741,-1,735,741,742,-1,754,752,747,-1,747,752,750,-1,747,750,748,-1,754,755,752,-1,752,755,756,-1,752,756,753,-1,753,756,760,-1,760,756,759,-1,759,756,757,-1,759,757,758,-1,835,836,837,-1,838,839,840,-1,840,839,841,-1,842,843,838,-1,838,843,844,-1,844,845,838,-1,838,845,846,-1,838,846,847,-1,847,848,838,-1,838,848,849,-1,838,849,839,-1,850,851,852,-1,852,851,853,-1,841,854,837,-1,837,854,855,-1,837,855,835,-1,856,857,850,-1,850,857,858,-1,850,858,851,-1,851,858,859,-1,836,860,837,-1,837,860,861,-1,837,861,859,-1,859,861,862,-1,859,862,851,-1,837,857,841,-1,841,857,856,-1,841,856,840,-1,840,856,863,-1,840,863,864,-1,864,863,852,-1,864,852,842,-1,842,852,853,-1,842,853,843,-1,865,866,867,-1,867,866,868,-1,867,868,869,-1,866,870,871,-1,866,871,868,-1,868,871,872,-1,868,872,873,-1,873,872,874,-1,873,874,875,-1,875,874,876,-1,875,876,877,-1,877,876,878,-1,877,878,879,-1,879,878,872,-1,879,872,871,-1,880,881,865,-1,865,881,882,-1,865,882,883,-1,867,884,865,-1,865,884,885,-1,865,885,886,-1,883,887,865,-1,865,887,888,-1,865,888,889,-1,886,890,865,-1,865,890,891,-1,865,891,880,-1,
        ]
    }
}
Shape{
    appearance Appearance {
        material  Material 	{
            diffuseColor 0.7529411764705882 0.7529411764705882 0.7529411764705882
            specularColor 0.3764705882352941 0.3764705882352941 0.3764705882352941
            ambientIntensity 0.7529
            transparency 0.0
            shininess 0.5
        }
    }
    geometry IndexedFaceSet {
        ccw TRUE
        solid FALSE
        coord DEF co Coordinate {
            point [
                2.5197 0.1532 -2.3228, 2.5197 0.1532 0.3937, 2.9921 0.1532 0.3937, 3.1496 0.1532 1.9685, 3.1496 0.1532 0.3937, 2.3622 0.1532 0.3937, 2.3622 0.1532 1.9685, 2.3622 0.1532 2.3854, 3.5433 0.1532 1.9685, 3.1496 0.1532 2.3854, 3.5433 0.1532 3.5433, 3.1496 0.1532 3.1728, 1.9685 0.1532 3.5433, 2.3622 0.1532 3.1728, 1.9685 0.1532 1.9685, 2.817 0.1532 -2.551, 2.7559 0.1532 -2.5591, 2.6948 0.1532 -2.551, 2.6378 0.1532 -2.5274, 2.9921 0.1532 -2.3228, 2.9841 0.1532 -2.384, 2.9605 0.1532 -2.4409, 2.5889 0.1532 -2.4899, 2.5513 0.1532 -2.4409, 2.5277 0.1532 -2.384, 2.9229 0.1532 -2.4899, 2.874 0.1532 -2.5274
            ]
        }
        coordIndex [
            0,1,2,-1,2,1,3,-1,2,3,4,-1,1,5,6,-1,1,6,3,-1,3,6,7,-1,3,7,8,-1,8,7,9,-1,8,9,10,-1,10,9,11,-1,10,11,12,-1,12,11,13,-1,12,13,14,-1,14,13,7,-1,14,7,6,-1,15,16,0,-1,0,16,17,-1,0,17,18,-1,2,19,0,-1,0,19,20,-1,0,20,21,-1,18,22,0,-1,0,22,23,-1,0,23,24,-1,21,25,0,-1,0,25,26,-1,0,26,15,-1,
        ]
    }
}
Shape{
    appearance Appearance {
        material  Material 	{
            diffuseColor 1.0 1.0 1.0
            specularColor 0.5019607843137255 0.5019607843137255 0.5019607843137255
            ambientIntensity 1.0
            transparency 0.0
            shininess 0.5
        }
    }
    geometry IndexedFaceSet {
        ccw TRUE
        solid FALSE
        coord DEF co Coordinate {
            point [
                -0.3937 -0.1618 0.3937, -0.2362 -0.1618 0.3937, -0.2362 -0.1618 0.0, 2.3622 -0.1618 0.3937, 2.5197 -0.1618 0.3937, 2.5197 -0.1618 0.0, 1.0531 -0.1618 0.7874, 0.7382 -0.1618 0.7874, 0.7776 -0.1618 1.0669, 2.3592 -0.1618 3.902, 3.5433 -0.1618 3.5433, 1.9685 -0.1618 3.5433, 3.9961 -0.1618 0.0, 3.8091 -0.1618 0.0, 3.8091 -0.1618 0.7874, -0.8645 -0.1618 6.666, -2.3592 -0.1618 6.666, -2.6969 -0.1618 7.4803, 1.7766 -0.1618 3.902, 1.9685 -0.1618 1.9685, 1.7766 -0.1618 1.0669, 5.1772 -0.1618 2.3953, 5.1772 -0.1618 2.0457, 3.5433 -0.1618 1.9685, -5.1772 -0.1618 5.0, -3.5433 -0.1618 3.5433, -5.1772 -0.1618 1.1811, -3.5433 -0.1618 1.9685, -5.1369 -0.1618 0.8754, -5.0189 -0.1618 0.5906, 1.7028 -0.1618 0.0, 1.0531 -0.1618 0.0, 1.7028 -0.1618 0.7874, 0.2362 -0.1618 0.0, 0.2362 -0.1618 0.3937, 0.7382 -0.1618 0.0, 0.3937 -0.1618 0.3937, 0.3937 -0.1618 1.9685, 0.8645 -0.1618 6.666, 0.8645 -0.1618 6.4691, 0.7874 -0.1618 5.9055, 2.1623 -0.1618 6.4691, 5.1772 -0.1618 1.7005, 5.1772 -0.1618 1.5948, 5.1772 -0.1618 1.1811, 2.9921 -0.1618 0.0, 2.9921 -0.1618 0.3937, 3.4941 -0.1618 0.0, 3.1496 -0.1618 0.3937, 3.4941 -0.1618 0.7874, -2.3622 -0.1618 0.3937, -2.3622 -0.1618 1.9685, -1.7766 -0.1618 1.0669, -1.9685 -0.1618 1.9685, -1.7766 -0.1618 3.902, -1.9685 -0.1618 3.5433, -2.3592 -0.1618 3.902, -2.9921 -0.1618 0.3937, -2.9921 -0.1618 0.0, -3.1496 -0.1618 0.3937, -3.4941 -0.1618 0.0, -3.4941 -0.1618 0.7874, -3.8091 -0.1618 0.7874, -3.8091 -0.1618 0.0, -3.9961 -0.1618 0.0, 2.1623 -0.1618 4.0989, 1.5797 -0.1618 4.0989, 0.7874 -0.1618 1.9685, 1.5797 -0.1618 1.2637, 0.7776 -0.1618 1.2637, 2.0177 -0.1618 0.0, 2.0177 -0.1618 0.7874, 2.3622 -0.1618 1.9685, 3.1496 -0.1618 1.9685, -4.8312 -0.1618 0.3459, -3.1496 -0.1618 1.9685, 5.1772 -0.1618 5.0, 2.3592 -0.1618 6.666, 2.6969 -0.1618 7.4803, -0.7874 -0.1618 5.9055, -2.1623 -0.1618 6.4691, -0.8645 -0.1618 6.4691, -0.7382 -0.1618 0.0, -0.7382 -0.1618 0.7874, -0.3937 -0.1618 1.9685, 5.1772 -0.1618 3.2576, -4.3018 -0.1618 0.0403, -4.5866 -0.1618 0.1582, 5.1369 -0.1618 0.8754, 5.0189 -0.1618 0.5906, 4.8312 -0.1618 0.3459, 4.5866 -0.1618 0.1582, 4.3018 -0.1618 0.0403, -2.1623 -0.1618 4.0989, -1.5797 -0.1618 4.0989, -1.5797 -0.1618 1.2637, -0.7874 -0.1618 1.9685, -0.7776 -0.1618 1.2637, -0.7776 -0.1618 1.0669, -1.0531 -0.1618 0.7874, -2.5197 -0.1618 0.0, -2.5197 -0.1618 0.3937, -2.0177 -0.1618 0.0, -2.0177 -0.1618 0.7874, -1.7028 -0.1618 0.7874, -1.7028 -0.1618 0.0, -1.0531 -0.1618 0.0, 6.1024 -7.7209 8.0709, 6.1024 -6.5791 8.0709, 6.0925 -6.5791 8.1585, 6.0925 -7.7209 8.1585, 6.0634 -6.5791 8.2417, 6.0634 -7.7209 8.2417, 6.0165 -6.5791 8.3163, 6.0165 -7.7209 8.3163, 5.9541 -6.5791 8.3787, 5.9541 -7.7209 8.3787, 5.8795 -6.5791 8.4256, 5.8795 -7.7209 8.4256, 5.7963 -6.5791 8.4547, 5.7963 -7.7209 8.4547, 5.7087 -6.5791 8.4646, 5.7087 -7.7209 8.4646, -5.7087 -7.7209 8.4646, -5.7087 -6.5791 8.4646, -5.7963 -6.5791 8.4547, -5.7963 -7.7209 8.4547, -5.8795 -6.5791 8.4256, -5.8795 -7.7209 8.4256, -5.9541 -6.5791 8.3787, -5.9541 -7.7209 8.3787, -6.0165 -6.5791 8.3163, -6.0165 -7.7209 8.3163, -6.0634 -6.5791 8.2417, -6.0634 -7.7209 8.2417, -6.0925 -6.5791 8.1585, -6.0925 -7.7209 8.1585, -6.1024 -6.5791 8.0709, -6.1024 -7.7209 8.0709, -6.1024 -7.7209 -0.5905, -6.1024 -6.5791 -0.5905, -6.0925 -6.5791 -0.6782, -6.0925 -7.7209 -0.6782, -6.0634 -6.5791 -0.7614, -6.0634 -7.7209 -0.7614, -6.0165 -6.5791 -0.836, -6.0165 -7.7209 -0.836, -5.9541 -6.5791 -0.8984, -5.9541 -7.7209 -0.8984, -5.8795 -6.5791 -0.9453, -5.8795 -7.7209 -0.9453, -5.7963 -6.5791 -0.9744, -5.7963 -7.7209 -0.9744, -5.7087 -6.5791 -0.9842, -5.7087 -7.7209 -0.9842, 5.7087 -7.7209 -0.9842, 5.7087 -6.5791 -0.9842, 5.7963 -6.5791 -0.9744, 5.7963 -7.7209 -0.9744, 5.8795 -6.5791 -0.9453, 5.8795 -7.7209 -0.9453, 5.9541 -6.5791 -0.8984, 5.9541 -7.7209 -0.8984, 6.0165 -6.5791 -0.836, 6.0165 -7.7209 -0.836, 6.0634 -6.5791 -0.7614, 6.0634 -7.7209 -0.7614, 6.0925 -6.5791 -0.6782, 6.0925 -7.7209 -0.6782, 6.1024 -6.5791 -0.5905, 6.1024 -7.7209 -0.5905, 4.4193 -7.7996 0.4481, 4.2151 -7.7996 0.3635, 5.7087 -7.7996 -0.9055, 3.9961 -7.7996 0.3347, -5.7087 -7.7996 -0.9055, -3.9961 -7.7996 0.3347, 4.8425 -7.7996 1.1811, 6.0236 -7.7996 -0.5905, 4.8425 -7.7996 4.8614, 6.0236 -7.7996 8.0709, 6.0157 -7.7996 8.141, -5.9924 -7.7996 -0.7272, -5.9549 -7.7996 -0.7869, -4.5946 -7.7996 0.5826, -5.905 -7.7996 -0.8368, -4.7291 -7.7996 0.7579, -4.8137 -7.7996 0.962, -6.0236 -7.7996 -0.5905, -4.8425 -7.7996 1.1811, -6.0236 -7.7996 8.0709, -4.8425 -7.7996 4.8614, -6.0157 -7.7996 8.141, -2.5582 -7.7996 7.1457, 5.9924 -7.7996 8.2075, 5.9549 -7.7996 8.2672, 5.905 -7.7996 8.3171, -5.7087 -7.7996 8.3858, 5.7087 -7.7996 8.3858, 2.5582 -7.7996 7.1457, 5.7787 -7.7996 8.3779, 5.8453 -7.7996 8.3546, -4.2151 -7.7996 0.3635, -4.4193 -7.7996 0.4481, -5.7787 -7.7996 -0.8976, -5.8453 -7.7996 -0.8743, -6.0157 -7.7996 -0.6606, -5.7787 -7.7996 8.3779, -5.8453 -7.7996 8.3546, -5.905 -7.7996 8.3171, 5.9549 -7.7996 -0.7869, 4.5946 -7.7996 0.5826, 5.905 -7.7996 -0.8368, 5.8453 -7.7996 -0.8743, -5.9549 -7.7996 8.2672, -5.9924 -7.7996 8.2075, 4.8137 -7.7996 0.962, 4.7291 -7.7996 0.7579, 6.0157 -7.7996 -0.6606, 5.9924 -7.7996 -0.7272, 5.7787 -7.7996 -0.8976, -2.6969 -6.5791 7.4803, 2.6969 -6.5791 7.4803, 5.1772 -6.5791 5.0, -5.1772 -6.5791 1.1811, -5.1772 -6.5791 5.0, 5.0189 -6.5791 0.5906, 5.1369 -6.5791 0.8754, 5.1772 -6.5791 1.1811, 4.8312 -6.5791 0.3459, -4.8312 -6.5791 0.3459, 3.9961 -6.5791 0.0, -3.9961 -6.5791 0.0, -4.3018 -6.5791 0.0403, -4.5866 -6.5791 0.1582, -5.1369 -6.5791 0.8754, -5.0189 -6.5791 0.5906, 4.3018 -6.5791 0.0403, 4.5866 -6.5791 0.1582, 5.1772 -6.5791 1.5948, 5.1772 -6.5791 1.7005, 5.1772 -6.5791 2.0457, 5.1772 -6.5791 3.2576, 5.1772 -6.5791 2.3953, -6.0997 -7.7412 -0.5905, -6.0997 -7.7412 8.0709, -6.0918 -7.7602 -0.5905, -6.0918 -7.7602 8.0709, -6.0793 -7.7765 -0.5905, -6.0793 -7.7765 8.0709, -6.063 -7.789 -0.5905, -6.063 -7.789 8.0709, -6.044 -7.7969 -0.5905, -6.044 -7.7969 8.0709, -6.0356 -7.7969 -0.6652, -6.0541 -7.789 -0.6694, -6.07 -7.7765 -0.673, -6.0822 -7.7602 -0.6758, -6.0899 -7.7412 -0.6776, -6.061 -7.7412 -0.7602, -6.0144 -7.7412 -0.8343, -5.9525 -7.7412 -0.8963, -5.8783 -7.7412 -0.9428, -5.7957 -7.7412 -0.9718, -5.7087 -7.7412 -0.9816, -6.0539 -7.7602 -0.7568, -6.0082 -7.7602 -0.8294, -5.9476 -7.7602 -0.8901, -5.8749 -7.7602 -0.9358, -5.7939 -7.7602 -0.9641, -5.7087 -7.7602 -0.9737, -6.0426 -7.7765 -0.7514, -5.9984 -7.7765 -0.8216, -5.9398 -7.7765 -0.8803, -5.8695 -7.7765 -0.9245, -5.7911 -7.7765 -0.9519, -5.7087 -7.7765 -0.9612, -6.0279 -7.789 -0.7443, -5.9857 -7.789 -0.8115, -5.9296 -7.789 -0.8676, -5.8624 -7.789 -0.9098, -5.7875 -7.789 -0.936, -5.7087 -7.789 -0.9449, -6.0108 -7.7969 -0.736, -5.9708 -7.7969 -0.7996, -5.9177 -7.7969 -0.8527, -5.8542 -7.7969 -0.8927, -5.7833 -7.7969 -0.9175, -5.7087 -7.7969 -0.9259, -5.7087 -7.7383 8.4623, -5.7087 -7.7548 8.4563, -5.7087 -7.7412 8.4619, -5.7957 -7.7412 8.4521, -5.8783 -7.7412 8.4232, -5.9525 -7.7412 8.3766, -6.0144 -7.7412 8.3147, -6.061 -7.7412 8.2405, -6.0899 -7.7412 8.1579, -5.7087 -7.7696 8.4469, -5.7087 -7.7602 8.454, -5.7939 -7.7602 8.4444, -5.8749 -7.7602 8.4161, -5.9476 -7.7602 8.3704, -6.0082 -7.7602 8.3098, -6.0539 -7.7602 8.2371, -6.0822 -7.7602 8.1561, -5.7087 -7.7819 8.4345, -5.7087 -7.7765 8.4415, -5.7911 -7.7765 8.4322, -5.8695 -7.7765 8.4048, -5.9398 -7.7765 8.3606, -5.9984 -7.7765 8.302, -6.0426 -7.7765 8.2317, -6.07 -7.7765 8.1533, -5.7087 -7.7913 8.4198, -5.7087 -7.789 8.4252, -5.7875 -7.789 8.4163, -5.8624 -7.789 8.3901, -5.9296 -7.789 8.3479, -5.9857 -7.789 8.2918, -6.0279 -7.789 8.2246, -6.0541 -7.789 8.1497, -5.7087 -7.7973 8.4033, -5.7087 -7.7969 8.4062, -5.7833 -7.7969 8.3978, -5.8542 -7.7969 8.373, -5.9177 -7.7969 8.3331, -5.9708 -7.7969 8.28, -6.0108 -7.7969 8.2164, -6.0356 -7.7969 8.1455, 5.7087 -7.7412 -0.9816, 5.7087 -7.7602 -0.9737, 5.7087 -7.7765 -0.9612, 5.7087 -7.789 -0.9449, 5.7087 -7.7969 -0.9259, 5.7087 -7.755 8.4568, 5.7087 -7.7384 8.4626, 5.7087 -7.77 8.4474, 5.7087 -7.7824 8.4349, 5.7087 -7.7918 8.42, 5.7087 -7.7976 8.4034, 5.7833 -7.7969 -0.9175, 5.7875 -7.789 -0.936, 5.7911 -7.7765 -0.9519, 5.7939 -7.7602 -0.9641, 5.7957 -7.7412 -0.9718, 5.8783 -7.7412 -0.9428, 5.9525 -7.7412 -0.8963, 6.0144 -7.7412 -0.8343, 6.061 -7.7412 -0.7602, 6.0899 -7.7412 -0.6776, 6.0997 -7.7412 -0.5905, 5.8749 -7.7602 -0.9358, 5.9476 -7.7602 -0.8901, 6.0082 -7.7602 -0.8294, 6.0539 -7.7602 -0.7568, 6.0822 -7.7602 -0.6758, 6.0918 -7.7602 -0.5905, 5.8695 -7.7765 -0.9245, 5.9398 -7.7765 -0.8803, 5.9984 -7.7765 -0.8216, 6.0426 -7.7765 -0.7514, 6.07 -7.7765 -0.673, 6.0793 -7.7765 -0.5905, 5.8624 -7.789 -0.9098, 5.9296 -7.789 -0.8676, 5.9857 -7.789 -0.8115, 6.0279 -7.789 -0.7443, 6.0541 -7.789 -0.6694, 6.063 -7.789 -0.5905, 5.8542 -7.7969 -0.8927, 5.9177 -7.7969 -0.8527, 5.9708 -7.7969 -0.7996, 6.0108 -7.7969 -0.736, 6.0356 -7.7969 -0.6652, 6.044 -7.7969 -0.5905, 6.1004 -7.7384 8.0709, 6.0906 -7.7384 8.158, 6.0994 -7.7411 8.0709, 6.0849 -7.755 8.1567, 6.0757 -7.77 8.1547, 6.0914 -7.76 8.0709, 6.0946 -7.755 8.0709, 6.0636 -7.7824 8.1519, 6.0789 -7.7762 8.0709, 6.0852 -7.77 8.0709, 6.049 -7.7918 8.1486, 6.0628 -7.7887 8.0709, 6.0727 -7.7824 8.0709, 6.0328 -7.7976 8.1449, 6.0439 -7.7967 8.0709, 6.0578 -7.7918 8.0709, 6.0411 -7.7976 8.0709, 6.0616 -7.7384 8.2408, 6.0563 -7.755 8.2383, 6.0479 -7.77 8.2342, 6.0367 -7.7824 8.2288, 6.0232 -7.7918 8.2224, 6.0082 -7.7976 8.2151, 6.0149 -7.7384 8.3151, 6.0104 -7.755 8.3115, 6.003 -7.77 8.3056, 5.9933 -7.7824 8.2979, 5.9816 -7.7918 8.2885, 5.9686 -7.7976 8.2782, 5.9529 -7.7384 8.3771, 5.9493 -7.755 8.3726, 5.9434 -7.77 8.3652, 5.9356 -7.7824 8.3555, 5.9263 -7.7918 8.3438, 5.916 -7.7976 8.3308, 5.8786 -7.7384 8.4238, 5.8761 -7.755 8.4186, 5.872 -7.77 8.4101, 5.8666 -7.7824 8.3989, 5.8601 -7.7918 8.3854, 5.8529 -7.7976 8.3704, 5.7958 -7.7384 8.4528, 5.7945 -7.755 8.4471, 5.7924 -7.77 8.438, 5.7897 -7.7824 8.4258, 5.7863 -7.7918 8.4112, 5.7826 -7.7976 8.395, -5.1772 -4.5253 1.6883, -5.1772 -4.5253 4.0505, -5.1772 -5.7917 4.0505, -5.1772 -5.7917 1.6883, 5.1772 -1.455 5.0, 5.1772 -1.4283 5.0, 5.1772 -1.3063 5.0, 5.1772 -3.8862 5.0, 5.1772 -1.6756 5.0, 5.1772 -1.6702 5.0, 5.1772 -1.4777 5.0, 5.1772 -1.0966 5.0, 5.1772 -0.9942 5.0, 5.1772 -0.9099 5.0, 5.1772 -0.66 5.0, 5.1772 -0.2871 5.0, 5.1772 -1.9271 5.0, 5.1772 -3.8862 1.1811, 5.1772 -0.2871 1.1811, 5.1772 -0.66 1.1811, 5.1772 -0.9099 1.1811, 5.1772 -0.9942 1.1811, 5.1772 -1.0966 1.1811, 5.1772 -1.3063 1.1811, 5.1772 -1.4283 1.1811, 5.1772 -1.455 1.1811, 5.1772 -1.4777 1.1811, 5.1772 -1.6702 1.1811, 5.1772 -1.6756 1.1811, 5.1772 -1.9271 1.1811, 1.7028 0.2319 0.0, 2.0177 0.2319 0.0, -2.0177 0.2319 0.0, -1.7028 0.2319 0.0, 2.9528 -3.2524 0.0, 1.0531 0.2319 0.0, 0.7382 0.2319 0.0, -1.0531 0.2319 0.0, -0.7382 0.2319 0.0, 2.815 -4.2169 0.0, 3.0906 -4.2169 0.0, -3.8091 0.2319 0.0, -3.4941 0.2319 0.0, 3.8091 0.2319 0.0, 3.4941 0.2319 0.0, -2.4607 -3.7386 0.0, -2.4787 -3.6124 0.0, -2.9528 -3.2524 0.0, -2.8263 -3.2689 0.0, -2.5285 -3.495 0.0, -2.6069 -3.3944 0.0, -2.7084 -3.3173 0.0, 3.0792 -3.2689 0.0, 2.5227 -3.9837 0.0, 2.5986 -4.0861 0.0, -2.5986 -4.0861 0.0, 3.2073 -4.1657 0.0, 3.3069 -4.0861 0.0, 3.3828 -3.9837 0.0, 3.377 -3.495 0.0, 3.2986 -3.3944 0.0, 3.1971 -3.3173 0.0, 3.4298 -3.8652 0.0, 3.4448 -3.7386 0.0, 3.4268 -3.6124 0.0, -3.0792 -3.2689 0.0, -3.2073 -4.1657 0.0, -3.3069 -4.0861 0.0, -3.3828 -3.9837 0.0, 2.6069 -3.3944 0.0, 2.5285 -3.495 0.0, -3.0906 -4.2169 0.0, -2.815 -4.2169 0.0, -2.6982 -4.1657 0.0, -2.5227 -3.9837 0.0, -2.4757 -3.8652 0.0, 2.6982 -4.1657 0.0, -3.1971 -3.3173 0.0, -3.2986 -3.3944 0.0, -3.377 -3.495 0.0, -3.4268 -3.6124 0.0, -3.4448 -3.7386 0.0, -3.4298 -3.8652 0.0, 2.8263 -3.2689 0.0, 2.7084 -3.3173 0.0, 2.4787 -3.6124 0.0, 2.4607 -3.7386 0.0, 2.4757 -3.8652 0.0
            ]
        }
        coordIndex [
            0,1,2,-1,3,4,5,-1,6,7,8,-1,9,10,11,-1,12,13,14,-1,15,16,17,-1,9,11,18,-1,18,11,19,-1,18,19,20,-1,21,22,23,-1,24,25,26,-1,26,25,27,-1,26,27,28,-1,28,27,29,-1,30,31,32,-1,32,31,6,-1,33,34,35,-1,35,34,36,-1,35,36,7,-1,7,36,37,-1,7,37,8,-1,38,39,40,-1,40,39,41,-1,42,43,14,-1,14,43,44,-1,45,46,47,-1,47,46,48,-1,47,48,49,-1,50,51,52,-1,52,51,53,-1,52,53,54,-1,54,53,55,-1,54,55,56,-1,56,55,25,-1,56,25,16,-1,16,25,24,-1,16,24,17,-1,57,58,59,-1,59,58,60,-1,59,60,61,-1,62,63,64,-1,41,65,40,-1,40,65,66,-1,40,66,67,-1,67,66,68,-1,67,68,37,-1,37,68,69,-1,37,69,8,-1,5,70,3,-1,3,70,71,-1,3,71,72,-1,6,8,32,-1,32,8,20,-1,32,20,71,-1,71,20,19,-1,71,19,72,-1,42,14,22,-1,22,14,49,-1,22,49,23,-1,23,49,48,-1,23,48,73,-1,74,29,62,-1,62,29,27,-1,62,27,61,-1,61,27,75,-1,61,75,59,-1,76,77,78,-1,78,77,38,-1,79,80,40,-1,40,80,81,-1,40,81,38,-1,38,81,15,-1,38,15,78,-1,78,15,17,-1,2,82,0,-1,0,82,83,-1,0,83,84,-1,21,23,85,-1,85,23,10,-1,85,10,76,-1,76,10,9,-1,76,9,77,-1,64,86,62,-1,62,86,87,-1,62,87,74,-1,44,88,14,-1,14,88,89,-1,14,89,90,-1,90,91,14,-1,14,91,92,-1,14,92,12,-1,93,80,94,-1,94,80,79,-1,94,79,95,-1,95,79,96,-1,95,96,97,-1,97,96,84,-1,97,84,98,-1,98,84,83,-1,98,83,52,-1,52,83,99,-1,100,101,102,-1,102,101,50,-1,102,50,103,-1,103,50,52,-1,103,52,104,-1,104,52,99,-1,104,99,105,-1,105,99,106,-1,107,108,109,-1,107,109,110,-1,110,109,111,-1,110,111,112,-1,112,111,113,-1,112,113,114,-1,114,113,115,-1,114,115,116,-1,116,115,117,-1,116,117,118,-1,118,117,119,-1,118,119,120,-1,120,119,121,-1,120,121,122,-1,122,121,123,-1,123,121,124,-1,123,124,125,-1,123,125,126,-1,126,125,127,-1,126,127,128,-1,128,127,129,-1,128,129,130,-1,130,129,131,-1,130,131,132,-1,132,131,133,-1,132,133,134,-1,134,133,135,-1,134,135,136,-1,136,135,137,-1,136,137,138,-1,138,137,139,-1,139,137,140,-1,139,140,141,-1,139,141,142,-1,142,141,143,-1,142,143,144,-1,144,143,145,-1,144,145,146,-1,146,145,147,-1,146,147,148,-1,148,147,149,-1,148,149,150,-1,150,149,151,-1,150,151,152,-1,152,151,153,-1,152,153,154,-1,154,153,155,-1,155,153,156,-1,155,156,157,-1,155,157,158,-1,158,157,159,-1,158,159,160,-1,160,159,161,-1,160,161,162,-1,162,161,163,-1,162,163,164,-1,164,163,165,-1,164,165,166,-1,166,165,167,-1,166,167,168,-1,168,167,169,-1,168,169,170,-1,170,169,107,-1,107,169,108,-1,171,172,173,-1,173,172,174,-1,173,174,175,-1,175,174,176,-1,177,178,179,-1,179,178,180,-1,179,180,181,-1,182,183,184,-1,184,183,185,-1,186,187,188,-1,188,187,189,-1,188,189,190,-1,190,189,191,-1,190,191,192,-1,192,191,193,-1,181,194,179,-1,179,194,195,-1,179,195,196,-1,197,193,198,-1,198,193,199,-1,198,199,200,-1,200,199,179,-1,200,179,201,-1,201,179,196,-1,176,202,175,-1,175,202,203,-1,175,203,204,-1,204,203,184,-1,204,184,205,-1,205,184,185,-1,186,188,184,-1,184,188,206,-1,184,206,182,-1,197,207,193,-1,193,207,208,-1,193,208,209,-1,210,211,212,-1,212,211,213,-1,209,214,193,-1,193,214,215,-1,193,215,192,-1,177,216,178,-1,178,216,217,-1,178,217,218,-1,218,217,211,-1,218,211,219,-1,219,211,210,-1,171,173,211,-1,211,173,220,-1,211,220,213,-1,125,124,221,-1,221,133,131,-1,221,124,222,-1,222,124,121,-1,222,121,223,-1,223,121,119,-1,223,119,117,-1,117,115,223,-1,223,115,113,-1,223,113,111,-1,131,129,221,-1,221,129,127,-1,221,127,125,-1,224,140,225,-1,225,140,137,-1,225,137,221,-1,221,137,135,-1,221,135,133,-1,226,227,169,-1,169,227,228,-1,165,163,229,-1,229,163,161,-1,145,230,147,-1,147,230,149,-1,231,156,232,-1,232,156,153,-1,232,153,233,-1,233,153,234,-1,226,169,229,-1,229,169,167,-1,229,167,165,-1,224,235,140,-1,140,235,236,-1,140,236,141,-1,141,236,230,-1,141,230,143,-1,143,230,145,-1,234,153,230,-1,230,153,151,-1,230,151,149,-1,231,237,156,-1,156,237,238,-1,156,238,157,-1,157,238,229,-1,157,229,159,-1,159,229,161,-1,228,239,169,-1,169,239,240,-1,169,240,241,-1,111,109,223,-1,223,109,108,-1,223,108,242,-1,242,108,169,-1,242,169,243,-1,243,169,241,-1,138,139,244,-1,138,244,245,-1,245,244,246,-1,245,246,247,-1,247,246,248,-1,247,248,249,-1,249,248,250,-1,249,250,251,-1,251,250,252,-1,251,252,253,-1,253,252,188,-1,253,188,190,-1,188,252,254,-1,252,250,255,-1,250,248,256,-1,248,246,257,-1,246,244,258,-1,244,139,142,-1,244,142,258,-1,258,142,144,-1,258,144,259,-1,259,144,146,-1,259,146,260,-1,260,146,148,-1,260,148,261,-1,261,148,150,-1,261,150,262,-1,262,150,152,-1,262,152,263,-1,263,152,154,-1,263,154,264,-1,246,258,257,-1,257,258,259,-1,257,259,265,-1,265,259,260,-1,265,260,266,-1,266,260,261,-1,266,261,267,-1,267,261,262,-1,267,262,268,-1,268,262,263,-1,268,263,269,-1,269,263,264,-1,269,264,270,-1,248,257,256,-1,256,257,265,-1,256,265,271,-1,271,265,266,-1,271,266,272,-1,272,266,267,-1,272,267,273,-1,273,267,268,-1,273,268,274,-1,274,268,269,-1,274,269,275,-1,275,269,270,-1,275,270,276,-1,250,256,255,-1,255,256,271,-1,255,271,277,-1,277,271,272,-1,277,272,278,-1,278,272,273,-1,278,273,279,-1,279,273,274,-1,279,274,280,-1,280,274,275,-1,280,275,281,-1,281,275,276,-1,281,276,282,-1,252,255,254,-1,254,255,277,-1,254,277,283,-1,283,277,278,-1,283,278,284,-1,284,278,279,-1,284,279,285,-1,285,279,280,-1,285,280,286,-1,286,280,281,-1,286,281,287,-1,287,281,282,-1,287,282,288,-1,188,254,206,-1,206,254,283,-1,206,283,182,-1,182,283,284,-1,182,284,183,-1,183,284,285,-1,183,285,185,-1,185,285,286,-1,185,286,205,-1,205,286,287,-1,205,287,204,-1,204,287,288,-1,204,288,175,-1,289,123,126,-1,290,291,292,-1,292,291,289,-1,289,126,292,-1,292,126,128,-1,292,128,293,-1,293,128,130,-1,293,130,294,-1,294,130,132,-1,294,132,295,-1,295,132,134,-1,295,134,296,-1,296,134,136,-1,296,136,297,-1,297,136,138,-1,297,138,245,-1,298,299,300,-1,300,299,290,-1,290,292,300,-1,300,292,293,-1,300,293,301,-1,301,293,294,-1,301,294,302,-1,302,294,295,-1,302,295,303,-1,303,295,296,-1,303,296,304,-1,304,296,297,-1,304,297,305,-1,305,297,245,-1,305,245,247,-1,306,307,308,-1,308,307,298,-1,298,300,308,-1,308,300,301,-1,308,301,309,-1,309,301,302,-1,309,302,310,-1,310,302,303,-1,310,303,311,-1,311,303,304,-1,311,304,312,-1,312,304,305,-1,312,305,313,-1,313,305,247,-1,313,247,249,-1,314,315,316,-1,316,315,306,-1,306,308,316,-1,316,308,309,-1,316,309,317,-1,317,309,310,-1,317,310,318,-1,318,310,311,-1,318,311,319,-1,319,311,312,-1,319,312,320,-1,320,312,313,-1,320,313,321,-1,321,313,249,-1,321,249,251,-1,322,323,324,-1,324,323,314,-1,314,316,324,-1,324,316,317,-1,324,317,325,-1,325,317,318,-1,325,318,326,-1,326,318,319,-1,326,319,327,-1,327,319,320,-1,327,320,328,-1,328,320,321,-1,328,321,329,-1,329,321,251,-1,329,251,253,-1,207,197,322,-1,322,324,207,-1,207,324,325,-1,207,325,208,-1,208,325,326,-1,208,326,209,-1,209,326,327,-1,209,327,214,-1,214,327,328,-1,214,328,215,-1,215,328,329,-1,215,329,192,-1,192,329,253,-1,192,253,190,-1,154,155,330,-1,154,330,264,-1,264,330,331,-1,264,331,270,-1,270,331,332,-1,270,332,276,-1,276,332,333,-1,276,333,282,-1,282,333,334,-1,282,334,288,-1,288,334,173,-1,288,173,175,-1,335,336,289,-1,289,336,122,-1,289,122,123,-1,289,291,335,-1,335,291,290,-1,335,290,337,-1,290,299,337,-1,337,299,298,-1,337,298,338,-1,338,298,307,-1,307,306,338,-1,338,306,315,-1,338,315,339,-1,315,314,339,-1,339,314,323,-1,339,323,340,-1,323,322,340,-1,340,322,197,-1,340,197,198,-1,173,334,341,-1,334,333,342,-1,333,332,343,-1,332,331,344,-1,331,330,345,-1,330,155,158,-1,330,158,345,-1,345,158,160,-1,345,160,346,-1,346,160,162,-1,346,162,347,-1,347,162,164,-1,347,164,348,-1,348,164,166,-1,348,166,349,-1,349,166,168,-1,349,168,350,-1,350,168,170,-1,350,170,351,-1,331,345,344,-1,344,345,346,-1,344,346,352,-1,352,346,347,-1,352,347,353,-1,353,347,348,-1,353,348,354,-1,354,348,349,-1,354,349,355,-1,355,349,350,-1,355,350,356,-1,356,350,351,-1,356,351,357,-1,332,344,343,-1,343,344,352,-1,343,352,358,-1,358,352,353,-1,358,353,359,-1,359,353,354,-1,359,354,360,-1,360,354,355,-1,360,355,361,-1,361,355,356,-1,361,356,362,-1,362,356,357,-1,362,357,363,-1,333,343,342,-1,342,343,358,-1,342,358,364,-1,364,358,359,-1,364,359,365,-1,365,359,360,-1,365,360,366,-1,366,360,361,-1,366,361,367,-1,367,361,362,-1,367,362,368,-1,368,362,363,-1,368,363,369,-1,334,342,341,-1,341,342,364,-1,341,364,370,-1,370,364,365,-1,370,365,371,-1,371,365,366,-1,371,366,372,-1,372,366,367,-1,372,367,373,-1,373,367,368,-1,373,368,374,-1,374,368,369,-1,374,369,375,-1,173,341,220,-1,220,341,370,-1,220,370,213,-1,213,370,371,-1,213,371,212,-1,212,371,372,-1,212,372,210,-1,210,372,373,-1,210,373,219,-1,219,373,374,-1,219,374,218,-1,218,374,375,-1,218,375,178,-1,107,110,376,-1,376,110,377,-1,376,377,378,-1,378,377,379,-1,380,381,379,-1,379,381,382,-1,379,382,378,-1,383,384,380,-1,380,384,385,-1,380,385,381,-1,386,387,383,-1,383,387,388,-1,383,388,384,-1,389,390,386,-1,386,390,391,-1,386,391,387,-1,181,180,389,-1,389,180,392,-1,389,392,390,-1,110,112,377,-1,377,112,393,-1,377,393,379,-1,379,393,394,-1,379,394,380,-1,380,394,395,-1,380,395,383,-1,383,395,396,-1,383,396,386,-1,386,396,397,-1,386,397,389,-1,389,397,398,-1,389,398,181,-1,181,398,194,-1,112,114,393,-1,393,114,399,-1,393,399,394,-1,394,399,400,-1,394,400,395,-1,395,400,401,-1,395,401,396,-1,396,401,402,-1,396,402,397,-1,397,402,403,-1,397,403,398,-1,398,403,404,-1,398,404,194,-1,194,404,195,-1,114,116,399,-1,399,116,405,-1,399,405,400,-1,400,405,406,-1,400,406,401,-1,401,406,407,-1,401,407,402,-1,402,407,408,-1,402,408,403,-1,403,408,409,-1,403,409,404,-1,404,409,410,-1,404,410,195,-1,195,410,196,-1,116,118,405,-1,405,118,411,-1,405,411,406,-1,406,411,412,-1,406,412,407,-1,407,412,413,-1,407,413,408,-1,408,413,414,-1,408,414,409,-1,409,414,415,-1,409,415,410,-1,410,415,416,-1,410,416,196,-1,196,416,201,-1,118,120,411,-1,411,120,417,-1,411,417,412,-1,412,417,418,-1,412,418,413,-1,413,418,419,-1,413,419,414,-1,414,419,420,-1,414,420,415,-1,415,420,421,-1,415,421,416,-1,416,421,422,-1,416,422,201,-1,201,422,200,-1,120,122,417,-1,417,122,336,-1,417,336,418,-1,418,336,335,-1,418,335,419,-1,419,335,337,-1,419,337,420,-1,420,337,338,-1,420,338,421,-1,421,338,339,-1,421,339,422,-1,422,339,340,-1,422,340,200,-1,200,340,198,-1,107,376,170,-1,170,376,351,-1,376,378,351,-1,351,378,382,-1,351,382,357,-1,382,381,357,-1,357,381,385,-1,357,385,363,-1,363,385,384,-1,363,384,369,-1,384,388,369,-1,369,388,387,-1,369,387,375,-1,387,391,375,-1,375,391,390,-1,375,390,178,-1,178,390,392,-1,178,392,180,-1,64,232,233,-1,64,233,86,-1,86,233,234,-1,86,234,87,-1,87,234,230,-1,87,230,74,-1,74,230,236,-1,74,236,29,-1,29,236,235,-1,29,235,28,-1,28,235,224,-1,28,224,26,-1,423,26,224,-1,26,423,24,-1,24,423,424,-1,24,424,225,-1,225,424,425,-1,225,425,224,-1,224,425,426,-1,224,426,423,-1,225,221,24,-1,24,221,17,-1,221,222,17,-1,17,222,78,-1,427,428,78,-1,78,428,429,-1,222,223,430,-1,431,432,78,-1,78,432,433,-1,78,433,427,-1,429,434,78,-1,78,434,435,-1,78,435,436,-1,436,437,78,-1,78,437,438,-1,78,438,76,-1,222,430,78,-1,78,430,439,-1,78,439,431,-1,440,228,227,-1,88,44,441,-1,441,442,88,-1,88,442,443,-1,88,443,444,-1,444,445,88,-1,88,445,446,-1,88,446,447,-1,447,448,88,-1,88,448,449,-1,88,449,450,-1,450,451,88,-1,88,451,452,-1,88,452,440,-1,440,227,88,-1,88,227,226,-1,88,226,89,-1,89,226,229,-1,89,229,90,-1,90,229,238,-1,90,238,91,-1,91,238,237,-1,91,237,92,-1,92,237,231,-1,92,231,12,-1,30,453,454,-1,455,456,102,-1,102,456,105,-1,454,70,30,-1,30,70,457,-1,30,457,31,-1,31,457,35,-1,31,35,458,-1,458,35,459,-1,460,461,106,-1,106,461,82,-1,462,463,231,-1,63,464,465,-1,12,231,13,-1,13,231,47,-1,13,47,466,-1,466,47,467,-1,468,469,82,-1,60,58,470,-1,470,58,100,-1,470,100,471,-1,469,472,82,-1,82,472,473,-1,82,473,106,-1,106,473,474,-1,106,474,105,-1,105,474,471,-1,105,471,102,-1,102,471,100,-1,70,5,457,-1,457,5,45,-1,457,45,475,-1,475,45,47,-1,476,477,478,-1,463,479,231,-1,231,479,480,-1,231,480,481,-1,482,483,47,-1,47,483,484,-1,47,484,475,-1,481,485,231,-1,231,485,486,-1,231,486,47,-1,47,486,487,-1,47,487,482,-1,465,60,63,-1,63,60,470,-1,63,470,64,-1,64,470,488,-1,489,232,490,-1,490,232,491,-1,82,492,493,-1,489,494,232,-1,232,494,495,-1,232,495,496,-1,493,497,82,-1,82,497,498,-1,82,498,468,-1,462,231,499,-1,499,231,232,-1,499,232,477,-1,477,232,496,-1,477,496,478,-1,488,500,64,-1,64,500,501,-1,64,501,502,-1,502,503,64,-1,64,503,504,-1,64,504,232,-1,232,504,505,-1,232,505,491,-1,457,506,35,-1,35,506,507,-1,35,507,33,-1,33,507,492,-1,33,492,2,-1,2,492,82,-1,493,508,497,-1,497,508,509,-1,497,509,478,-1,478,509,510,-1,478,510,476,-1,
        ]
    }
}
Shape{
    appearance Appearance {
        material  Material 	{
            diffuseColor 0.7529411764705882 0.7529411764705882 0.7529411764705882
            specularColor 0.3764705882352941 0.3764705882352941 0.3764705882352941
            ambientIntensity 0.7529
            transparency 0.0
            shininess 0.5
        }
    }
    geometry IndexedFaceSet {
        ccw TRUE
        solid FALSE
        coord DEF co Coordinate {
            point [
                1.9685 0.1532 1.9685, 2.3622 0.1532 1.9685, 1.9685 -0.1618 1.9685, 2.3622 -0.1618 1.9685, 1.9685 0.1532 3.5433, 1.9685 -0.1618 3.5433, 3.5433 0.1532 3.5433, 3.5433 -0.1618 3.5433, 3.5433 0.1532 1.9685, 3.5433 -0.1618 1.9685, 3.1496 0.1532 1.9685, 3.1496 -0.1618 1.9685, 3.1496 0.1532 0.3937, 3.1496 -0.1618 0.3937, 2.9921 0.1532 0.3937, 2.9921 -0.1618 0.3937, 2.9921 -0.1618 -2.3228, 2.9921 0.1532 -2.3228, 2.9921 -0.1618 0.0, 2.5197 0.1532 -2.3228, 2.5197 -0.1618 -2.3228, 2.5197 0.1532 0.3937, 2.5197 -0.1618 0.0, 2.5197 -0.1618 0.3937, 2.3622 0.1532 0.3937, 2.3622 -0.1618 0.3937, 2.9841 -0.1618 -2.384, 2.9605 -0.1618 -2.4409, 2.6378 -0.1618 -2.5274, 2.6948 -0.1618 -2.551, 2.5889 -0.1618 -2.4899, 2.7559 -0.1618 -2.5591, 2.5513 -0.1618 -2.4409, 2.817 -0.1618 -2.551, 2.874 -0.1618 -2.5274, 2.9229 -0.1618 -2.4899, 2.5277 -0.1618 -2.384, 2.7559 0.1532 -2.5591, 2.6948 0.1532 -2.551, 2.6378 0.1532 -2.5274, 2.5889 0.1532 -2.4899, 2.5513 0.1532 -2.4409, 2.5277 0.1532 -2.384, 2.9841 0.1532 -2.384, 2.9605 0.1532 -2.4409, 2.9229 0.1532 -2.4899, 2.874 0.1532 -2.5274, 2.817 0.1532 -2.551, -2.5197 -0.1618 0.0, -2.9921 -0.1618 0.0, -2.5197 -0.1618 -2.3228, -2.9921 -0.1618 -2.3228, -2.5277 -0.1618 -2.384, -2.5513 -0.1618 -2.4409, -2.874 -0.1618 -2.5274, -2.817 -0.1618 -2.551, -2.9229 -0.1618 -2.4899, -2.7559 -0.1618 -2.5591, -2.9605 -0.1618 -2.4409, -2.6948 -0.1618 -2.551, -2.6378 -0.1618 -2.5274, -2.5889 -0.1618 -2.4899, -2.9841 -0.1618 -2.384
            ]
        }
        coordIndex [
            0,1,2,-1,2,1,3,-1,4,0,5,-1,5,0,2,-1,6,4,7,-1,7,4,5,-1,8,6,9,-1,9,6,7,-1,10,8,11,-1,11,8,9,-1,12,10,13,-1,13,10,11,-1,14,12,15,-1,15,12,13,-1,16,17,18,-1,18,17,14,-1,18,14,15,-1,19,20,21,-1,21,20,22,-1,21,22,23,-1,24,21,25,-1,25,21,23,-1,1,24,3,-1,3,24,25,-1,18,22,16,-1,16,22,20,-1,16,20,26,-1,26,20,27,-1,28,29,30,-1,30,29,31,-1,30,31,32,-1,33,34,20,-1,20,34,35,-1,20,35,27,-1,33,20,31,-1,31,20,36,-1,31,36,32,-1,37,31,29,-1,37,29,38,-1,38,29,28,-1,38,28,39,-1,39,28,30,-1,39,30,40,-1,40,30,32,-1,40,32,41,-1,41,32,36,-1,41,36,42,-1,42,36,20,-1,42,20,19,-1,17,16,26,-1,17,26,43,-1,43,26,27,-1,43,27,44,-1,44,27,35,-1,44,35,45,-1,45,35,34,-1,45,34,46,-1,46,34,33,-1,46,33,47,-1,47,33,31,-1,47,31,37,-1,48,49,50,-1,50,49,51,-1,50,51,52,-1,52,51,53,-1,54,55,56,-1,56,55,57,-1,56,57,58,-1,59,60,51,-1,51,60,61,-1,51,61,53,-1,59,51,57,-1,57,51,62,-1,57,62,58,-1,
        ]
    }
}
Shape{
    appearance Appearance {
        material  Material 	{
            diffuseColor 1.0 1.0 1.0
            specularColor 0.5019607843137255 0.5019607843137255 0.5019607843137255
            ambientIntensity 1.0
            transparency 0.0
            shininess 0.5
        }
    }
    geometry IndexedFaceSet {
        ccw TRUE
        solid FALSE
        coord DEF co Coordinate {
            point [
                -2.3622 0.1532 1.9685, -1.9685 0.1532 1.9685, -2.3622 -0.1618 1.9685, -1.9685 -0.1618 1.9685
            ]
        }
        coordIndex [
            0,1,2,-1,2,1,3,-1,
        ]
    }
}
Shape{
    appearance Appearance {
        material  Material 	{
            diffuseColor 0.7529411764705882 0.7529411764705882 0.7529411764705882
            specularColor 0.3764705882352941 0.3764705882352941 0.3764705882352941
            ambientIntensity 0.7529
            transparency 0.0
            shininess 0.5
        }
    }
    geometry IndexedFaceSet {
        ccw TRUE
        solid FALSE
        coord DEF co Coordinate {
            point [
                -2.3622 0.1532 0.3937, -2.3622 0.1532 1.9685, -2.3622 -0.1618 0.3937, -2.3622 -0.1618 1.9685, -2.5197 0.1532 0.3937, -2.5197 -0.1618 0.3937, -2.5197 -0.1618 -2.3228, -2.5197 0.1532 -2.3228, -2.5197 -0.1618 0.0, -2.9921 0.1532 -2.3228, -2.9921 -0.1618 -2.3228, -2.9921 0.1532 0.3937, -2.9921 -0.1618 0.0, -2.9921 -0.1618 0.3937, -3.1496 0.1532 0.3937, -3.1496 -0.1618 0.3937, -3.1496 0.1532 1.9685, -3.1496 -0.1618 1.9685, -3.5433 0.1532 1.9685, -3.5433 -0.1618 1.9685, -3.5433 0.1532 3.5433, -3.5433 -0.1618 3.5433
            ]
        }
        coordIndex [
            0,1,2,-1,2,1,3,-1,4,0,5,-1,5,0,2,-1,6,7,8,-1,8,7,4,-1,8,4,5,-1,9,10,11,-1,11,10,12,-1,11,12,13,-1,14,11,15,-1,15,11,13,-1,16,14,17,-1,17,14,15,-1,18,16,19,-1,19,16,17,-1,20,18,21,-1,21,18,19,-1,
        ]
    }
}
Shape{
    appearance Appearance {
        material  Material 	{
            diffuseColor 1.0 1.0 1.0
            specularColor 0.5019607843137255 0.5019607843137255 0.5019607843137255
            ambientIntensity 1.0
            transparency 0.0
            shininess 0.5
        }
    }
    geometry IndexedFaceSet {
        ccw TRUE
        solid FALSE
        coord DEF co Coordinate {
            point [
                -1.9685 0.1532 3.5433, -3.5433 0.1532 3.5433, -1.9685 -0.1618 3.5433, -3.5433 -0.1618 3.5433
            ]
        }
        coordIndex [
            0,1,2,-1,2,1,3,-1,
        ]
    }
}
Shape{
    appearance Appearance {
        material  Material 	{
            diffuseColor 0.7529411764705882 0.7529411764705882 0.7529411764705882
            specularColor 0.3764705882352941 0.3764705882352941 0.3764705882352941
            ambientIntensity 0.7529
            transparency 0.0
            shininess 0.5
        }
    }
    geometry IndexedFaceSet {
        ccw TRUE
        solid FALSE
        coord DEF co Coordinate {
            point [
                -1.9685 0.1532 1.9685, -1.9685 0.1532 3.5433, -1.9685 -0.1618 1.9685, -1.9685 -0.1618 3.5433, -2.5197 0.1532 -2.3228, -2.5197 -0.1618 -2.3228, -2.5277 -0.1618 -2.384, -2.5277 0.1532 -2.384, -2.5513 -0.1618 -2.4409, -2.5513 0.1532 -2.4409, -2.5889 -0.1618 -2.4899, -2.5889 0.1532 -2.4899, -2.6378 -0.1618 -2.5274, -2.6378 0.1532 -2.5274, -2.6948 -0.1618 -2.551, -2.6948 0.1532 -2.551, -2.7559 -0.1618 -2.5591, -2.7559 0.1532 -2.5591, -2.817 -0.1618 -2.551, -2.817 0.1532 -2.551, -2.874 -0.1618 -2.5274, -2.874 0.1532 -2.5274, -2.9229 -0.1618 -2.4899, -2.9229 0.1532 -2.4899, -2.9605 -0.1618 -2.4409, -2.9605 0.1532 -2.4409, -2.9841 -0.1618 -2.384, -2.9841 0.1532 -2.384, -2.9921 -0.1618 -2.3228, -2.9921 0.1532 -2.3228
            ]
        }
        coordIndex [
            0,1,2,-1,2,1,3,-1,4,5,6,-1,4,6,7,-1,7,6,8,-1,7,8,9,-1,9,8,10,-1,9,10,11,-1,11,10,12,-1,11,12,13,-1,13,12,14,-1,13,14,15,-1,15,14,16,-1,15,16,17,-1,17,16,18,-1,17,18,19,-1,19,18,20,-1,19,20,21,-1,21,20,22,-1,21,22,23,-1,23,22,24,-1,23,24,25,-1,25,24,26,-1,25,26,27,-1,27,26,28,-1,27,28,29,-1,
        ]
    }
}
Shape{
    appearance Appearance {
        material  Material 	{
            diffuseColor 1.0 1.0 1.0
            specularColor 0.5019607843137255 0.5019607843137255 0.5019607843137255
            ambientIntensity 1.0
            transparency 0.0
            shininess 0.5
        }
    }
    geometry IndexedFaceSet {
        ccw TRUE
        solid FALSE
        coord DEF co Coordinate {
            point [
                3.4941 0.2319 0.7874, 3.4941 0.2319 0.0, 3.4941 -0.1618 0.7874, 3.4941 -0.1618 0.0, 3.8091 0.2319 0.7874, 3.8091 -0.1618 0.7874, 3.8091 0.2319 0.0, 3.8091 -0.1618 0.0, 1.7028 0.2319 0.7874, 1.7028 0.2319 0.0, 1.7028 -0.1618 0.7874, 1.7028 -0.1618 0.0, 2.0177 0.2319 0.7874, 2.0177 -0.1618 0.7874, 2.0177 0.2319 0.0, 2.0177 -0.1618 0.0, 0.7382 0.2319 0.7874, 0.7382 0.2319 0.0, 0.7382 -0.1618 0.7874, 0.7382 -0.1618 0.0, 1.0531 0.2319 0.7874, 1.0531 -0.1618 0.7874, 1.0531 0.2319 0.0, 1.0531 -0.1618 0.0, 0.7776 0.6256 1.2637, 0.7776 0.6256 1.0669, 0.7776 -0.1618 1.2637, 0.7776 -0.1618 1.0669, 1.5797 0.6256 1.2637, 1.5797 -0.1618 1.2637, 1.5797 0.6256 4.0989, 1.5797 -0.1618 4.0989, 2.1623 0.6256 4.0989, 2.1623 -0.1618 4.0989, 2.1623 0.6256 6.4691, 2.1623 -0.1618 6.4691, 0.8645 0.6256 6.4691, 0.8645 -0.1618 6.4691, 0.8645 0.6256 6.666, 0.8645 -0.1618 6.666, 2.3592 0.6256 6.666, 2.3592 -0.1618 6.666, 2.3592 0.6256 3.902, 2.3592 -0.1618 3.902, 1.7766 0.6256 3.902, 1.7766 -0.1618 3.902, 1.7766 0.6256 1.0669, 1.7766 -0.1618 1.0669, -1.0531 0.2319 0.7874, -1.0531 0.2319 0.0, -1.0531 -0.1618 0.7874, -1.0531 -0.1618 0.0, -0.7382 0.2319 0.7874, -0.7382 -0.1618 0.7874, -0.7382 0.2319 0.0, -0.7382 -0.1618 0.0, -2.0177 0.2319 0.7874, -2.0177 0.2319 0.0, -2.0177 -0.1618 0.7874, -2.0177 -0.1618 0.0, -1.7028 0.2319 0.7874, -1.7028 -0.1618 0.7874, -1.7028 0.2319 0.0, -1.7028 -0.1618 0.0, -3.8091 0.2319 0.7874, -3.8091 0.2319 0.0, -3.8091 -0.1618 0.7874, -3.8091 -0.1618 0.0, -3.4941 0.2319 0.7874, -3.4941 -0.1618 0.7874, -3.4941 0.2319 0.0, -3.4941 -0.1618 0.0, -0.7776 0.6256 1.0669, -0.7776 0.6256 1.2637, -0.7776 -0.1618 1.0669, -0.7776 -0.1618 1.2637, -1.7766 0.6256 1.0669, -1.7766 -0.1618 1.0669, -1.7766 0.6256 3.902, -1.7766 -0.1618 3.902, -2.3592 0.6256 3.902, -2.3592 -0.1618 3.902, -2.3592 0.6256 6.666, -2.3592 -0.1618 6.666, -0.8645 0.6256 6.666, -0.8645 -0.1618 6.666, -0.8645 0.6256 6.4691, -0.8645 -0.1618 6.4691, -2.1623 0.6256 6.4691, -2.1623 -0.1618 6.4691, -2.1623 0.6256 4.0989, -2.1623 -0.1618 4.0989, -1.5797 0.6256 4.0989, -1.5797 -0.1618 4.0989, -1.5797 0.6256 1.2637, -1.5797 -0.1618 1.2637
            ]
        }
        coordIndex [
            0,1,2,-1,2,1,3,-1,4,0,5,-1,5,0,2,-1,6,4,7,-1,7,4,5,-1,4,6,0,-1,0,6,1,-1,8,9,10,-1,10,9,11,-1,12,8,13,-1,13,8,10,-1,14,12,15,-1,15,12,13,-1,12,14,8,-1,8,14,9,-1,16,17,18,-1,18,17,19,-1,20,16,21,-1,21,16,18,-1,22,20,23,-1,23,20,21,-1,16,20,17,-1,17,20,22,-1,24,25,26,-1,26,25,27,-1,28,24,29,-1,29,24,26,-1,30,28,31,-1,31,28,29,-1,32,30,33,-1,33,30,31,-1,34,32,35,-1,35,32,33,-1,36,34,37,-1,37,34,35,-1,38,36,39,-1,39,36,37,-1,40,38,41,-1,41,38,39,-1,42,40,43,-1,43,40,41,-1,44,42,45,-1,45,42,43,-1,46,44,47,-1,47,44,45,-1,25,46,27,-1,27,46,47,-1,36,38,34,-1,34,38,40,-1,34,40,32,-1,32,40,42,-1,32,42,30,-1,30,42,44,-1,30,44,28,-1,28,44,46,-1,28,46,24,-1,24,46,25,-1,48,49,50,-1,50,49,51,-1,52,48,53,-1,53,48,50,-1,54,52,55,-1,55,52,53,-1,52,54,48,-1,48,54,49,-1,56,57,58,-1,58,57,59,-1,60,56,61,-1,61,56,58,-1,62,60,63,-1,63,60,61,-1,56,60,57,-1,57,60,62,-1,64,65,66,-1,66,65,67,-1,68,64,69,-1,69,64,66,-1,70,68,71,-1,71,68,69,-1,68,70,64,-1,64,70,65,-1,72,73,74,-1,74,73,75,-1,76,72,77,-1,77,72,74,-1,78,76,79,-1,79,76,77,-1,80,78,81,-1,81,78,79,-1,82,80,83,-1,83,80,81,-1,84,82,85,-1,85,82,83,-1,86,84,87,-1,87,84,85,-1,88,86,89,-1,89,86,87,-1,90,88,91,-1,91,88,89,-1,92,90,93,-1,93,90,91,-1,94,92,95,-1,95,92,93,-1,73,94,75,-1,75,94,95,-1,73,72,94,-1,94,72,76,-1,94,76,92,-1,92,76,78,-1,92,78,90,-1,90,78,80,-1,90,80,88,-1,88,80,82,-1,88,82,86,-1,86,82,84,-1,
        ]
    }
}
Shape{
    appearance Appearance {
        material  Material 	{
            diffuseColor 0.7529411764705882 0.7529411764705882 0.7529411764705882
            specularColor 0.3764705882352941 0.3764705882352941 0.3764705882352941
            ambientIntensity 0.7529
            transparency 0.0
            shininess 0.5
        }
    }
    geometry IndexedFaceSet {
        ccw TRUE
        solid FALSE
        coord DEF co Coordinate {
            point [
                2.3622 0.2713 3.1728, 2.3622 0.2713 2.3854, 2.3622 0.1532 3.1728, 2.3622 0.1532 2.3854, 3.1496 0.2713 3.1728, 3.1496 0.1532 3.1728, 3.1496 0.2713 2.3854, 3.1496 0.1532 2.3854, -3.1496 0.2713 3.1728, -3.1496 0.2713 2.3854, -3.1496 0.1532 3.1728, -3.1496 0.1532 2.3854, -2.3622 0.2713 3.1728, -2.3622 0.1532 3.1728, -2.3622 0.2713 2.3854, -2.3622 0.1532 2.3854
            ]
        }
        coordIndex [
            0,1,2,-1,2,1,3,-1,4,0,5,-1,5,0,2,-1,6,4,7,-1,7,4,5,-1,1,6,3,-1,3,6,7,-1,4,6,0,-1,0,6,1,-1,8,9,10,-1,10,9,11,-1,12,8,13,-1,13,8,10,-1,14,12,15,-1,15,12,13,-1,9,14,11,-1,11,14,15,-1,12,14,8,-1,8,14,9,-1,
        ]
    }
}
Shape{
    appearance Appearance {
        material  Material 	{
            diffuseColor 1.0 1.0 1.0
            specularColor 0.5019607843137255 0.5019607843137255 0.5019607843137255
            ambientIntensity 1.0
            transparency 0.0
            shininess 0.5
        }
    }
    geometry IndexedFaceSet {
        ccw TRUE
        solid FALSE
        coord DEF co Coordinate {
            point [
                5.7677 -5.7917 4.0505, 5.1772 -5.7917 4.0505, 5.1772 -5.7917 3.2576, 5.1772 -5.7917 1.6883, 5.7677 -5.7917 1.6883, 5.1772 -5.7917 1.7005, 5.1772 -5.7917 2.0457, 5.1772 -5.7917 2.3953, 5.1772 -4.5253 1.6883, 5.1772 -4.5253 4.0505, 5.1772 -4.5253 2.3953, 5.1772 -4.5253 3.2576, 5.1772 -4.5253 1.7005, 5.1772 -4.5253 2.0457, -5.7677 -5.7917 4.0505, -5.7677 -5.7917 1.6883, -5.1772 -5.7917 4.0505, -5.1772 -5.7917 1.6883, -5.1772 -4.5253 4.0505, -5.1772 -4.5253 1.6883, -4.6457 -1.1067 1.1811, -4.6457 -7.6027 1.1811, -4.6235 -1.1067 1.013, -4.6235 -7.6027 1.013, -4.5586 -1.1067 0.8563, -4.5586 -7.6027 0.8563, -4.4554 -1.1067 0.7218, -4.4554 -7.6027 0.7218, -4.3209 -1.1067 0.6185, -4.3209 -7.6027 0.6185, -4.1642 -1.1067 0.5536, -4.1642 -7.6027 0.5536, -3.9961 -1.1067 0.5315, -3.9961 -7.6027 0.5315, -4.6457 -7.6027 4.7799, -4.6457 -1.1067 4.7799, -2.4767 -7.6027 6.9488, -2.4767 -1.1067 6.9488, 2.4767 -7.6027 6.9488, 2.4767 -1.1067 6.9488, 4.6457 -7.6027 4.7799, 4.6457 -1.1067 4.7799, 4.6457 -7.6027 1.1811, 4.6457 -1.1067 1.1811, 3.9961 -1.1067 0.5315, 3.9961 -7.6027 0.5315, 4.1642 -1.1067 0.5536, 4.1642 -7.6027 0.5536, 4.3209 -1.1067 0.6185, 4.3209 -7.6027 0.6185, 4.4554 -1.1067 0.7218, 4.4554 -7.6027 0.7218, 4.5586 -1.1067 0.8563, 4.5586 -7.6027 0.8563, 4.6235 -1.1067 1.013, 4.6235 -7.6027 1.013, -4.8425 -7.7996 1.1811, -4.8425 -7.7996 4.8614, -4.8137 -7.7996 0.962, -4.7291 -7.7996 0.7579, -4.5946 -7.7996 0.5826, -4.4193 -7.7996 0.4481, -4.2151 -7.7996 0.3635, -3.9961 -7.7996 0.3347, -2.5582 -7.7996 7.1457, 3.9961 -7.7996 0.3347, 2.5582 -7.7996 7.1457, 4.2151 -7.7996 0.3635, 4.4193 -7.7996 0.4481, 4.5946 -7.7996 0.5826, 4.7291 -7.7996 0.7579, 4.8137 -7.7996 0.962, 4.8425 -7.7996 1.1811, 4.8425 -7.7996 4.8614
            ]
        }
        coordIndex [
            0,1,2,-1,3,4,5,-1,5,4,6,-1,0,2,4,-1,4,2,7,-1,4,7,6,-1,8,4,3,-1,0,9,1,-1,4,10,0,-1,0,10,11,-1,0,11,9,-1,8,12,4,-1,4,12,13,-1,4,13,10,-1,14,15,16,-1,16,15,17,-1,18,14,16,-1,15,19,17,-1,14,18,15,-1,15,18,19,-1,20,21,22,-1,22,21,23,-1,22,23,24,-1,24,23,25,-1,24,25,26,-1,26,25,27,-1,26,27,28,-1,28,27,29,-1,28,29,30,-1,30,29,31,-1,30,31,32,-1,32,31,33,-1,21,20,34,-1,34,20,35,-1,34,35,36,-1,36,35,37,-1,36,37,38,-1,38,37,39,-1,38,39,40,-1,40,39,41,-1,40,41,42,-1,42,41,43,-1,44,45,46,-1,46,45,47,-1,46,47,48,-1,48,47,49,-1,48,49,50,-1,50,49,51,-1,50,51,52,-1,52,51,53,-1,52,53,54,-1,54,53,55,-1,54,55,43,-1,43,55,42,-1,45,44,33,-1,33,44,32,-1,56,21,57,-1,57,21,34,-1,21,56,23,-1,23,56,58,-1,23,58,25,-1,25,58,59,-1,25,59,27,-1,27,59,60,-1,27,60,29,-1,29,60,61,-1,29,61,31,-1,31,61,62,-1,31,62,33,-1,33,62,63,-1,36,64,34,-1,34,64,57,-1,65,45,63,-1,63,45,33,-1,38,66,36,-1,36,66,64,-1,45,65,47,-1,47,65,67,-1,47,67,49,-1,49,67,68,-1,49,68,51,-1,51,68,69,-1,51,69,53,-1,53,69,70,-1,53,70,55,-1,55,70,71,-1,55,71,42,-1,42,71,72,-1,40,73,38,-1,38,73,66,-1,73,40,72,-1,72,40,42,-1,
        ]
    }
}
Shape{
    appearance Appearance {
        material  Material 	{
            diffuseColor 0.7529411764705882 0.7529411764705882 0.7529411764705882
            specularColor 0.3764705882352941 0.3764705882352941 0.3764705882352941
            ambientIntensity 0.7529
            transparency 0.0
            shininess 0.5
        }
    }
    geometry IndexedFaceSet {
        ccw TRUE
        solid FALSE
        coord DEF co Coordinate {
            point [
                -2.3622 -5.6342 2.1654, -2.3622 -1.1067 2.1654, -2.3622 -5.6342 3.7402, -2.3622 -1.1067 3.7402, -3.1496 -5.6342 3.7402, -3.1496 -1.1067 3.7402, -3.1496 -5.6342 2.1654, -3.1496 -1.1067 2.1654, -2.5591 -5.8311 2.3622, -2.5591 -5.8311 3.5433, -2.9528 -5.8311 2.3622, -2.9528 -5.8311 3.5433, 3.1496 -5.6342 2.1654, 3.1496 -1.1067 2.1654, 3.1496 -5.6342 3.7402, 3.1496 -1.1067 3.7402, 2.3622 -5.6342 3.7402, 2.3622 -1.1067 3.7402, 2.3622 -5.6342 2.1654, 2.3622 -1.1067 2.1654, 2.9528 -5.8311 2.3622, 2.9528 -5.8311 3.5433, 2.5591 -5.8311 2.3622, 2.5591 -5.8311 3.5433, 0.3937 -6.8153 3.7402, 0.3937 -1.1067 3.7402, 0.3937 -6.8153 5.315, 0.3937 -1.1067 5.315, -0.3937 -6.8153 5.315, -0.3937 -1.1067 5.315, -0.3937 -6.8153 3.7402, -0.3937 -1.1067 3.7402, 0.1969 -7.0122 3.937, 0.1969 -7.0122 5.1181, -0.1969 -7.0122 3.937, -0.1969 -7.0122 5.1181, -0.2362 -0.1618 -2.3228, -0.2282 -0.1618 -2.384, -0.2046 -0.1618 -2.4409, -0.0611 -0.1618 -2.551, 0.0 -0.1618 -2.5591, 0.0611 -0.1618 -2.551, -0.167 -0.1618 -2.4899, -0.1181 -0.1618 -2.5274, 0.1181 -0.1618 -2.5274, 0.167 -0.1618 -2.4899, 0.2046 -0.1618 -2.4409, 0.2362 -0.1618 0.0, -0.2362 -0.1618 0.0, 0.2362 -0.1618 -2.3228, 0.2282 -0.1618 -2.384, 0.3937 0.1532 1.9685, -0.3937 0.1532 3.7918, 0.7874 0.1532 1.9685, 0.3937 0.1532 3.7918, 0.7874 0.1532 5.9055, 0.3937 0.1532 4.5792, -0.7874 0.1532 5.9055, -0.3937 0.1532 4.5792, 0.3937 0.1532 0.3937, 0.2362 0.1532 0.3937, -0.3937 0.1532 1.9685, -0.7874 0.1532 1.9685, 0.2282 0.1532 -2.384, 0.2046 0.1532 -2.4409, -0.2362 0.1532 -2.3228, 0.0611 0.1532 -2.551, 0.0 0.1532 -2.5591, -0.0611 0.1532 -2.551, -0.1181 0.1532 -2.5274, -0.3937 0.1532 0.3937, -0.2362 0.1532 0.3937, 0.2362 0.1532 -2.3228, 0.167 0.1532 -2.4899, 0.1181 0.1532 -2.5274, -0.167 0.1532 -2.4899, -0.2046 0.1532 -2.4409, -0.2282 0.1532 -2.384, 0.2362 -0.1618 0.3937, 0.3937 -0.1618 0.3937, -0.2362 -0.1618 0.3937, -0.3937 -0.1618 0.3937, -0.3937 -0.1618 1.9685, -0.7874 -0.1618 1.9685, -0.7874 -0.1618 5.9055, 0.7874 -0.1618 5.9055, 0.7874 -0.1618 1.9685, 0.3937 -0.1618 1.9685, -0.3937 0.1925 4.5792, -0.3937 0.1925 3.7918, 0.3937 0.1925 4.5792, 0.3937 0.1925 3.7918
            ]
        }
        coordIndex [
            0,1,2,-1,2,1,3,-1,2,3,4,-1,4,3,5,-1,4,5,6,-1,6,5,7,-1,6,7,0,-1,0,7,1,-1,8,9,10,-1,10,9,11,-1,12,13,14,-1,14,13,15,-1,14,15,16,-1,16,15,17,-1,16,17,18,-1,18,17,19,-1,18,19,12,-1,12,19,13,-1,20,21,22,-1,22,21,23,-1,24,25,26,-1,26,25,27,-1,26,27,28,-1,28,27,29,-1,28,29,30,-1,30,29,31,-1,30,31,24,-1,24,31,25,-1,32,33,34,-1,34,33,35,-1,16,23,14,-1,14,23,21,-1,18,22,16,-1,16,22,23,-1,20,12,21,-1,21,12,14,-1,12,20,18,-1,18,20,22,-1,28,35,26,-1,26,35,33,-1,30,34,28,-1,28,34,35,-1,32,24,33,-1,33,24,26,-1,24,32,30,-1,30,32,34,-1,4,11,2,-1,2,11,9,-1,6,10,4,-1,4,10,11,-1,8,0,9,-1,9,0,2,-1,0,8,6,-1,6,8,10,-1,36,37,38,-1,39,40,36,-1,36,40,41,-1,38,42,36,-1,36,42,43,-1,36,43,39,-1,41,44,36,-1,36,44,45,-1,36,45,46,-1,47,48,49,-1,49,48,36,-1,49,36,50,-1,50,36,46,-1,51,52,53,-1,53,52,54,-1,53,54,55,-1,55,54,56,-1,55,56,57,-1,57,56,58,-1,57,58,52,-1,51,59,52,-1,52,59,60,-1,52,60,57,-1,57,60,61,-1,57,61,62,-1,63,64,65,-1,66,67,65,-1,65,67,68,-1,65,68,69,-1,70,61,71,-1,71,61,60,-1,71,60,65,-1,65,60,72,-1,65,72,63,-1,64,73,65,-1,65,73,74,-1,65,74,66,-1,69,75,65,-1,65,75,76,-1,65,76,77,-1,60,59,78,-1,78,59,79,-1,49,72,47,-1,47,72,60,-1,47,60,78,-1,72,49,50,-1,72,50,63,-1,63,50,46,-1,63,46,64,-1,64,46,45,-1,64,45,73,-1,73,45,44,-1,73,44,74,-1,74,44,41,-1,74,41,66,-1,66,41,40,-1,66,40,67,-1,67,40,39,-1,67,39,68,-1,68,39,43,-1,68,43,69,-1,69,43,42,-1,69,42,75,-1,75,42,38,-1,75,38,76,-1,76,38,37,-1,76,37,77,-1,77,37,36,-1,77,36,65,-1,65,36,71,-1,71,36,48,-1,71,48,80,-1,70,71,81,-1,81,71,80,-1,61,70,82,-1,82,70,81,-1,62,61,83,-1,83,61,82,-1,57,62,84,-1,84,62,83,-1,55,57,85,-1,85,57,84,-1,53,55,86,-1,86,55,85,-1,51,53,87,-1,87,53,86,-1,59,51,79,-1,79,51,87,-1,58,88,52,-1,52,88,89,-1,56,90,58,-1,58,90,88,-1,54,91,56,-1,56,91,90,-1,52,89,54,-1,54,89,91,-1,90,91,88,-1,88,91,89,-1,
        ]
    }
}
Shape{
    appearance Appearance {
        material  Material 	{
            diffuseColor 1.0 1.0 1.0
            specularColor 0.5019607843137255 0.5019607843137255 0.5019607843137255
            ambientIntensity 1.0
            transparency 0.0
            shininess 0.5
        }
    }
    geometry IndexedFaceSet {
        ccw TRUE
        solid FALSE
        coord DEF co Coordinate {
            point [
                2.6323 -4.2169 -0.8268, 2.7091 -4.2169 -0.8661, 2.6323 -4.2169 -0.6693, 2.815 -4.2169 -0.6693, 3.2732 -4.2169 -0.8268, 3.2732 -4.2169 -0.6693, 3.1964 -4.2169 -0.8661, 3.0906 -4.2169 -0.6693, 2.8346 -4.2169 -0.9107, 2.8346 -4.2169 -0.2362, 2.815 -4.2169 0.0, 3.0906 -4.2169 0.0, 3.0709 -4.2169 -0.2362, 3.0709 -4.2169 -0.9107, -3.0709 -4.2169 -0.9107, -3.0709 -4.2169 -0.2362, -3.0906 -4.2169 -0.6693, -3.1964 -4.2169 -0.8661, -3.2732 -4.2169 -0.6693, -3.2732 -4.2169 -0.8268, -2.6323 -4.2169 -0.8268, -2.6323 -4.2169 -0.6693, -2.7091 -4.2169 -0.8661, -2.815 -4.2169 -0.6693, -2.8346 -4.2169 -0.9107, -2.8346 -4.2169 -0.2362, -2.815 -4.2169 0.0, -3.0906 -4.2169 0.0
            ]
        }
        coordIndex [
            0,1,2,-1,2,1,3,-1,4,5,6,-1,6,5,7,-1,1,8,3,-1,3,8,9,-1,3,9,10,-1,10,9,11,-1,11,9,12,-1,11,12,7,-1,7,12,13,-1,7,13,6,-1,14,15,16,-1,14,16,17,-1,17,16,18,-1,17,18,19,-1,20,21,22,-1,22,21,23,-1,22,23,24,-1,24,23,25,-1,25,23,26,-1,25,26,15,-1,15,26,27,-1,15,27,16,-1,
        ]
    }
}
Shape{
    appearance Appearance {
        material  Material 	{
            diffuseColor 0.0 0.0 0.0
            specularColor 0.0 0.0 0.0
            ambientIntensity 0.0
            transparency 0.0
            shininess 0.5
        }
    }
    geometry IndexedFaceSet {
        ccw TRUE
        solid FALSE
        coord DEF co Coordinate {
            point [
                5.1811 -1.677 2.1566, 5.1811 -1.677 2.1262, 5.1772 -1.677 2.1566, 5.1772 -1.677 2.1262, 5.1811 -1.7833 2.1566, 5.1772 -1.7833 2.1566, 5.1811 -1.7833 2.3931, 5.1772 -1.7833 2.3931, 5.1811 -1.8178 2.3931, 5.1772 -1.8178 2.3931, 5.1811 -1.8178 2.1262, 5.1772 -1.8178 2.1262, 5.1811 -1.5402 2.1217, 5.1772 -1.5402 2.1217, 5.1772 -1.4995 2.1256, 5.1772 -1.4777 2.1327, 5.1811 -1.4708 2.1349, 5.1811 -1.4995 2.1256, 5.1772 -1.4708 2.1349, 5.1772 -1.4663 2.1372, 5.1811 -1.4663 2.1372, 5.1811 -1.4663 2.1702, 5.1772 -1.4663 2.1702, 5.1811 -1.489 2.1596, 5.1772 -1.4777 2.1649, 5.1772 -1.489 2.1596, 5.1772 -1.5185 2.1532, 5.1811 -1.5185 2.1532, 5.1772 -1.5352 2.1524, 5.1811 -1.5352 2.1524, 5.1772 -1.5599 2.1551, 5.1811 -1.5599 2.1551, 5.1772 -1.5793 2.1621, 5.1811 -1.5793 2.1621, 5.1772 -1.5971 2.1741, 5.1811 -1.5971 2.1741, 5.1772 -1.6038 2.1805, 5.1811 -1.6038 2.1805, 5.1772 -1.6166 2.1983, 5.1811 -1.6166 2.1983, 5.1772 -1.6253 2.2197, 5.1811 -1.6253 2.2197, 5.1772 -1.6296 2.2463, 5.1811 -1.6296 2.2463, 5.1772 -1.63 2.2566, 5.1811 -1.63 2.2566, 5.1772 -1.6256 2.293, 5.1811 -1.6256 2.293, 5.1772 -1.6167 2.3161, 5.1811 -1.6167 2.3161, 5.1772 -1.6039 2.3347, 5.1811 -1.6039 2.3347, 5.1772 -1.6019 2.3368, 5.1811 -1.6019 2.3368, 5.1772 -1.5843 2.3515, 5.1811 -1.5843 2.3515, 5.1772 -1.5634 2.3614, 5.1811 -1.5634 2.3614, 5.1772 -1.5403 2.366, 5.1811 -1.5403 2.366, 5.1772 -1.5292 2.3665, 5.1811 -1.5292 2.3665, 5.1772 -1.4963 2.3625, 5.1772 -1.4777 2.3554, 5.1811 -1.4693 2.3522, 5.1811 -1.4963 2.3625, 5.1772 -1.4693 2.3522, 5.1772 -1.4663 2.3506, 5.1811 -1.4663 2.3506, 5.1811 -1.4663 2.3867, 5.1772 -1.4663 2.3867, 5.1772 -1.4777 2.3899, 5.1811 -1.4946 2.3948, 5.1772 -1.5295 2.3976, 5.1811 -1.5295 2.3976, 5.1772 -1.5009 2.3953, 5.1772 -1.4946 2.3948, 5.1772 -1.5482 2.3953, 5.1811 -1.5679 2.3929, 5.1772 -1.5679 2.3929, 5.1772 -1.5958 2.3821, 5.1811 -1.5958 2.3821, 5.1772 -1.6217 2.3639, 5.1811 -1.6217 2.3639, 5.1772 -1.6276 2.3583, 5.1811 -1.6276 2.3583, 5.1772 -1.6469 2.333, 5.1811 -1.6469 2.333, 5.1772 -1.6596 2.3033, 5.1811 -1.6596 2.3033, 5.1772 -1.6656 2.2685, 5.1811 -1.6656 2.2685, 5.1772 -1.6661 2.2546, 5.1811 -1.6661 2.2546, 5.1772 -1.6609 2.2114, 5.1811 -1.6609 2.2114, 5.1772 -1.6501 2.1835, 5.1811 -1.6501 2.1835, 5.1772 -1.6342 2.1607, 5.1811 -1.6342 2.1607, 5.1772 -1.6319 2.1581, 5.1811 -1.6319 2.1581, 5.1772 -1.6129 2.1419, 5.1811 -1.6129 2.1419, 5.1772 -1.5881 2.1294, 5.1811 -1.5881 2.1294, 5.1772 -1.5597 2.1228, 5.1811 -1.5597 2.1228, 5.1811 -1.2693 2.1566, 5.1811 -1.2693 2.1262, 5.1772 -1.2693 2.1566, 5.1772 -1.2693 2.1262, 5.1772 -1.3784 2.1566, 5.1811 -1.3784 2.1566, 5.1772 -1.3063 2.1566, 5.1811 -1.3784 2.2464, 5.1772 -1.3784 2.2464, 5.1772 -1.283 2.2464, 5.1811 -1.283 2.2464, 5.1772 -1.3063 2.2464, 5.1811 -1.283 2.2769, 5.1772 -1.283 2.2769, 5.1772 -1.3784 2.2769, 5.1811 -1.3784 2.2769, 5.1772 -1.3063 2.2769, 5.1811 -1.3784 2.3624, 5.1772 -1.3784 2.3624, 5.1772 -1.2754 2.3624, 5.1811 -1.2754 2.3624, 5.1772 -1.3063 2.3624, 5.1811 -1.2754 2.3931, 5.1772 -1.2754 2.3931, 5.1772 -1.4129 2.3931, 5.1811 -1.4129 2.3931, 5.1772 -1.3063 2.3931, 5.1811 -1.4129 2.1262, 5.1772 -1.4129 2.1262, 5.1772 -1.3063 2.1262, 5.1811 -1.0529 2.2011, 5.1811 -1.0663 2.1844, 5.1811 -1.0419 2.1636, 5.1811 -1.0696 2.1814, 5.1811 -1.07 2.1434, 5.1811 -1.0869 2.1694, 5.1811 -1.1004 2.1316, 5.1811 -1.109 2.1609, 5.1811 -1.1455 2.1262, 5.1811 -1.1457 2.1566, 5.1811 -1.2189 2.1262, 5.1811 -1.1844 2.1566, 5.1811 -1.2189 2.3931, 5.1811 -1.1844 2.3624, 5.1811 -1.1428 2.3931, 5.1811 -1.1441 2.3624, 5.1811 -1.102 2.3886, 5.1811 -1.1088 2.3583, 5.1811 -1.0698 2.3768, 5.1811 -1.0858 2.3498, 5.1811 -1.0419 2.3577, 5.1811 -1.0671 2.3373, 5.1811 -1.0323 2.3484, 5.1811 -1.0572 2.327, 5.1811 -1.0158 2.3251, 5.1811 -1.0475 2.3113, 5.1811 -1.006 2.2996, 5.1811 -1.0406 2.2904, 5.1811 -1.0016 2.263, 5.1811 -1.0378 2.2621, 5.1811 -1.003 2.2409, 5.1811 -1.0387 2.2455, 5.1811 -1.0104 2.2105, 5.1811 -1.0438 2.221, 5.1811 -1.0245 2.1834, 5.1772 -1.1455 2.1262, 5.1772 -1.2189 2.1262, 5.1772 -1.0419 2.1636, 5.1772 -1.1004 2.1316, 5.1772 -1.0966 2.1331, 5.1772 -1.07 2.1434, 5.1772 -1.0245 2.1834, 5.1772 -1.0104 2.2105, 5.1772 -1.003 2.2409, 5.1772 -1.0016 2.263, 5.1772 -1.006 2.2996, 5.1772 -1.0158 2.3251, 5.1772 -1.0323 2.3484, 5.1772 -1.0419 2.3577, 5.1772 -1.0698 2.3768, 5.1772 -1.0966 2.3866, 5.1772 -1.102 2.3886, 5.1772 -1.1428 2.3931, 5.1772 -1.2189 2.3931, 5.1772 -1.1441 2.3624, 5.1772 -1.1844 2.3624, 5.1772 -1.1844 2.1566, 5.1772 -1.1457 2.1566, 5.1772 -1.0663 2.1844, 5.1772 -1.0696 2.1814, 5.1772 -1.0869 2.1694, 5.1772 -1.109 2.1609, 5.1772 -1.0378 2.2621, 5.1772 -1.0387 2.2455, 5.1772 -1.0438 2.221, 5.1772 -1.0529 2.2011, 5.1772 -1.0671 2.3373, 5.1772 -1.0572 2.327, 5.1772 -1.0475 2.3113, 5.1772 -1.0406 2.2904, 5.1772 -1.1088 2.3583, 5.1772 -1.0858 2.3498
            ]
        }
        coordIndex [
            0,1,2,-1,2,1,3,-1,4,0,5,-1,5,0,2,-1,6,4,7,-1,7,4,5,-1,8,6,9,-1,9,6,7,-1,10,8,11,-1,11,8,9,-1,1,10,3,-1,3,10,11,-1,6,8,4,-1,4,8,10,-1,4,10,0,-1,0,10,1,-1,12,13,14,-1,15,16,14,-1,14,16,17,-1,14,17,12,-1,15,18,16,-1,16,18,19,-1,16,19,20,-1,21,20,22,-1,22,20,19,-1,23,21,24,-1,24,21,22,-1,24,25,23,-1,23,25,26,-1,23,26,27,-1,27,26,28,-1,27,28,29,-1,29,28,30,-1,29,30,31,-1,31,30,32,-1,31,32,33,-1,33,32,34,-1,33,34,35,-1,35,34,36,-1,35,36,37,-1,37,36,38,-1,37,38,39,-1,39,38,40,-1,39,40,41,-1,41,40,42,-1,41,42,43,-1,43,42,44,-1,43,44,45,-1,45,44,46,-1,45,46,47,-1,47,46,48,-1,47,48,49,-1,49,48,50,-1,49,50,51,-1,51,50,52,-1,51,52,53,-1,53,52,54,-1,53,54,55,-1,55,54,56,-1,55,56,57,-1,57,56,58,-1,57,58,59,-1,59,58,60,-1,59,60,61,-1,61,60,62,-1,63,64,62,-1,62,64,65,-1,62,65,61,-1,63,66,64,-1,64,66,67,-1,64,67,68,-1,69,68,70,-1,70,68,67,-1,69,70,71,-1,69,71,72,-1,73,74,75,-1,75,74,72,-1,75,72,76,-1,76,72,71,-1,74,73,77,-1,74,77,78,-1,77,79,78,-1,78,79,80,-1,78,80,81,-1,81,80,82,-1,81,82,83,-1,83,82,84,-1,83,84,85,-1,85,84,86,-1,85,86,87,-1,87,86,88,-1,87,88,89,-1,89,88,90,-1,89,90,91,-1,91,90,92,-1,91,92,93,-1,93,92,94,-1,93,94,95,-1,95,94,96,-1,95,96,97,-1,97,96,98,-1,97,98,99,-1,99,98,100,-1,99,100,101,-1,101,100,102,-1,101,102,103,-1,103,102,104,-1,103,104,105,-1,105,104,106,-1,105,106,107,-1,107,106,13,-1,107,13,12,-1,47,49,87,-1,55,57,78,-1,87,49,85,-1,78,57,74,-1,78,81,55,-1,55,81,83,-1,55,83,53,-1,53,83,85,-1,53,85,51,-1,51,85,49,-1,57,59,74,-1,74,59,61,-1,74,61,72,-1,72,61,65,-1,72,65,69,-1,69,65,64,-1,69,64,68,-1,93,45,91,-1,91,45,47,-1,91,47,89,-1,89,47,87,-1,20,21,16,-1,16,21,23,-1,16,23,17,-1,17,23,27,-1,17,27,12,-1,12,27,29,-1,12,29,107,-1,107,29,31,-1,107,31,105,-1,105,31,33,-1,105,33,103,-1,103,33,35,-1,103,35,101,-1,101,35,37,-1,101,37,99,-1,99,37,39,-1,99,39,97,-1,97,39,95,-1,95,39,41,-1,95,41,93,-1,93,41,43,-1,93,43,45,-1,108,109,110,-1,110,109,111,-1,112,113,114,-1,114,113,108,-1,114,108,110,-1,115,113,116,-1,116,113,112,-1,117,118,119,-1,119,118,115,-1,119,115,116,-1,120,118,121,-1,121,118,117,-1,122,123,124,-1,124,123,120,-1,124,120,121,-1,125,123,126,-1,126,123,122,-1,127,128,129,-1,129,128,125,-1,129,125,126,-1,130,128,131,-1,131,128,127,-1,132,133,134,-1,134,133,130,-1,134,130,131,-1,135,133,136,-1,136,133,132,-1,111,109,137,-1,137,109,135,-1,137,135,136,-1,135,109,108,-1,108,113,135,-1,135,113,115,-1,135,115,133,-1,128,130,125,-1,125,130,133,-1,125,133,123,-1,123,133,115,-1,123,115,120,-1,120,115,118,-1,138,139,140,-1,140,139,141,-1,140,141,142,-1,142,141,143,-1,142,143,144,-1,144,143,145,-1,144,145,146,-1,146,145,147,-1,146,147,148,-1,148,147,149,-1,148,149,150,-1,150,149,151,-1,150,151,152,-1,152,151,153,-1,152,153,154,-1,154,153,155,-1,154,155,156,-1,156,155,157,-1,156,157,158,-1,158,157,159,-1,158,159,160,-1,160,159,161,-1,160,161,162,-1,162,161,163,-1,162,163,164,-1,164,163,165,-1,164,165,166,-1,166,165,167,-1,166,167,168,-1,168,167,169,-1,168,169,170,-1,170,169,171,-1,170,171,172,-1,172,171,138,-1,172,138,140,-1,146,148,173,-1,173,148,174,-1,175,140,142,-1,146,173,176,-1,146,176,144,-1,144,176,177,-1,144,177,142,-1,142,177,178,-1,142,178,175,-1,140,175,179,-1,140,179,172,-1,172,179,180,-1,172,180,170,-1,170,180,181,-1,170,181,168,-1,168,181,182,-1,168,182,166,-1,166,182,183,-1,166,183,164,-1,164,183,184,-1,164,184,162,-1,162,184,185,-1,162,185,160,-1,160,185,186,-1,160,186,158,-1,158,186,187,-1,188,154,187,-1,187,154,156,-1,187,156,158,-1,188,189,154,-1,154,189,190,-1,154,190,152,-1,150,152,191,-1,191,152,190,-1,148,150,174,-1,174,150,191,-1,153,151,192,-1,192,151,193,-1,151,149,193,-1,193,149,194,-1,149,147,194,-1,194,147,195,-1,139,196,197,-1,139,197,141,-1,141,197,198,-1,141,198,143,-1,143,198,199,-1,143,199,145,-1,145,199,195,-1,145,195,147,-1,167,200,201,-1,167,201,169,-1,169,201,202,-1,169,202,171,-1,171,202,203,-1,171,203,138,-1,138,203,196,-1,138,196,139,-1,159,204,205,-1,159,205,161,-1,161,205,206,-1,161,206,163,-1,163,206,207,-1,163,207,165,-1,165,207,200,-1,165,200,167,-1,153,192,208,-1,153,208,155,-1,155,208,209,-1,155,209,157,-1,157,209,204,-1,157,204,159,-1,
        ]
    }
}
Shape{
    appearance Appearance {
        material  Material 	{
            diffuseColor 1.0 1.0 1.0
            specularColor 0.5019607843137255 0.5019607843137255 0.5019607843137255
            ambientIntensity 1.0
            transparency 0.0
            shininess 0.5
        }
    }
    geometry IndexedFaceSet {
        ccw TRUE
        solid FALSE
        coord DEF co Coordinate {
            point [
                5.1772 -1.1844 2.3624, 5.1772 -1.1844 2.1566, 5.1772 -1.1441 2.3624, 5.1772 -1.1457 2.1566, 5.1772 -1.109 2.1609, 5.1772 -1.0869 2.1694, 5.1772 -1.0696 2.1814, 5.1772 -1.0378 2.2621, 5.1772 -1.0671 2.3373, 5.1772 -1.0858 2.3498, 5.1772 -1.0663 2.1844, 5.1772 -1.0529 2.2011, 5.1772 -1.0438 2.221, 5.1772 -1.0572 2.327, 5.1772 -1.0406 2.2904, 5.1772 -1.0475 2.3113, 5.1772 -1.0387 2.2455, 5.1772 -1.1088 2.3583
            ]
        }
        coordIndex [
            0,1,2,-1,2,1,3,-1,3,4,2,-1,2,4,5,-1,2,5,6,-1,7,8,9,-1,6,10,2,-1,2,10,11,-1,2,11,12,-1,8,7,13,-1,13,7,14,-1,13,14,15,-1,12,16,2,-1,2,16,7,-1,2,7,17,-1,17,7,9,-1,
        ]
    }
}
Shape{
    appearance Appearance {
        material  Material 	{
            diffuseColor 0.0 0.0 0.0
            specularColor 0.0 0.0 0.0
            ambientIntensity 0.0
            transparency 0.0
            shininess 0.5
        }
    }
    geometry IndexedFaceSet {
        ccw TRUE
        solid FALSE
        coord DEF co Coordinate {
            point [
                5.1811 -0.9122 2.2293, 5.1811 -0.9231 2.1992, 5.1811 -0.8226 2.2293, 5.1811 -0.8119 2.1992, 5.1811 -0.8722 2.3403, 5.1811 -0.8851 2.3931, 5.1811 -0.9868 2.1262, 5.1811 -0.9487 2.1262, 5.1811 -0.8699 2.3482, 5.1811 -0.8679 2.359, 5.1811 -0.8483 2.3931, 5.1811 -0.8671 2.359, 5.1811 -0.8649 2.3477, 5.1811 -0.8629 2.3403, 5.1811 -0.7466 2.1262, 5.1811 -0.7847 2.1262, 5.1772 -0.8483 2.3931, 5.1772 -0.7466 2.1262, 5.1772 -0.8851 2.3931, 5.1772 -0.9868 2.1262, 5.1772 -0.9099 2.3281, 5.1772 -0.9487 2.1262, 5.1772 -0.9231 2.1992, 5.1772 -0.8119 2.1992, 5.1772 -0.9099 2.1992, 5.1772 -0.7847 2.1262, 5.1772 -0.9122 2.2293, 5.1772 -0.8226 2.2293, 5.1772 -0.8629 2.3403, 5.1772 -0.8671 2.359, 5.1772 -0.8649 2.3477, 5.1772 -0.8679 2.359, 5.1772 -0.8722 2.3403, 5.1772 -0.8699 2.3482
            ]
        }
        coordIndex [
            0,1,2,-1,2,1,3,-1,4,5,0,-1,0,5,6,-1,0,6,1,-1,1,6,7,-1,4,8,5,-1,5,8,9,-1,5,9,10,-1,10,9,11,-1,10,11,12,-1,12,13,10,-1,10,13,2,-1,10,2,14,-1,14,2,3,-1,14,3,15,-1,10,14,16,-1,16,14,17,-1,5,10,18,-1,18,10,16,-1,19,6,20,-1,20,6,5,-1,20,5,18,-1,7,6,21,-1,21,6,19,-1,1,7,22,-1,22,7,21,-1,23,3,24,-1,24,3,1,-1,24,1,22,-1,15,3,25,-1,25,3,23,-1,14,15,17,-1,17,15,25,-1,0,2,26,-1,26,2,27,-1,2,13,27,-1,27,13,28,-1,11,29,30,-1,11,30,12,-1,12,30,28,-1,12,28,13,-1,11,9,29,-1,29,9,31,-1,4,32,33,-1,4,33,8,-1,8,33,31,-1,8,31,9,-1,4,0,32,-1,32,0,26,-1,
        ]
    }
}
Shape{
    appearance Appearance {
        material  Material 	{
            diffuseColor 1.0 1.0 1.0
            specularColor 0.5019607843137255 0.5019607843137255 0.5019607843137255
            ambientIntensity 1.0
            transparency 0.0
            shininess 0.5
        }
    }
    geometry IndexedFaceSet {
        ccw TRUE
        solid FALSE
        coord DEF co Coordinate {
            point [
                5.1772 -0.8671 2.359, 5.1772 -0.8679 2.359, 5.1772 -0.8649 2.3477, 5.1772 -0.8699 2.3482, 5.1772 -0.8629 2.3403, 5.1772 -0.8722 2.3403, 5.1772 -0.8226 2.2293, 5.1772 -0.9122 2.2293
            ]
        }
        coordIndex [
            0,1,2,-1,2,1,3,-1,2,3,4,-1,4,3,5,-1,4,5,6,-1,6,5,7,-1,
        ]
    }
}
Shape{
    appearance Appearance {
        material  Material 	{
            diffuseColor 0.0 0.0 0.0
            specularColor 0.0 0.0 0.0
            ambientIntensity 0.0
            transparency 0.0
            shininess 0.5
        }
    }
    geometry IndexedFaceSet {
        ccw TRUE
        solid FALSE
        coord DEF co Coordinate {
            point [
                5.1811 -1.6742 1.7332, 5.1811 -1.6742 1.7028, 5.1772 -1.6742 1.7332, 5.1772 -1.6742 1.7028, 5.1772 -1.7833 1.7332, 5.1811 -1.7833 1.7332, 5.1772 -1.6756 1.7332, 5.1811 -1.7833 1.823, 5.1772 -1.7833 1.823, 5.1811 -1.6879 1.823, 5.1772 -1.6879 1.823, 5.1811 -1.6879 1.8535, 5.1772 -1.6879 1.8535, 5.1811 -1.7833 1.8535, 5.1772 -1.7833 1.8535, 5.1811 -1.7833 1.939, 5.1772 -1.7833 1.939, 5.1811 -1.6803 1.939, 5.1772 -1.6803 1.939, 5.1811 -1.6803 1.9697, 5.1772 -1.6803 1.9697, 5.1811 -1.8178 1.9697, 5.1772 -1.8178 1.9697, 5.1811 -1.8178 1.7028, 5.1772 -1.8178 1.7028, 5.1772 -1.6756 1.7028, 5.1811 -1.5234 1.7322, 5.1811 -1.5225 1.7322, 5.1811 -1.5247 1.763, 5.1811 -1.5225 1.7779, 5.1811 -1.4891 1.8254, 5.1811 -1.5225 1.7801, 5.1811 -1.5225 1.7984, 5.1811 -1.5225 1.7028, 5.1811 -1.4891 1.7028, 5.1811 -1.5952 1.784, 5.1811 -1.5873 1.7877, 5.1811 -1.6045 1.8097, 5.1811 -1.5296 1.7511, 5.1811 -1.5368 1.7412, 5.1811 -1.5287 1.7242, 5.1811 -1.541 1.7371, 5.1811 -1.5393 1.7128, 5.1811 -1.5505 1.7308, 5.1811 -1.551 1.7051, 5.1811 -1.5606 1.7271, 5.1811 -1.5645 1.7002, 5.1811 -1.5731 1.7257, 5.1811 -1.5818 1.6983, 5.1811 -1.5844 1.727, 5.1811 -1.6018 1.7006, 5.1811 -1.592 1.7297, 5.1811 -1.6146 1.7054, 5.1811 -1.5986 1.7343, 5.1811 -1.6259 1.7133, 5.1811 -1.6015 1.7371, 5.1811 -1.579 1.816, 5.1811 -1.5671 1.7924, 5.1811 -1.5225 1.8239, 5.1811 -1.5995 1.7807, 5.1811 -1.6187 1.8024, 5.1811 -1.6035 1.7757, 5.1811 -1.6289 1.7935, 5.1811 -1.6064 1.7695, 5.1811 -1.6355 1.7839, 5.1811 -1.608 1.7618, 5.1811 -1.6401 1.7721, 5.1811 -1.6083 1.7565, 5.1811 -1.6422 1.7538, 5.1811 -1.6075 1.7488, 5.1811 -1.6406 1.7386, 5.1811 -1.6053 1.7428, 5.1811 -1.6365 1.7273, 5.1811 -1.6296 1.717, 5.1811 -1.6236 1.88, 5.1811 -1.6236 1.8475, 5.1811 -1.6166 1.8841, 5.1811 -1.6026 1.861, 5.1811 -1.5917 1.8937, 5.1811 -1.5817 1.8684, 5.1811 -1.558 1.8977, 5.1811 -1.5611 1.8706, 5.1811 -1.5384 1.896, 5.1811 -1.5498 1.8694, 5.1811 -1.5242 1.8918, 5.1811 -1.542 1.8667, 5.1811 -1.513 1.8856, 5.1811 -1.5361 1.8629, 5.1811 -1.504 1.8771, 5.1811 -1.531 1.8575, 5.1811 -1.4971 1.8664, 5.1811 -1.5271 1.8506, 5.1811 -1.4918 1.8514, 5.1811 -1.5237 1.8387, 5.1772 -1.558 1.8977, 5.1772 -1.5917 1.8937, 5.1772 -1.6166 1.8841, 5.1772 -1.6236 1.88, 5.1772 -1.6236 1.8475, 5.1772 -1.6026 1.861, 5.1772 -1.5817 1.8684, 5.1772 -1.5611 1.8706, 5.1772 -1.5498 1.8694, 5.1772 -1.542 1.8667, 5.1772 -1.5361 1.8629, 5.1772 -1.531 1.8575, 5.1772 -1.5271 1.8506, 5.1772 -1.5237 1.8387, 5.1772 -1.5225 1.8239, 5.1772 -1.579 1.816, 5.1772 -1.6045 1.8097, 5.1772 -1.6187 1.8024, 5.1772 -1.6289 1.7935, 5.1772 -1.6355 1.7839, 5.1772 -1.6401 1.7721, 5.1772 -1.6422 1.7538, 5.1772 -1.6406 1.7386, 5.1772 -1.6365 1.7273, 5.1772 -1.6296 1.717, 5.1772 -1.6259 1.7133, 5.1772 -1.5818 1.6983, 5.1772 -1.6012 1.7005, 5.1772 -1.6018 1.7006, 5.1772 -1.6146 1.7054, 5.1772 -1.5645 1.7002, 5.1772 -1.5636 1.7005, 5.1772 -1.551 1.7051, 5.1772 -1.5393 1.7128, 5.1772 -1.5287 1.7242, 5.1772 -1.5234 1.7322, 5.1772 -1.5225 1.7322, 5.1772 -1.5225 1.7028, 5.1772 -1.4891 1.7028, 5.1772 -1.4891 1.8254, 5.1772 -1.4918 1.8514, 5.1772 -1.4971 1.8664, 5.1772 -1.504 1.8771, 5.1772 -1.513 1.8856, 5.1772 -1.5242 1.8918, 5.1772 -1.5384 1.896, 5.1772 -1.5995 1.7807, 5.1772 -1.5952 1.784, 5.1772 -1.5873 1.7877, 5.1772 -1.5671 1.7924, 5.1772 -1.6083 1.7565, 5.1772 -1.608 1.7618, 5.1772 -1.6064 1.7695, 5.1772 -1.6035 1.7757, 5.1772 -1.5986 1.7343, 5.1772 -1.6015 1.7371, 5.1772 -1.6053 1.7428, 5.1772 -1.6075 1.7488, 5.1772 -1.5731 1.7257, 5.1772 -1.5844 1.727, 5.1772 -1.592 1.7297, 5.1772 -1.5368 1.7412, 5.1772 -1.541 1.7371, 5.1772 -1.5505 1.7308, 5.1772 -1.5606 1.7271, 5.1772 -1.5225 1.7801, 5.1772 -1.5225 1.7779, 5.1772 -1.5247 1.763, 5.1772 -1.5296 1.7511, 5.1772 -1.5225 1.7984
            ]
        }
        coordIndex [
            0,1,2,-1,2,1,3,-1,4,5,6,-1,6,5,0,-1,6,0,2,-1,7,5,8,-1,8,5,4,-1,9,7,10,-1,10,7,8,-1,11,9,12,-1,12,9,10,-1,13,11,14,-1,14,11,12,-1,15,13,16,-1,16,13,14,-1,17,15,18,-1,18,15,16,-1,19,17,20,-1,20,17,18,-1,21,19,22,-1,22,19,20,-1,23,21,24,-1,24,21,22,-1,3,1,25,-1,25,1,23,-1,25,23,24,-1,23,1,0,-1,0,5,23,-1,23,5,7,-1,23,7,21,-1,17,19,15,-1,15,19,21,-1,15,21,13,-1,13,21,7,-1,13,7,11,-1,11,7,9,-1,26,27,28,-1,29,30,31,-1,31,30,32,-1,33,34,27,-1,27,34,30,-1,27,30,28,-1,28,30,29,-1,35,36,37,-1,28,38,26,-1,26,38,39,-1,26,39,40,-1,40,39,41,-1,40,41,42,-1,42,41,43,-1,42,43,44,-1,44,43,45,-1,44,45,46,-1,46,45,47,-1,46,47,48,-1,48,47,49,-1,48,49,50,-1,50,49,51,-1,50,51,52,-1,52,51,53,-1,52,53,54,-1,54,53,55,-1,37,36,56,-1,56,36,57,-1,56,57,58,-1,35,37,59,-1,59,37,60,-1,59,60,61,-1,61,60,62,-1,61,62,63,-1,63,62,64,-1,63,64,65,-1,65,64,66,-1,65,66,67,-1,67,66,68,-1,67,68,69,-1,69,68,70,-1,69,70,71,-1,71,70,72,-1,71,72,55,-1,55,72,73,-1,55,73,54,-1,74,75,76,-1,76,75,77,-1,76,77,78,-1,78,77,79,-1,78,79,80,-1,80,79,81,-1,80,81,82,-1,82,81,83,-1,82,83,84,-1,84,83,85,-1,84,85,86,-1,86,85,87,-1,86,87,88,-1,88,87,89,-1,88,89,90,-1,90,89,91,-1,90,91,92,-1,92,91,93,-1,92,93,30,-1,30,93,58,-1,30,58,32,-1,32,58,57,-1,80,94,95,-1,80,95,78,-1,78,95,96,-1,78,96,76,-1,76,96,97,-1,76,97,74,-1,75,74,98,-1,98,74,97,-1,75,98,99,-1,75,99,77,-1,77,99,100,-1,77,100,79,-1,79,100,101,-1,79,101,81,-1,81,101,102,-1,81,102,83,-1,83,102,103,-1,83,103,85,-1,85,103,104,-1,85,104,87,-1,87,104,105,-1,87,105,89,-1,89,105,106,-1,89,106,91,-1,91,106,107,-1,91,107,93,-1,93,107,108,-1,93,108,58,-1,56,58,109,-1,109,58,108,-1,56,109,110,-1,56,110,37,-1,37,110,111,-1,37,111,60,-1,60,111,112,-1,60,112,62,-1,62,112,113,-1,62,113,64,-1,64,113,114,-1,64,114,66,-1,66,114,115,-1,66,115,68,-1,68,115,116,-1,68,116,70,-1,70,116,117,-1,70,117,72,-1,72,117,118,-1,72,118,73,-1,73,118,119,-1,73,119,54,-1,120,48,121,-1,121,48,50,-1,121,50,122,-1,122,50,52,-1,122,52,123,-1,123,52,54,-1,123,54,119,-1,48,120,124,-1,48,124,46,-1,46,124,125,-1,46,125,44,-1,125,126,44,-1,44,126,127,-1,44,127,42,-1,42,127,128,-1,42,128,40,-1,40,128,129,-1,40,129,26,-1,27,26,130,-1,130,26,129,-1,33,27,131,-1,131,27,130,-1,34,33,132,-1,132,33,131,-1,30,34,133,-1,133,34,132,-1,30,133,134,-1,30,134,92,-1,92,134,135,-1,92,135,90,-1,90,135,136,-1,90,136,88,-1,88,136,137,-1,88,137,86,-1,86,137,138,-1,86,138,84,-1,84,138,139,-1,84,139,82,-1,82,139,94,-1,82,94,80,-1,59,140,141,-1,59,141,35,-1,35,141,142,-1,35,142,36,-1,36,142,143,-1,36,143,57,-1,67,144,145,-1,67,145,65,-1,65,145,146,-1,65,146,63,-1,63,146,147,-1,63,147,61,-1,61,147,140,-1,61,140,59,-1,53,148,149,-1,53,149,55,-1,55,149,150,-1,55,150,71,-1,71,150,151,-1,71,151,69,-1,69,151,144,-1,69,144,67,-1,47,152,153,-1,47,153,49,-1,49,153,154,-1,49,154,51,-1,51,154,148,-1,51,148,53,-1,39,155,156,-1,39,156,41,-1,41,156,157,-1,41,157,43,-1,43,157,158,-1,43,158,45,-1,45,158,152,-1,45,152,47,-1,31,159,160,-1,31,160,29,-1,29,160,161,-1,29,161,28,-1,28,161,162,-1,28,162,38,-1,38,162,155,-1,38,155,39,-1,31,32,159,-1,159,32,163,-1,32,57,163,-1,163,57,143,-1,
        ]
    }
}
Shape{
    appearance Appearance {
        material  Material 	{
            diffuseColor 1.0 1.0 1.0
            specularColor 0.5019607843137255 0.5019607843137255 0.5019607843137255
            ambientIntensity 1.0
            transparency 0.0
            shininess 0.5
        }
    }
    geometry IndexedFaceSet {
        ccw TRUE
        solid FALSE
        coord DEF co Coordinate {
            point [
                5.1772 -1.5225 1.7779, 5.1772 -1.5225 1.7801, 5.1772 -1.5995 1.7807, 5.1772 -1.5225 1.7984, 5.1772 -1.5671 1.7924, 5.1772 -1.5873 1.7877, 5.1772 -1.5952 1.784, 5.1772 -1.5247 1.763, 5.1772 -1.6035 1.7757, 5.1772 -1.5296 1.7511, 5.1772 -1.6015 1.7371, 5.1772 -1.5986 1.7343, 5.1772 -1.541 1.7371, 5.1772 -1.6053 1.7428, 5.1772 -1.5505 1.7308, 5.1772 -1.5606 1.7271, 5.1772 -1.5731 1.7257, 5.1772 -1.6064 1.7695, 5.1772 -1.608 1.7618, 5.1772 -1.5368 1.7412, 5.1772 -1.6083 1.7565, 5.1772 -1.6075 1.7488, 5.1772 -1.592 1.7297, 5.1772 -1.5844 1.727
            ]
        }
        coordIndex [
            0,1,2,-1,1,3,4,-1,4,5,1,-1,1,5,6,-1,1,6,2,-1,0,2,7,-1,7,2,8,-1,7,8,9,-1,10,11,12,-1,10,12,13,-1,14,12,15,-1,15,12,16,-1,8,17,9,-1,9,17,18,-1,9,18,19,-1,19,18,20,-1,19,20,12,-1,12,20,21,-1,12,21,13,-1,11,22,12,-1,12,22,23,-1,12,23,16,-1,
        ]
    }
}
Shape{
    appearance Appearance {
        material  Material 	{
            diffuseColor 0.0 0.0 0.0
            specularColor 0.0 0.0 0.0
            ambientIntensity 0.0
            transparency 0.0
            shininess 0.5
        }
    }
    geometry IndexedFaceSet {
        ccw TRUE
        solid FALSE
        coord DEF co Coordinate {
            point [
                5.1811 -1.3888 1.7255, 5.1772 -1.3888 1.7255, 5.1772 -1.4107 1.7282, 5.1772 -1.4283 1.7351, 5.1811 -1.4316 1.7364, 5.1811 -1.4107 1.7282, 5.1772 -1.4316 1.7364, 5.1772 -1.4438 1.744, 5.1811 -1.4438 1.744, 5.1811 -1.4438 1.7094, 5.1772 -1.4438 1.7094, 5.1811 -1.422 1.7016, 5.1772 -1.4283 1.7039, 5.1772 -1.3921 1.6983, 5.1811 -1.3921 1.6983, 5.1772 -1.4123 1.7005, 5.1772 -1.422 1.7016, 5.1811 -1.3653 1.701, 5.1772 -1.3701 1.7005, 5.1772 -1.3653 1.701, 5.1772 -1.3469 1.7073, 5.1811 -1.3469 1.7073, 5.1772 -1.3365 1.7134, 5.1811 -1.3365 1.7134, 5.1772 -1.327 1.7218, 5.1811 -1.327 1.7218, 5.1772 -1.3207 1.7306, 5.1811 -1.3207 1.7306, 5.1772 -1.3166 1.7412, 5.1811 -1.3166 1.7412, 5.1772 -1.315 1.7546, 5.1811 -1.315 1.7546, 5.1772 -1.3164 1.7671, 5.1811 -1.3164 1.7671, 5.1772 -1.32 1.7769, 5.1811 -1.32 1.7769, 5.1772 -1.3262 1.7861, 5.1811 -1.3262 1.7861, 5.1772 -1.3342 1.7932, 5.1811 -1.3342 1.7932, 5.1772 -1.3564 1.8056, 5.1811 -1.3564 1.8056, 5.1772 -1.3693 1.8108, 5.1811 -1.3693 1.8108, 5.1772 -1.39 1.8198, 5.1811 -1.39 1.8198, 5.1772 -1.4018 1.8272, 5.1811 -1.4018 1.8272, 5.1772 -1.4051 1.8308, 5.1811 -1.4051 1.8308, 5.1772 -1.4075 1.8353, 5.1811 -1.4075 1.8353, 5.1772 -1.4088 1.8405, 5.1811 -1.4088 1.8405, 5.1772 -1.4091 1.8449, 5.1811 -1.4091 1.8449, 5.1772 -1.4085 1.8503, 5.1811 -1.4085 1.8503, 5.1772 -1.4069 1.8548, 5.1811 -1.4069 1.8548, 5.1772 -1.404 1.859, 5.1811 -1.404 1.859, 5.1772 -1.3989 1.8635, 5.1811 -1.3989 1.8635, 5.1772 -1.3914 1.8675, 5.1811 -1.3914 1.8675, 5.1772 -1.3825 1.8698, 5.1811 -1.3825 1.8698, 5.1772 -1.3726 1.8706, 5.1811 -1.3726 1.8706, 5.1772 -1.3499 1.8679, 5.1811 -1.3499 1.8679, 5.1772 -1.3309 1.8607, 5.1811 -1.3309 1.8607, 5.1772 -1.3242 1.8568, 5.1811 -1.3242 1.8568, 5.1811 -1.3242 1.8893, 5.1772 -1.3242 1.8893, 5.1772 -1.3473 1.8959, 5.1811 -1.3473 1.8959, 5.1772 -1.3693 1.8977, 5.1811 -1.3693 1.8977, 5.1772 -1.3941 1.895, 5.1811 -1.3941 1.895, 5.1772 -1.4124 1.8884, 5.1811 -1.4124 1.8884, 5.1772 -1.4221 1.8826, 5.1811 -1.4221 1.8826, 5.1811 -1.4321 1.8737, 5.1772 -1.4283 1.877, 5.1772 -1.4321 1.8737, 5.1772 -1.4383 1.8647, 5.1811 -1.4383 1.8647, 5.1772 -1.4422 1.8539, 5.1811 -1.4422 1.8539, 5.1772 -1.4436 1.8419, 5.1811 -1.4436 1.8419, 5.1772 -1.4421 1.829, 5.1811 -1.4421 1.829, 5.1772 -1.4384 1.8187, 5.1811 -1.4384 1.8187, 5.1772 -1.4341 1.8118, 5.1811 -1.4341 1.8118, 5.1772 -1.3929 1.7865, 5.1811 -1.3929 1.7865, 5.1811 -1.4129 1.7957, 5.1772 -1.4286 1.8061, 5.1811 -1.4286 1.8061, 5.1772 -1.4283 1.8059, 5.1772 -1.4129 1.7957, 5.1772 -1.371 1.7773, 5.1811 -1.371 1.7773, 5.1772 -1.3579 1.7695, 5.1811 -1.3579 1.7695, 5.1772 -1.3538 1.7651, 5.1811 -1.3538 1.7651, 5.1772 -1.3512 1.7607, 5.1811 -1.3512 1.7607, 5.1772 -1.3497 1.7555, 5.1811 -1.3497 1.7555, 5.1772 -1.3493 1.7513, 5.1811 -1.3493 1.7513, 5.1772 -1.35 1.745, 5.1811 -1.35 1.745, 5.1772 -1.3517 1.7402, 5.1811 -1.3517 1.7402, 5.1772 -1.3547 1.7359, 5.1811 -1.3547 1.7359, 5.1772 -1.3585 1.7325, 5.1811 -1.3585 1.7325, 5.1772 -1.3615 1.7306, 5.1811 -1.3615 1.7306, 5.1772 -1.3702 1.7275, 5.1811 -1.3702 1.7275, 5.1772 -1.3873 1.7256, 5.1811 -1.3873 1.7256, 5.1811 -1.1493 1.8934, 5.1811 -1.1147 1.8934, 5.1772 -1.1493 1.8934, 5.1772 -1.1147 1.8934, 5.1811 -1.2014 1.7498, 5.1772 -1.2014 1.7498, 5.1772 -1.2039 1.7409, 5.1811 -1.2039 1.7409, 5.1772 -1.2055 1.7344, 5.1811 -1.2055 1.7344, 5.1811 -1.2063 1.7344, 5.1772 -1.2063 1.7344, 5.1811 -1.2104 1.7501, 5.1772 -1.2104 1.7501, 5.1811 -1.2602 1.8934, 5.1772 -1.2602 1.8934, 5.1811 -1.2976 1.8934, 5.1772 -1.2976 1.8934, 5.1811 -1.2229 1.7032, 5.1772 -1.2229 1.7032, 5.1772 -1.2375 1.6685, 5.1811 -1.2375 1.6685, 5.1772 -1.224 1.7005, 5.1772 -1.2441 1.6565, 5.1811 -1.2441 1.6565, 5.1772 -1.2503 1.6495, 5.1811 -1.2503 1.6495, 5.1772 -1.2564 1.6453, 5.1811 -1.2564 1.6453, 5.1772 -1.2637 1.6425, 5.1811 -1.2637 1.6425, 5.1772 -1.2718 1.6416, 5.1811 -1.2718 1.6416, 5.1772 -1.2839 1.6432, 5.1811 -1.2839 1.6432, 5.1772 -1.2907 1.6454, 5.1811 -1.2907 1.6454, 5.1811 -1.2907 1.6157, 5.1772 -1.2907 1.6157, 5.1772 -1.2766 1.6132, 5.1811 -1.2766 1.6132, 5.1772 -1.2692 1.613, 5.1811 -1.2692 1.613, 5.1772 -1.2557 1.6145, 5.1811 -1.2557 1.6145, 5.1772 -1.2425 1.6196, 5.1811 -1.2425 1.6196, 5.1772 -1.2308 1.6277, 5.1811 -1.2308 1.6277, 5.1772 -1.2285 1.6298, 5.1811 -1.2285 1.6298, 5.1772 -1.2163 1.6445, 5.1811 -1.2163 1.6445, 5.1772 -1.2012 1.674, 5.1811 -1.2012 1.674, 5.1772 -1.1907 1.7005, 5.1811 -0.9351 1.7332, 5.1811 -0.9351 1.7028, 5.1772 -0.9351 1.7332, 5.1772 -0.9351 1.7028, 5.1772 -1.0442 1.7332, 5.1811 -1.0442 1.7332, 5.1772 -0.9942 1.7332, 5.1811 -1.0442 1.823, 5.1772 -1.0442 1.823, 5.1772 -0.9487 1.823, 5.1811 -0.9487 1.823, 5.1772 -0.9942 1.823, 5.1811 -0.9487 1.8535, 5.1772 -0.9487 1.8535, 5.1772 -1.0442 1.8535, 5.1811 -1.0442 1.8535, 5.1772 -0.9942 1.8535, 5.1811 -1.0442 1.939, 5.1772 -1.0442 1.939, 5.1772 -0.9412 1.939, 5.1811 -0.9412 1.939, 5.1772 -0.9942 1.939, 5.1811 -0.9412 1.9697, 5.1772 -0.9412 1.9697, 5.1772 -1.0786 1.9697, 5.1811 -1.0786 1.9697, 5.1772 -0.9942 1.9697, 5.1811 -1.0786 1.7028, 5.1772 -1.0786 1.7028, 5.1772 -0.9942 1.7028, 5.1811 -0.7187 1.7777, 5.1811 -0.7321 1.761, 5.1811 -0.7076 1.7401, 5.1811 -0.7354 1.758, 5.1811 -0.7357 1.72, 5.1811 -0.7527 1.746, 5.1811 -0.7662 1.7082, 5.1811 -0.7748 1.7375, 5.1811 -0.8113 1.7028, 5.1811 -0.8115 1.7332, 5.1811 -0.8847 1.7028, 5.1811 -0.8502 1.7332, 5.1811 -0.8847 1.9697, 5.1811 -0.8502 1.939, 5.1811 -0.8085 1.9697, 5.1811 -0.8099 1.939, 5.1811 -0.7678 1.9652, 5.1811 -0.7745 1.9349, 5.1811 -0.7356 1.9534, 5.1811 -0.7516 1.9264, 5.1811 -0.7076 1.9343, 5.1811 -0.7329 1.9138, 5.1811 -0.6981 1.925, 5.1811 -0.723 1.9036, 5.1811 -0.6816 1.9017, 5.1811 -0.7132 1.8879, 5.1811 -0.6718 1.8762, 5.1811 -0.7063 1.867, 5.1811 -0.6674 1.8396, 5.1811 -0.7036 1.8387, 5.1811 -0.6687 1.8175, 5.1811 -0.7044 1.8221, 5.1811 -0.6761 1.7871, 5.1811 -0.7096 1.7976, 5.1811 -0.6903 1.76, 5.1772 -0.8113 1.7028, 5.1772 -0.8847 1.7028, 5.1772 -0.7662 1.7082, 5.1772 -0.7357 1.72, 5.1772 -0.7076 1.7401, 5.1772 -0.6903 1.76, 5.1772 -0.6761 1.7871, 5.1772 -0.6687 1.8175, 5.1772 -0.6674 1.8396, 5.1772 -0.6718 1.8762, 5.1772 -0.6816 1.9017, 5.1772 -0.6981 1.925, 5.1772 -0.7076 1.9343, 5.1772 -0.7356 1.9534, 5.1772 -0.7678 1.9652, 5.1772 -0.8085 1.9697, 5.1772 -0.8847 1.9697, 5.1772 -0.8099 1.939, 5.1772 -0.8502 1.939, 5.1772 -0.8502 1.7332, 5.1772 -0.8115 1.7332, 5.1772 -0.7321 1.761, 5.1772 -0.7354 1.758, 5.1772 -0.7527 1.746, 5.1772 -0.7748 1.7375, 5.1772 -0.7036 1.8387, 5.1772 -0.7044 1.8221, 5.1772 -0.7096 1.7976, 5.1772 -0.7187 1.7777, 5.1772 -0.7329 1.9138, 5.1772 -0.723 1.9036, 5.1772 -0.7132 1.8879, 5.1772 -0.7063 1.867, 5.1772 -0.7745 1.9349, 5.1772 -0.7516 1.9264
            ]
        }
        coordIndex [
            0,1,2,-1,3,4,2,-1,2,4,5,-1,2,5,0,-1,3,6,4,-1,4,6,7,-1,4,7,8,-1,9,8,10,-1,10,8,7,-1,9,10,11,-1,11,10,12,-1,13,14,15,-1,15,14,11,-1,15,11,16,-1,16,11,12,-1,14,13,17,-1,17,13,18,-1,18,19,17,-1,17,19,20,-1,17,20,21,-1,21,20,22,-1,21,22,23,-1,23,22,24,-1,23,24,25,-1,25,24,26,-1,25,26,27,-1,27,26,28,-1,27,28,29,-1,29,28,30,-1,29,30,31,-1,31,30,32,-1,31,32,33,-1,33,32,34,-1,33,34,35,-1,35,34,36,-1,35,36,37,-1,37,36,38,-1,37,38,39,-1,39,38,40,-1,39,40,41,-1,41,40,42,-1,41,42,43,-1,43,42,44,-1,43,44,45,-1,45,44,46,-1,45,46,47,-1,47,46,48,-1,47,48,49,-1,49,48,50,-1,49,50,51,-1,51,50,52,-1,51,52,53,-1,53,52,54,-1,53,54,55,-1,55,54,56,-1,55,56,57,-1,57,56,58,-1,57,58,59,-1,59,58,60,-1,59,60,61,-1,61,60,62,-1,61,62,63,-1,63,62,64,-1,63,64,65,-1,65,64,66,-1,65,66,67,-1,67,66,68,-1,67,68,69,-1,69,68,70,-1,69,70,71,-1,71,70,72,-1,71,72,73,-1,73,72,74,-1,73,74,75,-1,76,75,77,-1,77,75,74,-1,76,77,78,-1,76,78,79,-1,79,78,80,-1,79,80,81,-1,81,80,82,-1,81,82,83,-1,83,82,84,-1,83,84,85,-1,85,84,86,-1,85,86,87,-1,87,86,88,-1,88,86,89,-1,89,90,88,-1,88,90,91,-1,88,91,92,-1,92,91,93,-1,92,93,94,-1,94,93,95,-1,94,95,96,-1,96,95,97,-1,96,97,98,-1,98,97,99,-1,98,99,100,-1,100,99,101,-1,100,101,102,-1,103,104,105,-1,102,101,106,-1,102,106,107,-1,107,106,108,-1,107,108,105,-1,105,108,109,-1,105,109,103,-1,104,103,110,-1,104,110,111,-1,111,110,112,-1,111,112,113,-1,113,112,114,-1,113,114,115,-1,115,114,116,-1,115,116,117,-1,117,116,118,-1,117,118,119,-1,119,118,120,-1,119,120,121,-1,121,120,122,-1,121,122,123,-1,123,122,124,-1,123,124,125,-1,125,124,126,-1,125,126,127,-1,127,126,128,-1,127,128,129,-1,129,128,130,-1,129,130,131,-1,131,130,132,-1,131,132,133,-1,133,132,134,-1,133,134,135,-1,135,134,1,-1,135,1,0,-1,61,63,85,-1,85,63,83,-1,111,43,104,-1,104,43,45,-1,21,23,127,-1,127,23,25,-1,127,25,125,-1,125,25,27,-1,125,27,123,-1,123,27,29,-1,123,29,121,-1,121,29,31,-1,121,31,119,-1,119,31,33,-1,119,33,117,-1,117,33,35,-1,117,35,115,-1,115,35,37,-1,115,37,113,-1,113,37,39,-1,113,39,111,-1,111,39,41,-1,111,41,43,-1,14,0,11,-1,11,0,5,-1,11,5,9,-1,9,5,4,-1,9,4,8,-1,63,65,83,-1,83,65,67,-1,83,67,81,-1,81,67,69,-1,81,69,79,-1,79,69,71,-1,79,71,76,-1,76,71,73,-1,76,73,75,-1,127,129,21,-1,21,129,131,-1,21,131,17,-1,17,131,133,-1,17,133,14,-1,14,133,135,-1,14,135,0,-1,85,87,61,-1,61,87,88,-1,61,88,59,-1,59,88,92,-1,59,92,57,-1,57,92,94,-1,57,94,55,-1,55,94,96,-1,55,96,53,-1,53,96,98,-1,53,98,51,-1,51,98,100,-1,51,100,49,-1,49,100,102,-1,49,102,47,-1,47,102,107,-1,47,107,45,-1,45,107,105,-1,45,105,104,-1,136,137,138,-1,138,137,139,-1,140,136,141,-1,141,136,138,-1,140,141,142,-1,140,142,143,-1,143,142,144,-1,143,144,145,-1,146,145,147,-1,147,145,144,-1,148,146,149,-1,149,146,147,-1,150,148,151,-1,151,148,149,-1,152,150,153,-1,153,150,151,-1,154,152,155,-1,155,152,153,-1,156,157,158,-1,158,157,154,-1,158,154,155,-1,157,156,159,-1,157,159,160,-1,160,159,161,-1,160,161,162,-1,162,161,163,-1,162,163,164,-1,164,163,165,-1,164,165,166,-1,166,165,167,-1,166,167,168,-1,168,167,169,-1,168,169,170,-1,170,169,171,-1,170,171,172,-1,173,172,174,-1,174,172,171,-1,173,174,175,-1,173,175,176,-1,176,175,177,-1,176,177,178,-1,178,177,179,-1,178,179,180,-1,180,179,181,-1,180,181,182,-1,182,181,183,-1,182,183,184,-1,184,183,185,-1,184,185,186,-1,186,185,187,-1,186,187,188,-1,188,187,189,-1,188,189,190,-1,139,137,191,-1,191,137,190,-1,191,190,189,-1,143,145,190,-1,137,136,190,-1,190,136,140,-1,190,140,143,-1,150,152,148,-1,148,152,154,-1,148,154,146,-1,172,173,170,-1,170,173,176,-1,170,176,168,-1,168,176,178,-1,168,178,166,-1,166,178,180,-1,166,180,164,-1,164,180,182,-1,164,182,162,-1,188,160,186,-1,186,160,162,-1,186,162,184,-1,184,162,182,-1,145,146,190,-1,190,146,154,-1,190,154,188,-1,188,154,157,-1,188,157,160,-1,192,193,194,-1,194,193,195,-1,196,197,198,-1,198,197,192,-1,198,192,194,-1,199,197,200,-1,200,197,196,-1,201,202,203,-1,203,202,199,-1,203,199,200,-1,204,202,205,-1,205,202,201,-1,206,207,208,-1,208,207,204,-1,208,204,205,-1,209,207,210,-1,210,207,206,-1,211,212,213,-1,213,212,209,-1,213,209,210,-1,214,212,215,-1,215,212,211,-1,216,217,218,-1,218,217,214,-1,218,214,215,-1,219,217,220,-1,220,217,216,-1,195,193,221,-1,221,193,219,-1,221,219,220,-1,193,192,219,-1,219,192,197,-1,202,204,199,-1,199,204,207,-1,212,214,209,-1,209,214,217,-1,209,217,207,-1,207,217,219,-1,207,219,199,-1,199,219,197,-1,222,223,224,-1,224,223,225,-1,224,225,226,-1,226,225,227,-1,226,227,228,-1,228,227,229,-1,228,229,230,-1,230,229,231,-1,230,231,232,-1,232,231,233,-1,232,233,234,-1,234,233,235,-1,234,235,236,-1,236,235,237,-1,236,237,238,-1,238,237,239,-1,238,239,240,-1,240,239,241,-1,240,241,242,-1,242,241,243,-1,242,243,244,-1,244,243,245,-1,244,245,246,-1,246,245,247,-1,246,247,248,-1,248,247,249,-1,248,249,250,-1,250,249,251,-1,250,251,252,-1,252,251,253,-1,252,253,254,-1,254,253,255,-1,254,255,256,-1,256,255,222,-1,256,222,224,-1,230,232,257,-1,257,232,258,-1,230,257,259,-1,230,259,228,-1,228,259,260,-1,228,260,226,-1,226,260,261,-1,226,261,224,-1,224,261,262,-1,224,262,256,-1,256,262,263,-1,256,263,254,-1,254,263,264,-1,254,264,252,-1,252,264,265,-1,252,265,250,-1,250,265,266,-1,250,266,248,-1,248,266,267,-1,248,267,246,-1,246,267,268,-1,246,268,244,-1,244,268,269,-1,244,269,242,-1,242,269,270,-1,242,270,240,-1,240,270,271,-1,240,271,238,-1,238,271,272,-1,238,272,236,-1,234,236,273,-1,273,236,272,-1,232,234,258,-1,258,234,273,-1,237,235,274,-1,274,235,275,-1,235,233,275,-1,275,233,276,-1,233,231,276,-1,276,231,277,-1,223,278,279,-1,223,279,225,-1,225,279,280,-1,225,280,227,-1,227,280,281,-1,227,281,229,-1,229,281,277,-1,229,277,231,-1,251,282,283,-1,251,283,253,-1,253,283,284,-1,253,284,255,-1,255,284,285,-1,255,285,222,-1,222,285,278,-1,222,278,223,-1,243,286,287,-1,243,287,245,-1,245,287,288,-1,245,288,247,-1,247,288,289,-1,247,289,249,-1,249,289,282,-1,249,282,251,-1,237,274,290,-1,237,290,239,-1,239,290,291,-1,239,291,241,-1,241,291,286,-1,241,286,243,-1,
        ]
    }
}
Shape{
    appearance Appearance {
        material  Material 	{
            diffuseColor 1.0 1.0 1.0
            specularColor 0.5019607843137255 0.5019607843137255 0.5019607843137255
            ambientIntensity 1.0
            transparency 0.0
            shininess 0.5
        }
    }
    geometry IndexedFaceSet {
        ccw TRUE
        solid FALSE
        coord DEF co Coordinate {
            point [
                5.1772 -0.8502 1.939, 5.1772 -0.8502 1.7332, 5.1772 -0.8099 1.939, 5.1772 -0.8115 1.7332, 5.1772 -0.7748 1.7375, 5.1772 -0.7527 1.746, 5.1772 -0.7354 1.758, 5.1772 -0.7036 1.8387, 5.1772 -0.7329 1.9138, 5.1772 -0.7516 1.9264, 5.1772 -0.7321 1.761, 5.1772 -0.7187 1.7777, 5.1772 -0.7096 1.7976, 5.1772 -0.723 1.9036, 5.1772 -0.7063 1.867, 5.1772 -0.7132 1.8879, 5.1772 -0.7044 1.8221, 5.1772 -0.7745 1.9349
            ]
        }
        coordIndex [
            0,1,2,-1,2,1,3,-1,3,4,2,-1,2,4,5,-1,2,5,6,-1,7,8,9,-1,6,10,2,-1,2,10,11,-1,2,11,12,-1,8,7,13,-1,13,7,14,-1,13,14,15,-1,12,16,2,-1,2,16,7,-1,2,7,17,-1,17,7,9,-1,
        ]
    }
}
Shape{
    appearance Appearance {
        material  Material 	{
            diffuseColor 0.0 0.0 0.0
            specularColor 0.0 0.0 0.0
            ambientIntensity 0.0
            transparency 0.0
            shininess 0.5
        }
    }
    geometry IndexedFaceSet {
        ccw TRUE
        solid FALSE
        coord DEF co Coordinate {
            point [
                5.1811 -0.5779 1.8059, 5.1811 -0.5888 1.7758, 5.1811 -0.4883 1.8059, 5.1811 -0.4777 1.7758, 5.1811 -0.538 1.9168, 5.1811 -0.5509 1.9697, 5.1811 -0.6526 1.7028, 5.1811 -0.6145 1.7028, 5.1811 -0.5357 1.9248, 5.1811 -0.5336 1.9355, 5.1811 -0.5141 1.9697, 5.1811 -0.5328 1.9355, 5.1811 -0.5307 1.9243, 5.1811 -0.5287 1.9168, 5.1811 -0.4124 1.7028, 5.1811 -0.4505 1.7028, 5.1772 -0.5141 1.9697, 5.1772 -0.4124 1.7028, 5.1772 -0.5509 1.9697, 5.1772 -0.6526 1.7028, 5.1772 -0.6145 1.7028, 5.1772 -0.5888 1.7758, 5.1772 -0.4777 1.7758, 5.1772 -0.4505 1.7028, 5.1772 -0.5779 1.8059, 5.1772 -0.4883 1.8059, 5.1772 -0.5287 1.9168, 5.1772 -0.5328 1.9355, 5.1772 -0.5307 1.9243, 5.1772 -0.5336 1.9355, 5.1772 -0.538 1.9168, 5.1772 -0.5357 1.9248
            ]
        }
        coordIndex [
            0,1,2,-1,2,1,3,-1,4,5,0,-1,0,5,6,-1,0,6,1,-1,1,6,7,-1,4,8,5,-1,5,8,9,-1,5,9,10,-1,10,9,11,-1,10,11,12,-1,12,13,10,-1,10,13,2,-1,10,2,14,-1,14,2,3,-1,14,3,15,-1,10,14,16,-1,16,14,17,-1,5,10,18,-1,18,10,16,-1,6,5,19,-1,19,5,18,-1,7,6,20,-1,20,6,19,-1,1,7,21,-1,21,7,20,-1,3,1,22,-1,22,1,21,-1,15,3,23,-1,23,3,22,-1,14,15,17,-1,17,15,23,-1,0,2,24,-1,24,2,25,-1,2,13,25,-1,25,13,26,-1,11,27,28,-1,11,28,12,-1,12,28,26,-1,12,26,13,-1,11,9,27,-1,27,9,29,-1,4,30,31,-1,4,31,8,-1,8,31,29,-1,8,29,9,-1,4,0,30,-1,30,0,24,-1,
        ]
    }
}
Shape{
    appearance Appearance {
        material  Material 	{
            diffuseColor 1.0 1.0 1.0
            specularColor 0.5019607843137255 0.5019607843137255 0.5019607843137255
            ambientIntensity 1.0
            transparency 0.0
            shininess 0.5
        }
    }
    geometry IndexedFaceSet {
        ccw TRUE
        solid FALSE
        coord DEF co Coordinate {
            point [
                5.1772 -0.5328 1.9355, 5.1772 -0.5336 1.9355, 5.1772 -0.5307 1.9243, 5.1772 -0.5357 1.9248, 5.1772 -0.5287 1.9168, 5.1772 -0.538 1.9168, 5.1772 -0.4883 1.8059, 5.1772 -0.5779 1.8059
            ]
        }
        coordIndex [
            0,1,2,-1,2,1,3,-1,2,3,4,-1,4,3,5,-1,4,5,6,-1,6,5,7,-1,
        ]
    }
}
Shape{
    appearance Appearance {
        material  Material 	{
            diffuseColor 0.0 0.0 0.0
            specularColor 0.0 0.0 0.0
            ambientIntensity 0.0
            transparency 0.0
            shininess 0.5
        }
    }
    geometry IndexedFaceSet {
        ccw TRUE
        solid FALSE
        coord DEF co Coordinate {
            point [
                5.1811 -3.0467 2.1625, 5.1811 -3.0044 2.1849, 5.1811 -3.0144 2.3017, 5.1811 -2.6802 1.6574, 5.1811 -2.6577 1.6996, 5.1811 -2.6465 1.7465, 5.1811 -2.896 2.3072, 5.1811 -2.8372 2.1686, 5.1811 -2.8082 2.2287, 5.1811 -2.9075 1.7412, 5.1811 -2.911 1.759, 5.1811 -3.0136 1.8328, 5.1811 -3.0155 1.7056, 5.1811 -3.0395 1.7128, 5.1811 -3.055 1.8583, 5.1811 -2.9396 2.311, 5.1811 -2.3798 1.9258, 5.1811 -2.4387 2.0263, 5.1811 -2.6455 1.7853, 5.1811 -2.6929 1.8935, 5.1811 -2.6455 1.7664, 5.1811 -2.747 1.5985, 5.1811 -2.7092 1.6248, 5.1811 -2.9 1.7253, 5.1811 -2.9682 1.63, 5.1811 -2.9965 1.6649, 5.1811 -2.3172 2.1136, 5.1811 -2.302 2.1136, 5.1811 -2.2242 2.2161, 5.1811 -2.2659 2.1092, 5.1811 -2.2149 2.213, 5.1811 -2.2328 2.0964, 5.1811 -2.1585 2.1849, 5.1811 -2.107 2.1414, 5.1811 -2.8571 2.3525, 5.1811 -2.7656 2.2795, 5.1811 -2.8125 2.3907, 5.1811 -2.7148 2.3167, 5.1811 -2.7638 2.4206, 5.1811 -2.9576 2.1961, 5.1811 -2.9377 2.1971, 5.1811 -2.9178 2.3098, 5.1811 -2.8931 2.1916, 5.1811 -2.8506 2.176, 5.1811 -2.777 1.7214, 5.1811 -2.7873 1.7098, 5.1811 -2.8017 1.6995, 5.1811 -2.7893 1.5823, 5.1811 -2.8182 1.6929, 5.1811 -2.8353 1.5766, 5.1811 -2.8372 1.6904, 5.1811 -2.8425 1.5767, 5.1811 -2.8404 1.6905, 5.1811 -2.8873 1.5837, 5.1811 -2.8574 1.6933, 5.1811 -2.9311 1.6021, 5.1811 -2.8746 1.7007, 5.1811 -2.8891 1.7118, 5.1811 -2.768 1.7909, 5.1811 -2.7637 1.7733, 5.1811 -2.7636 1.7559, 5.1811 -2.7682 1.7377, 5.1811 -2.1066 1.7872, 5.1811 -2.195 1.8626, 5.1811 -2.1582 1.7435, 5.1811 -2.223 1.8397, 5.1811 -2.2161 1.7152, 5.1811 -2.2565 1.8241, 5.1811 -2.2793 1.7018, 5.1811 -2.2906 1.8176, 5.1811 -2.3912 1.7018, 5.1811 -2.376 1.8176, 5.1811 -2.4019 1.7036, 5.1811 -2.91 1.7775, 5.1811 -2.9044 1.7954, 5.1811 -2.9927 1.8735, 5.1811 -2.8946 1.8111, 5.1811 -2.9613 1.9094, 5.1811 -2.8871 1.819, 5.1811 -2.9225 1.9364, 5.1811 -2.8723 1.8295, 5.1811 -2.8806 1.9524, 5.1811 -2.8557 1.8361, 5.1811 -2.8353 1.958, 5.1811 -2.8372 1.8385, 5.1811 -2.8122 1.9566, 5.1811 -2.8214 1.8367, 5.1811 -2.7664 1.9453, 5.1811 -2.8037 1.8304, 5.1811 -2.7261 1.9237, 5.1811 -2.7885 1.8201, 5.1811 -2.7763 1.8065, 5.1811 -2.2034 2.0758, 5.1811 -2.1816 2.0515, 5.1811 -2.0683 2.0874, 5.1811 -2.1639 2.0188, 5.1811 -2.0451 2.0295, 5.1811 -2.155 1.9824, 5.1811 -2.0364 1.9675, 5.1811 -2.154 1.9656, 5.1811 -2.0451 1.8998, 5.1811 -2.1586 1.9286, 5.1811 -2.0689 1.8397, 5.1811 -2.1717 1.8948, 5.1811 -2.1926 1.8652, 5.1811 -2.3267 2.366, 5.1811 -2.401 2.2788, 5.1811 -2.2636 2.2929, 5.1811 -2.3582 2.2277, 5.1811 -2.3289 2.1666, 5.1811 -3.1218 2.0533, 5.1811 -3.2465 2.0217, 5.1811 -3.1275 2.0073, 5.1811 -3.247 2.0036, 5.1811 -3.1252 1.978, 5.1811 -3.2379 1.9292, 5.1811 -3.1116 1.9316, 5.1811 -3.2107 1.8586, 5.1811 -3.089 1.8932, 5.1811 -3.1673 1.7967, 5.1811 -3.1081 1.7462, 5.1811 -2.6761 2.4537, 5.1811 -2.6528 2.3418, 5.1811 -2.5848 2.4647, 5.1811 -2.5829 2.3508, 5.1811 -2.5009 2.4552, 5.1811 -2.5185 2.3429, 5.1811 -2.4062 2.4202, 5.1811 -2.459 2.3201, 5.1811 -2.4057 2.2831, 5.1811 -3.0847 2.2744, 5.1811 -3.1451 2.232, 5.1811 -3.0793 2.1334, 5.1811 -3.1579 2.2199, 5.1811 -3.1056 2.0956, 5.1811 -3.2035 2.1614, 5.1811 -3.2338 2.0931, 5.1811 -2.3856 1.8194, 5.1811 -2.4312 1.7217, 5.1811 -2.4268 1.7172, 5.1811 -2.3799 1.8181, 5.1811 -2.4145 1.7085, 5.1811 -2.4463 1.7607, 5.1811 -2.4445 1.7465, 5.1811 -2.4395 1.7337, 5.1811 -2.4021 1.8176, 5.1811 -2.4152 1.8125, 5.1811 -2.4458 1.7681, 5.1811 -2.4268 1.8042, 5.1811 -2.4347 1.7955, 5.1811 -2.442 1.7826, 5.1811 -2.3874 1.8195, 5.1772 -2.0364 1.9675, 5.1772 -2.0451 2.0295, 5.1772 -2.0515 2.0457, 5.1772 -2.0683 2.0874, 5.1772 -2.107 2.1414, 5.1772 -2.1585 2.1849, 5.1772 -2.2149 2.213, 5.1772 -2.2242 2.2161, 5.1772 -2.2636 2.2929, 5.1772 -2.3267 2.366, 5.1772 -2.3696 2.3953, 5.1772 -2.4062 2.4202, 5.1772 -2.5009 2.4552, 5.1772 -2.5848 2.4647, 5.1772 -2.6761 2.4537, 5.1772 -2.7638 2.4206, 5.1772 -2.8049 2.3953, 5.1772 -2.8125 2.3907, 5.1772 -2.8571 2.3525, 5.1772 -2.896 2.3072, 5.1772 -2.9178 2.3098, 5.1772 -2.9396 2.311, 5.1772 -3.0144 2.3017, 5.1772 -3.0847 2.2744, 5.1772 -3.1451 2.232, 5.1772 -3.1579 2.2199, 5.1772 -3.247 2.0036, 5.1772 -3.2035 2.1614, 5.1772 -3.2338 2.0931, 5.1772 -3.2422 2.0457, 5.1772 -3.2465 2.0217, 5.1772 -3.2379 1.9292, 5.1772 -3.2107 1.8586, 5.1772 -3.1673 1.7967, 5.1772 -3.1081 1.7462, 5.1772 -3.0395 1.7128, 5.1772 -3.0155 1.7056, 5.1772 -3.0131 1.7005, 5.1772 -2.9965 1.6649, 5.1772 -2.9682 1.63, 5.1772 -2.9311 1.6021, 5.1772 -2.9137 1.5948, 5.1772 -2.8873 1.5837, 5.1772 -2.8425 1.5767, 5.1772 -2.8353 1.5766, 5.1772 -2.6455 1.7664, 5.1772 -2.7893 1.5823, 5.1772 -2.7567 1.5948, 5.1772 -2.747 1.5985, 5.1772 -2.7092 1.6248, 5.1772 -2.6802 1.6574, 5.1772 -2.6577 1.6996, 5.1772 -2.6575 1.7005, 5.1772 -2.6465 1.7465, 5.1772 -2.6455 1.7853, 5.1772 -2.3798 1.9258, 5.1772 -2.4387 2.0263, 5.1772 -2.6929 1.8935, 5.1772 -2.7261 1.9237, 5.1772 -2.7664 1.9453, 5.1772 -2.8122 1.9566, 5.1772 -2.8353 1.958, 5.1772 -2.8806 1.9524, 5.1772 -2.9225 1.9364, 5.1772 -2.9613 1.9094, 5.1772 -2.9927 1.8735, 5.1772 -3.0136 1.8328, 5.1772 -3.055 1.8583, 5.1772 -3.089 1.8932, 5.1772 -3.1116 1.9316, 5.1772 -3.1252 1.978, 5.1772 -3.1275 2.0073, 5.1772 -3.1228 2.0457, 5.1772 -3.1218 2.0533, 5.1772 -3.1056 2.0956, 5.1772 -3.0793 2.1334, 5.1772 -3.0467 2.1625, 5.1772 -3.0044 2.1849, 5.1772 -2.9576 2.1961, 5.1772 -2.9377 2.1971, 5.1772 -2.8931 2.1916, 5.1772 -2.8506 2.176, 5.1772 -2.8372 2.1686, 5.1772 -2.8082 2.2287, 5.1772 -2.7656 2.2795, 5.1772 -2.7148 2.3167, 5.1772 -2.6528 2.3418, 5.1772 -2.5829 2.3508, 5.1772 -2.5185 2.3429, 5.1772 -2.459 2.3201, 5.1772 -2.4057 2.2831, 5.1772 -2.401 2.2788, 5.1772 -2.3582 2.2277, 5.1772 -2.3289 2.1666, 5.1772 -2.3172 2.1136, 5.1772 -2.302 2.1136, 5.1772 -2.2659 2.1092, 5.1772 -2.2328 2.0964, 5.1772 -2.2034 2.0758, 5.1772 -2.1816 2.0515, 5.1772 -2.1784 2.0457, 5.1772 -2.1639 2.0188, 5.1772 -2.155 1.9824, 5.1772 -2.154 1.9656, 5.1772 -2.1586 1.9286, 5.1772 -2.1717 1.8948, 5.1772 -2.1926 1.8652, 5.1772 -2.195 1.8626, 5.1772 -2.223 1.8397, 5.1772 -2.2565 1.8241, 5.1772 -2.2906 1.8176, 5.1772 -2.376 1.8176, 5.1772 -2.3799 1.8181, 5.1772 -2.3856 1.8194, 5.1772 -2.3874 1.8195, 5.1772 -2.4021 1.8176, 5.1772 -2.4152 1.8125, 5.1772 -2.4268 1.8042, 5.1772 -2.4347 1.7955, 5.1772 -2.442 1.7826, 5.1772 -2.4458 1.7681, 5.1772 -2.4463 1.7607, 5.1772 -2.4445 1.7465, 5.1772 -2.4395 1.7337, 5.1772 -2.4312 1.7217, 5.1772 -2.4268 1.7172, 5.1772 -2.4145 1.7085, 5.1772 -2.4019 1.7036, 5.1772 -2.3912 1.7018, 5.1772 -2.2793 1.7018, 5.1772 -2.2161 1.7152, 5.1772 -2.1582 1.7435, 5.1772 -2.1066 1.7872, 5.1772 -2.0689 1.8397, 5.1772 -2.0451 1.8998, 5.1772 -2.8372 1.8385, 5.1772 -2.8214 1.8367, 5.1772 -2.8037 1.8304, 5.1772 -2.7885 1.8201, 5.1772 -2.7763 1.8065, 5.1772 -2.768 1.7909, 5.1772 -2.7637 1.7733, 5.1772 -2.7636 1.7559, 5.1772 -2.7682 1.7377, 5.1772 -2.777 1.7214, 5.1772 -2.7873 1.7098, 5.1772 -2.8017 1.6995, 5.1772 -2.8182 1.6929, 5.1772 -2.8372 1.6904, 5.1772 -2.8404 1.6905, 5.1772 -2.8574 1.6933, 5.1772 -2.8746 1.7007, 5.1772 -2.8891 1.7118, 5.1772 -2.9 1.7253, 5.1772 -2.9075 1.7412, 5.1772 -2.911 1.759, 5.1772 -2.91 1.7775, 5.1772 -2.9044 1.7954, 5.1772 -2.8946 1.8111, 5.1772 -2.8871 1.819, 5.1772 -2.8723 1.8295, 5.1772 -2.8557 1.8361
            ]
        }
        coordIndex [
            0,1,2,-1,3,4,5,-1,6,7,8,-1,9,10,11,-1,12,11,13,-1,13,11,14,-1,2,1,15,-1,16,17,18,-1,18,17,19,-1,18,19,20,-1,20,19,21,-1,20,21,5,-1,5,21,22,-1,5,22,3,-1,23,9,24,-1,24,9,11,-1,24,11,25,-1,25,11,12,-1,26,27,28,-1,28,27,29,-1,28,29,30,-1,30,29,31,-1,30,31,32,-1,32,31,33,-1,6,8,34,-1,34,8,35,-1,34,35,36,-1,36,35,37,-1,36,37,38,-1,1,39,15,-1,15,39,40,-1,15,40,41,-1,41,40,42,-1,41,42,6,-1,6,42,43,-1,6,43,7,-1,44,45,21,-1,21,45,46,-1,21,46,47,-1,47,46,48,-1,47,48,49,-1,49,48,50,-1,49,50,51,-1,51,50,52,-1,51,52,53,-1,53,52,54,-1,53,54,55,-1,55,54,56,-1,55,56,24,-1,24,56,57,-1,24,57,23,-1,58,59,19,-1,19,59,60,-1,19,60,21,-1,21,60,61,-1,21,61,44,-1,62,63,64,-1,64,63,65,-1,64,65,66,-1,66,65,67,-1,66,67,68,-1,68,67,69,-1,68,69,70,-1,70,69,71,-1,70,71,72,-1,10,73,11,-1,11,73,74,-1,11,74,75,-1,75,74,76,-1,75,76,77,-1,77,76,78,-1,77,78,79,-1,79,78,80,-1,79,80,81,-1,81,80,82,-1,81,82,83,-1,83,82,84,-1,83,84,85,-1,85,84,86,-1,85,86,87,-1,87,86,88,-1,87,88,89,-1,89,88,90,-1,89,90,19,-1,19,90,91,-1,19,91,58,-1,31,92,33,-1,33,92,93,-1,33,93,94,-1,94,93,95,-1,94,95,96,-1,96,95,97,-1,96,97,98,-1,98,97,99,-1,98,99,100,-1,100,99,101,-1,100,101,102,-1,102,101,103,-1,102,103,62,-1,62,103,104,-1,62,104,63,-1,105,106,107,-1,107,106,108,-1,107,108,28,-1,28,108,109,-1,28,109,26,-1,110,111,112,-1,112,111,113,-1,112,113,114,-1,114,113,115,-1,114,115,116,-1,116,115,117,-1,116,117,118,-1,118,117,119,-1,118,119,14,-1,14,119,120,-1,14,120,13,-1,38,37,121,-1,121,37,122,-1,121,122,123,-1,123,122,124,-1,123,124,125,-1,125,124,126,-1,125,126,127,-1,127,126,128,-1,127,128,105,-1,105,128,129,-1,105,129,106,-1,2,130,0,-1,0,130,131,-1,0,131,132,-1,132,131,133,-1,132,133,134,-1,134,133,135,-1,134,135,110,-1,110,135,136,-1,110,136,111,-1,137,138,139,-1,71,140,72,-1,72,140,137,-1,72,137,141,-1,141,137,139,-1,142,143,137,-1,137,143,144,-1,137,144,138,-1,145,146,147,-1,146,148,147,-1,147,148,149,-1,147,149,150,-1,142,137,147,-1,147,137,151,-1,147,151,145,-1,98,152,153,-1,98,153,96,-1,96,153,154,-1,96,154,94,-1,154,155,94,-1,94,155,156,-1,94,156,33,-1,33,156,157,-1,33,157,32,-1,32,157,158,-1,32,158,30,-1,30,158,159,-1,30,159,28,-1,28,159,160,-1,28,160,107,-1,107,160,161,-1,107,161,105,-1,127,105,162,-1,162,105,161,-1,162,163,127,-1,127,163,164,-1,127,164,125,-1,125,164,165,-1,125,165,123,-1,123,165,166,-1,123,166,121,-1,121,166,167,-1,121,167,38,-1,38,167,36,-1,36,167,168,-1,36,168,169,-1,36,169,170,-1,36,170,34,-1,34,170,171,-1,34,171,6,-1,6,171,172,-1,6,172,41,-1,41,172,173,-1,41,173,15,-1,15,173,174,-1,15,174,2,-1,2,174,175,-1,2,175,130,-1,130,175,176,-1,130,176,131,-1,131,176,177,-1,131,177,133,-1,178,113,111,-1,133,177,179,-1,133,179,135,-1,135,179,180,-1,135,180,136,-1,136,180,181,-1,136,181,111,-1,111,181,182,-1,111,182,178,-1,113,178,183,-1,113,183,115,-1,115,183,184,-1,115,184,117,-1,117,184,185,-1,117,185,119,-1,119,185,186,-1,119,186,120,-1,120,186,187,-1,120,187,13,-1,13,187,188,-1,13,188,12,-1,12,188,189,-1,12,189,25,-1,189,190,25,-1,25,190,191,-1,25,191,24,-1,24,191,192,-1,24,192,55,-1,55,192,193,-1,55,193,53,-1,193,194,53,-1,53,194,195,-1,53,195,51,-1,51,195,196,-1,51,196,49,-1,197,20,5,-1,49,196,198,-1,199,21,198,-1,198,21,47,-1,198,47,49,-1,199,200,21,-1,21,200,201,-1,21,201,22,-1,22,201,202,-1,22,202,3,-1,3,202,203,-1,3,203,4,-1,4,203,204,-1,4,204,5,-1,5,204,205,-1,5,205,197,-1,18,20,206,-1,206,20,197,-1,16,18,207,-1,207,18,206,-1,17,16,208,-1,208,16,207,-1,19,17,209,-1,209,17,208,-1,19,209,210,-1,19,210,89,-1,89,210,211,-1,89,211,87,-1,87,211,212,-1,87,212,85,-1,85,212,213,-1,85,213,83,-1,83,213,214,-1,83,214,81,-1,81,214,215,-1,81,215,79,-1,79,215,216,-1,79,216,77,-1,77,216,217,-1,77,217,75,-1,75,217,218,-1,75,218,11,-1,11,218,219,-1,11,219,14,-1,14,219,220,-1,14,220,118,-1,118,220,221,-1,118,221,116,-1,116,221,222,-1,116,222,114,-1,114,222,223,-1,114,223,112,-1,112,223,110,-1,110,223,224,-1,224,225,110,-1,110,225,226,-1,110,226,134,-1,134,226,227,-1,134,227,132,-1,132,227,228,-1,132,228,0,-1,0,228,229,-1,0,229,1,-1,1,229,230,-1,1,230,39,-1,39,230,231,-1,39,231,40,-1,40,231,232,-1,40,232,42,-1,42,232,233,-1,42,233,43,-1,43,233,234,-1,43,234,7,-1,7,234,235,-1,7,235,8,-1,8,235,236,-1,8,236,35,-1,35,236,237,-1,35,237,37,-1,37,237,238,-1,37,238,122,-1,122,238,239,-1,122,239,124,-1,124,239,240,-1,124,240,126,-1,126,240,241,-1,126,241,128,-1,128,241,242,-1,128,242,129,-1,129,242,243,-1,129,243,106,-1,106,243,244,-1,106,244,108,-1,108,244,245,-1,108,245,109,-1,109,245,246,-1,109,246,26,-1,27,26,247,-1,247,26,246,-1,27,247,248,-1,27,248,29,-1,29,248,249,-1,29,249,31,-1,31,249,250,-1,31,250,92,-1,92,250,251,-1,92,251,93,-1,93,251,252,-1,93,252,95,-1,252,253,95,-1,95,253,254,-1,95,254,97,-1,97,254,255,-1,97,255,99,-1,99,255,256,-1,99,256,101,-1,101,256,257,-1,101,257,103,-1,103,257,258,-1,103,258,104,-1,104,258,259,-1,104,259,63,-1,63,259,260,-1,63,260,65,-1,65,260,261,-1,65,261,67,-1,67,261,262,-1,67,262,69,-1,71,69,263,-1,263,69,262,-1,71,263,264,-1,71,264,140,-1,140,264,265,-1,140,265,137,-1,137,265,266,-1,137,266,151,-1,151,266,267,-1,151,267,145,-1,145,267,268,-1,145,268,146,-1,146,268,269,-1,146,269,148,-1,148,269,270,-1,148,270,149,-1,149,270,271,-1,149,271,150,-1,150,271,272,-1,150,272,147,-1,147,272,273,-1,147,273,142,-1,142,273,274,-1,142,274,143,-1,143,274,275,-1,143,275,144,-1,144,275,276,-1,144,276,138,-1,138,276,277,-1,138,277,139,-1,139,277,278,-1,139,278,141,-1,141,278,279,-1,141,279,72,-1,72,279,280,-1,72,280,70,-1,68,70,281,-1,281,70,280,-1,68,281,282,-1,68,282,66,-1,66,282,283,-1,66,283,64,-1,64,283,284,-1,64,284,62,-1,62,284,285,-1,62,285,102,-1,102,285,286,-1,102,286,100,-1,100,286,152,-1,100,152,98,-1,84,287,288,-1,84,288,86,-1,86,288,289,-1,86,289,88,-1,88,289,290,-1,88,290,90,-1,90,290,291,-1,90,291,91,-1,91,291,292,-1,91,292,58,-1,58,292,293,-1,58,293,59,-1,59,293,294,-1,59,294,60,-1,60,294,295,-1,60,295,61,-1,61,295,296,-1,61,296,44,-1,44,296,297,-1,44,297,45,-1,45,297,298,-1,45,298,46,-1,46,298,299,-1,46,299,48,-1,48,299,300,-1,48,300,50,-1,50,300,301,-1,50,301,52,-1,52,301,302,-1,52,302,54,-1,54,302,303,-1,54,303,56,-1,56,303,304,-1,56,304,57,-1,57,304,305,-1,57,305,23,-1,23,305,306,-1,23,306,9,-1,9,306,307,-1,9,307,10,-1,10,307,308,-1,10,308,73,-1,73,308,309,-1,73,309,74,-1,74,309,310,-1,74,310,76,-1,76,310,311,-1,76,311,78,-1,78,311,312,-1,78,312,80,-1,80,312,313,-1,80,313,82,-1,82,313,287,-1,82,287,84,-1,
        ]
    }
}
Shape{
    appearance Appearance {
        material  Material 	{
            diffuseColor 1.0 1.0 1.0
            specularColor 0.5019607843137255 0.5019607843137255 0.5019607843137255
            ambientIntensity 1.0
            transparency 0.0
            shininess 0.5
        }
    }
    geometry IndexedFaceSet {
        ccw TRUE
        solid FALSE
        coord DEF co Coordinate {
            point [
                5.1772 -2.8404 1.6905, 5.1772 -2.8871 1.819, 5.1772 -2.8946 1.8111, 5.1772 -2.8182 1.6929, 5.1772 -2.8017 1.6995, 5.1772 -2.8214 1.8367, 5.1772 -2.8372 1.8385, 5.1772 -2.8557 1.8361, 5.1772 -2.8723 1.8295, 5.1772 -2.9075 1.7412, 5.1772 -2.9 1.7253, 5.1772 -2.8891 1.7118, 5.1772 -2.8372 1.6904, 5.1772 -2.9044 1.7954, 5.1772 -2.91 1.7775, 5.1772 -2.911 1.759, 5.1772 -2.8746 1.7007, 5.1772 -2.8574 1.6933, 5.1772 -2.7873 1.7098, 5.1772 -2.777 1.7214, 5.1772 -2.7682 1.7377, 5.1772 -2.7636 1.7559, 5.1772 -2.7637 1.7733, 5.1772 -2.768 1.7909, 5.1772 -2.7763 1.8065, 5.1772 -2.7885 1.8201, 5.1772 -2.8037 1.8304
            ]
        }
        coordIndex [
            0,1,2,-1,3,4,5,-1,6,7,0,-1,0,7,8,-1,0,8,1,-1,9,10,2,-1,2,10,11,-1,6,0,5,-1,5,0,12,-1,5,12,3,-1,13,14,2,-1,2,14,15,-1,2,15,9,-1,11,16,2,-1,2,16,17,-1,2,17,0,-1,4,18,5,-1,5,18,19,-1,5,19,20,-1,20,21,5,-1,5,21,22,-1,5,22,23,-1,23,24,5,-1,5,24,25,-1,5,25,26,-1,
        ]
    }
}